[2026-09-24 02:13:29] local.ERROR: SQLSTATE[08006] [7] connection to server at "127.0.0.1", port 5432 failed: Connection refused (0x0000274D/10061)
	Is the server running on that host and accepting TCP/IP connections? (Connection: pgsql, Host: 127.0.0.1, Port: 5432, Database: ostgresql://postgres.zqosmlfxgiteassjxtwt:"hani932008@, SQL: select exists (select 1 from pg_class c, pg_namespace n where n.nspname = current_schema() and c.relname = 'migrations' and c.relkind in ('r', 'p') and n.oid = c.relnamespace)) {"exception":"[object] (Illuminate\\Database\\QueryException(code: 7): SQLSTATE[08006] [7] connection to server at \"127.0.0.1\", port 5432 failed: Connection refused (0x0000274D/10061)
\tIs the server running on that host and accepting TCP/IP connections? (Connection: pgsql, Host: 127.0.0.1, Port: 5432, Database: ostgresql://postgres.zqosmlfxgiteassjxtwt:\"hani932008@, SQL: select exists (select 1 from pg_class c, pg_namespace n where n.nspname = current_schema() and c.relname = 'migrations' and c.relkind in ('r', 'p') and n.oid = c.relnamespace)) at C:/laragon/www/16Hanynur/vendor/laravel/framework/src/Illuminate/Database/Connection.php:857)
[stacktrace]
#0 C:/laragon/www/16Hanynur/vendor/laravel/framework/src/Illuminate/Database/Connection.php(1038): Illuminate/Database/Connection->runQueryCallback('select exists (...', Array, Object(Closure))
#1 C:/laragon/www/16Hanynur/vendor/laravel/framework/src/Illuminate/Database/Connection.php(1017): Illuminate/Database/Connection->tryAgainIfCausedByLostConnection(Object(Illuminate/Database/QueryException), 'select exists (...', Array, Object(Closure))
#2 C:/laragon/www/16Hanynur/vendor/laravel/framework/src/Illuminate/Database/Connection.php(815): Illuminate/Database/Connection->handleQueryException(Object(Illuminate/Database/QueryException), 'select exists (...', Array, Object(Closure))
#3 C:/laragon/www/16Hanynur/vendor/laravel/framework/src/Illuminate/Database/Connection.php(426): Illuminate/Database/Connection->run('select exists (...', Array, Object(Closure))
#4 C:/laragon/www/16Hanynur/vendor/laravel/framework/src/Illuminate/Database/Connection.php(371): Illuminate/Database/Connection->select('select exists (...', Array, true)
#5 C:/laragon/www/16Hanynur/vendor/laravel/framework/src/Illuminate/Database/Connection.php(388): Illuminate/Database/Connection->selectOne('select exists (...', Array, true)
#6 C:/laragon/www/16Hanynur/vendor/laravel/framework/src/Illuminate/Database/Schema/Builder.php(176): Illuminate/Database/Connection->scalar('select exists (...')
#7 C:/laragon/www/16Hanynur/vendor/laravel/framework/src/Illuminate/Database/Migrations/DatabaseMigrationRepository.php(185): Illuminate/Database/Schema/Builder->hasTable('migrations')
#8 C:/laragon/www/16Hanynur/vendor/laravel/framework/src/Illuminate/Database/Migrations/Migrator.php(797): Illuminate/Database/Migrations/DatabaseMigrationRepository->repositoryExists()
#9 C:/laragon/www/16Hanynur/vendor/laravel/framework/src/Illuminate/Database/Console/Migrations/MigrateCommand.php(166): Illuminate/Database/Migrations/Migrator->repositoryExists()
#10 C:/laragon/www/16Hanynur/vendor/laravel/framework/src/Illuminate/Support/helpers.php(328): Illuminate/Database/Console/Migrations/MigrateCommand->{closure:Illuminate/Database/Console/Migrations/MigrateCommand::repositoryExists():166}(1)
#11 C:/laragon/www/16Hanynur/vendor/laravel/framework/src/Illuminate/Database/Console/Migrations/MigrateCommand.php(166): retry(1, Object(Closure), 0, Object(Closure))
#12 C:/laragon/www/16Hanynur/vendor/laravel/framework/src/Illuminate/Database/Console/Migrations/MigrateCommand.php(142): Illuminate/Database/Console/Migrations/MigrateCommand->repositoryExists()
#13 C:/laragon/www/16Hanynur/vendor/laravel/framework/src/Illuminate/Database/Console/Migrations/MigrateCommand.php(112): Illuminate/Database/Console/Migrations/MigrateCommand->prepareDatabase()
#14 C:/laragon/www/16Hanynur/vendor/laravel/framework/src/Illuminate/Database/Migrations/Migrator.php(672): Illuminate/Database/Console/Migrations/MigrateCommand->{closure:Illuminate/Database/Console/Migrations/MigrateCommand::runMigrations():111}()
#15 C:/laragon/www/16Hanynur/vendor/laravel/framework/src/Illuminate/Database/Console/Migrations/MigrateCommand.php(111): Illuminate/Database/Migrations/Migrator->usingConnection(NULL, Object(Closure))
#16 C:/laragon/www/16Hanynur/vendor/laravel/framework/src/Illuminate/Database/Console/Migrations/MigrateCommand.php(90): Illuminate/Database/Console/Migrations/MigrateCommand->runMigrations()
#17 C:/laragon/www/16Hanynur/vendor/laravel/framework/src/Illuminate/Container/BoundMethod.php(36): Illuminate/Database/Console/Migrations/MigrateCommand->handle()
#18 C:/laragon/www/16Hanynur/vendor/laravel/framework/src/Illuminate/Container/Util.php(43): Illuminate/Container/BoundMethod::{closure:Illuminate/Container/BoundMethod::call():35}()
#19 C:/laragon/www/16Hanynur/vendor/laravel/framework/src/Illuminate/Container/BoundMethod.php(96): Illuminate/Container/Util::unwrapIfClosure(Object(Closure))
#20 C:/laragon/www/16Hanynur/vendor/laravel/framework/src/Illuminate/Container/BoundMethod.php(35): Illuminate/Container/BoundMethod::callBoundMethod(Object(Illuminate/Foundation/Application), Array, Object(Closure))
#21 C:/laragon/www/16Hanynur/vendor/laravel/framework/src/Illuminate/Container/Container.php(803): Illuminate/Container/BoundMethod::call(Object(Illuminate/Foundation/Application), Array, Array, NULL)
#22 C:/laragon/www/16Hanynur/vendor/laravel/framework/src/Illuminate/Console/Command.php(292): Illuminate/Container/Container->call(Array)
#23 C:/laragon/www/16Hanynur/vendor/symfony/console/Command/Command.php(285): Illuminate/Console/Command->execute(Object(Symfony/Component/Console/Input/ArrayInput), Object(Illuminate/Console/OutputStyle))
#24 C:/laragon/www/16Hanynur/vendor/laravel/framework/src/Illuminate/Console/Command.php(261): Symfony/Component/Console/Command/Command->run(Object(Symfony/Component/Console/Input/ArrayInput), Object(Illuminate/Console/OutputStyle))
#25 C:/laragon/www/16Hanynur/vendor/laravel/framework/src/Illuminate/Console/Concerns/CallsCommands.php(68): Illuminate/Console/Command->run(Object(Symfony/Component/Console/Input/ArrayInput), Object(Illuminate/Console/OutputStyle))
#26 C:/laragon/www/16Hanynur/vendor/laravel/framework/src/Illuminate/Console/Concerns/CallsCommands.php(29): Illuminate/Console/Command->runCommand('migrate', Array, Object(Illuminate/Console/OutputStyle))
#27 C:/laragon/www/16Hanynur/vendor/laravel/framework/src/Illuminate/Database/Console/Migrations/FreshCommand.php(96): Illuminate/Console/Command->call('migrate', Array)
#28 C:/laragon/www/16Hanynur/vendor/laravel/framework/src/Illuminate/Container/BoundMethod.php(36): Illuminate/Database/Console/Migrations/FreshCommand->handle()
#29 C:/laragon/www/16Hanynur/vendor/laravel/framework/src/Illuminate/Container/Util.php(43): Illuminate/Container/BoundMethod::{closure:Illuminate/Container/BoundMethod::call():35}()
#30 C:/laragon/www/16Hanynur/vendor/laravel/framework/src/Illuminate/Container/BoundMethod.php(96): Illuminate/Container/Util::unwrapIfClosure(Object(Closure))
#31 C:/laragon/www/16Hanynur/vendor/laravel/framework/src/Illuminate/Container/BoundMethod.php(35): Illuminate/Container/BoundMethod::callBoundMethod(Object(Illuminate/Foundation/Application), Array, Object(Closure))
#32 C:/laragon/www/16Hanynur/vendor/laravel/framework/src/Illuminate/Container/Container.php(803): Illuminate/Container/BoundMethod::call(Object(Illuminate/Foundation/Application), Array, Array, NULL)
#33 C:/laragon/www/16Hanynur/vendor/laravel/framework/src/Illuminate/Console/Command.php(292): Illuminate/Container/Container->call(Array)
#34 C:/laragon/www/16Hanynur/vendor/symfony/console/Command/Command.php(285): Illuminate/Console/Command->execute(Object(Symfony/Component/Console/Input/ArgvInput), Object(Illuminate/Console/OutputStyle))
#35 C:/laragon/www/16Hanynur/vendor/laravel/framework/src/Illuminate/Console/Command.php(261): Symfony/Component/Console/Command/Command->run(Object(Symfony/Component/Console/Input/ArgvInput), Object(Illuminate/Console/OutputStyle))
#36 C:/laragon/www/16Hanynur/vendor/symfony/console/Application.php(1144): Illuminate/Console/Command->run(Object(Symfony/Component/Console/Input/ArgvInput), Object(Symfony/Component/Console/Output/ConsoleOutput))
#37 C:/laragon/www/16Hanynur/vendor/symfony/console/Application.php(379): Symfony/Component/Console/Application->doRunCommand(Object(Illuminate/Database/Console/Migrations/FreshCommand), Object(Symfony/Component/Console/Input/ArgvInput), Object(Symfony/Component/Console/Output/ConsoleOutput))
#38 C:/laragon/www/16Hanynur/vendor/symfony/console/Application.php(218): Symfony/Component/Console/Application->doRun(Object(Symfony/Component/Console/Input/ArgvInput), Object(Symfony/Component/Console/Output/ConsoleOutput))
#39 C:/laragon/www/16Hanynur/vendor/laravel/framework/src/Illuminate/Foundation/Console/Kernel.php(198): Symfony/Component/Console/Application->run(Object(Symfony/Component/Console/Input/ArgvInput), Object(Symfony/Component/Console/Output/ConsoleOutput))
#40 C:/laragon/www/16Hanynur/vendor/laravel/framework/src/Illuminate/Foundation/Application.php(1242): Illuminate/Foundation/Console/Kernel->handle(Object(Symfony/Component/Console/Input/ArgvInput), Object(Symfony/Component/Console/Output/ConsoleOutput))
#41 C:/laragon/www/16Hanynur/artisan(16): Illuminate/Foundation/Application->handleCommand(Object(Symfony/Component/Console/Input/ArgvInput))
#42 {main}

[previous exception] [object] (PDOException(code: 7): SQLSTATE[08006] [7] connection to server at \"127.0.0.1\", port 5432 failed: Connection refused (0x0000274D/10061)
\tIs the server running on that host and accepting TCP/IP connections? at C:/laragon/www/16Hanynur/vendor/laravel/framework/src/Illuminate/Database/Connectors/Connector.php:67)
[stacktrace]
#0 C:/laragon/www/16Hanynur/vendor/laravel/framework/src/Illuminate/Database/Connectors/Connector.php(67): PDO::connect('pgsql:host=127....', 'root', Object(SensitiveParameterValue), Array)
#1 C:/laragon/www/16Hanynur/vendor/laravel/framework/src/Illuminate/Database/Connectors/Connector.php(85): Illuminate/Database/Connectors/Connector->createPdoConnection('pgsql:host=127....', 'root', Object(SensitiveParameterValue), Array)
#2 C:/laragon/www/16Hanynur/vendor/laravel/framework/src/Illuminate/Database/Connectors/Connector.php(48): Illuminate/Database/Connectors/Connector->tryAgainIfCausedByLostConnection(Object(PDOException), 'pgsql:host=127....', 'root', Object(SensitiveParameterValue), Array)
#3 C:/laragon/www/16Hanynur/vendor/laravel/framework/src/Illuminate/Database/Connectors/PostgresConnector.php(35): Illuminate/Database/Connectors/Connector->createConnection('pgsql:host=127....', Array, Array)
#4 C:/laragon/www/16Hanynur/vendor/laravel/framework/src/Illuminate/Database/Connectors/ConnectionFactory.php(220): Illuminate/Database/Connectors/PostgresConnector->connect(Array)
#5 [internal function]: Illuminate/Database/Connectors/ConnectionFactory->{closure:Illuminate/Database/Connectors/ConnectionFactory::createPdoResolverWithHosts():213}()
#6 C:/laragon/www/16Hanynur/vendor/laravel/framework/src/Illuminate/Database/Connection.php(1298): call_user_func(Object(Closure))
#7 C:/laragon/www/16Hanynur/vendor/laravel/framework/src/Illuminate/Database/Connection.php(1336): Illuminate/Database/Connection->getPdo()
#8 C:/laragon/www/16Hanynur/vendor/laravel/framework/src/Illuminate/Database/Connection.php(542): Illuminate/Database/Connection->getReadPdo()
#9 C:/laragon/www/16Hanynur/vendor/laravel/framework/src/Illuminate/Database/Connection.php(435): Illuminate/Database/Connection->getPdoForSelect(true)
#10 C:/laragon/www/16Hanynur/vendor/laravel/framework/src/Illuminate/Database/Connection.php(846): Illuminate/Database/Connection->{closure:Illuminate/Database/Connection::select():426}('select exists (...', Array)
#11 C:/laragon/www/16Hanynur/vendor/laravel/framework/src/Illuminate/Database/Connection.php(1038): Illuminate/Database/Connection->runQueryCallback('select exists (...', Array, Object(Closure))
#12 C:/laragon/www/16Hanynur/vendor/laravel/framework/src/Illuminate/Database/Connection.php(1017): Illuminate/Database/Connection->tryAgainIfCausedByLostConnection(Object(Illuminate/Database/QueryException), 'select exists (...', Array, Object(Closure))
#13 C:/laragon/www/16Hanynur/vendor/laravel/framework/src/Illuminate/Database/Connection.php(815): Illuminate/Database/Connection->handleQueryException(Object(Illuminate/Database/QueryException), 'select exists (...', Array, Object(Closure))
#14 C:/laragon/www/16Hanynur/vendor/laravel/framework/src/Illuminate/Database/Connection.php(426): Illuminate/Database/Connection->run('select exists (...', Array, Object(Closure))
#15 C:/laragon/www/16Hanynur/vendor/laravel/framework/src/Illuminate/Database/Connection.php(371): Illuminate/Database/Connection->select('select exists (...', Array, true)
#16 C:/laragon/www/16Hanynur/vendor/laravel/framework/src/Illuminate/Database/Connection.php(388): Illuminate/Database/Connection->selectOne('select exists (...', Array, true)
#17 C:/laragon/www/16Hanynur/vendor/laravel/framework/src/Illuminate/Database/Schema/Builder.php(176): Illuminate/Database/Connection->scalar('select exists (...')
#18 C:/laragon/www/16Hanynur/vendor/laravel/framework/src/Illuminate/Database/Migrations/DatabaseMigrationRepository.php(185): Illuminate/Database/Schema/Builder->hasTable('migrations')
#19 C:/laragon/www/16Hanynur/vendor/laravel/framework/src/Illuminate/Database/Migrations/Migrator.php(797): Illuminate/Database/Migrations/DatabaseMigrationRepository->repositoryExists()
#20 C:/laragon/www/16Hanynur/vendor/laravel/framework/src/Illuminate/Database/Console/Migrations/MigrateCommand.php(166): Illuminate/Database/Migrations/Migrator->repositoryExists()
#21 C:/laragon/www/16Hanynur/vendor/laravel/framework/src/Illuminate/Support/helpers.php(328): Illuminate/Database/Console/Migrations/MigrateCommand->{closure:Illuminate/Database/Console/Migrations/MigrateCommand::repositoryExists():166}(1)
#22 C:/laragon/www/16Hanynur/vendor/laravel/framework/src/Illuminate/Database/Console/Migrations/MigrateCommand.php(166): retry(1, Object(Closure), 0, Object(Closure))
#23 C:/laragon/www/16Hanynur/vendor/laravel/framework/src/Illuminate/Database/Console/Migrations/MigrateCommand.php(142): Illuminate/Database/Console/Migrations/MigrateCommand->repositoryExists()
#24 C:/laragon/www/16Hanynur/vendor/laravel/framework/src/Illuminate/Database/Console/Migrations/MigrateCommand.php(112): Illuminate/Database/Console/Migrations/MigrateCommand->prepareDatabase()
#25 C:/laragon/www/16Hanynur/vendor/laravel/framework/src/Illuminate/Database/Migrations/Migrator.php(672): Illuminate/Database/Console/Migrations/MigrateCommand->{closure:Illuminate/Database/Console/Migrations/MigrateCommand::runMigrations():111}()
#26 C:/laragon/www/16Hanynur/vendor/laravel/framework/src/Illuminate/Database/Console/Migrations/MigrateCommand.php(111): Illuminate/Database/Migrations/Migrator->usingConnection(NULL, Object(Closure))
#27 C:/laragon/www/16Hanynur/vendor/laravel/framework/src/Illuminate/Database/Console/Migrations/MigrateCommand.php(90): Illuminate/Database/Console/Migrations/MigrateCommand->runMigrations()
#28 C:/laragon/www/16Hanynur/vendor/laravel/framework/src/Illuminate/Container/BoundMethod.php(36): Illuminate/Database/Console/Migrations/MigrateCommand->handle()
#29 C:/laragon/www/16Hanynur/vendor/laravel/framework/src/Illuminate/Container/Util.php(43): Illuminate/Container/BoundMethod::{closure:Illuminate/Container/BoundMethod::call():35}()
#30 C:/laragon/www/16Hanynur/vendor/laravel/framework/src/Illuminate/Container/BoundMethod.php(96): Illuminate/Container/Util::unwrapIfClosure(Object(Closure))
#31 C:/laragon/www/16Hanynur/vendor/laravel/framework/src/Illuminate/Container/BoundMethod.php(35): Illuminate/Container/BoundMethod::callBoundMethod(Object(Illuminate/Foundation/Application), Array, Object(Closure))
#32 C:/laragon/www/16Hanynur/vendor/laravel/framework/src/Illuminate/Container/Container.php(803): Illuminate/Container/BoundMethod::call(Object(Illuminate/Foundation/Application), Array, Array, NULL)
#33 C:/laragon/www/16Hanynur/vendor/laravel/framework/src/Illuminate/Console/Command.php(292): Illuminate/Container/Container->call(Array)
#34 C:/laragon/www/16Hanynur/vendor/symfony/console/Command/Command.php(285): Illuminate/Console/Command->execute(Object(Symfony/Component/Console/Input/ArrayInput), Object(Illuminate/Console/OutputStyle))
#35 C:/laragon/www/16Hanynur/vendor/laravel/framework/src/Illuminate/Console/Command.php(261): Symfony/Component/Console/Command/Command->run(Object(Symfony/Component/Console/Input/ArrayInput), Object(Illuminate/Console/OutputStyle))
#36 C:/laragon/www/16Hanynur/vendor/laravel/framework/src/Illuminate/Console/Concerns/CallsCommands.php(68): Illuminate/Console/Command->run(Object(Symfony/Component/Console/Input/ArrayInput), Object(Illuminate/Console/OutputStyle))
#37 C:/laragon/www/16Hanynur/vendor/laravel/framework/src/Illuminate/Console/Concerns/CallsCommands.php(29): Illuminate/Console/Command->runCommand('migrate', Array, Object(Illuminate/Console/OutputStyle))
#38 C:/laragon/www/16Hanynur/vendor/laravel/framework/src/Illuminate/Database/Console/Migrations/FreshCommand.php(96): Illuminate/Console/Command->call('migrate', Array)
#39 C:/laragon/www/16Hanynur/vendor/laravel/framework/src/Illuminate/Container/BoundMethod.php(36): Illuminate/Database/Console/Migrations/FreshCommand->handle()
#40 C:/laragon/www/16Hanynur/vendor/laravel/framework/src/Illuminate/Container/Util.php(43): Illuminate/Container/BoundMethod::{closure:Illuminate/Container/BoundMethod::call():35}()
#41 C:/laragon/www/16Hanynur/vendor/laravel/framework/src/Illuminate/Container/BoundMethod.php(96): Illuminate/Container/Util::unwrapIfClosure(Object(Closure))
#42 C:/laragon/www/16Hanynur/vendor/laravel/framework/src/Illuminate/Container/BoundMethod.php(35): Illuminate/Container/BoundMethod::callBoundMethod(Object(Illuminate/Foundation/Application), Array, Object(Closure))
#43 C:/laragon/www/16Hanynur/vendor/laravel/framework/src/Illuminate/Container/Container.php(803): Illuminate/Container/BoundMethod::call(Object(Illuminate/Foundation/Application), Array, Array, NULL)
#44 C:/laragon/www/16Hanynur/vendor/laravel/framework/src/Illuminate/Console/Command.php(292): Illuminate/Container/Container->call(Array)
#45 C:/laragon/www/16Hanynur/vendor/symfony/console/Command/Command.php(285): Illuminate/Console/Command->execute(Object(Symfony/Component/Console/Input/ArgvInput), Object(Illuminate/Console/OutputStyle))
#46 C:/laragon/www/16Hanynur/vendor/laravel/framework/src/Illuminate/Console/Command.php(261): Symfony/Component/Console/Command/Command->run(Object(Symfony/Component/Console/Input/ArgvInput), Object(Illuminate/Console/OutputStyle))
#47 C:/laragon/www/16Hanynur/vendor/symfony/console/Application.php(1144): Illuminate/Console/Command->run(Object(Symfony/Component/Console/Input/ArgvInput), Object(Symfony/Component/Console/Output/ConsoleOutput))
#48 C:/laragon/www/16Hanynur/vendor/symfony/console/Application.php(379): Symfony/Component/Console/Application->doRunCommand(Object(Illuminate/Database/Console/Migrations/FreshCommand), Object(Symfony/Component/Console/Input/ArgvInput), Object(Symfony/Component/Console/Output/ConsoleOutput))
#49 C:/laragon/www/16Hanynur/vendor/symfony/console/Application.php(218): Symfony/Component/Console/Application->doRun(Object(Symfony/Component/Console/Input/ArgvInput), Object(Symfony/Component/Console/Output/ConsoleOutput))
#50 C:/laragon/www/16Hanynur/vendor/laravel/framework/src/Illuminate/Foundation/Console/Kernel.php(198): Symfony/Component/Console/Application->run(Object(Symfony/Component/Console/Input/ArgvInput), Object(Symfony/Component/Console/Output/ConsoleOutput))
#51 C:/laragon/www/16Hanynur/vendor/laravel/framework/src/Illuminate/Foundation/Application.php(1242): Illuminate/Foundation/Console/Kernel->handle(Object(Symfony/Component/Console/Input/ArgvInput), Object(Symfony/Component/Console/Output/ConsoleOutput))
#52 C:/laragon/www/16Hanynur/artisan(16): Illuminate/Foundation/Application->handleCommand(Object(Symfony/Component/Console/Input/ArgvInput))
#53 {main}
"} 
[2026-09-24 02:14:21] local.ERROR: SQLSTATE[08006] [7] connection to server at "127.0.0.1", port 5432 failed: Connection refused (0x0000274D/10061)
	Is the server running on that host and accepting TCP/IP connections? (Connection: pgsql, Host: 127.0.0.1, Port: 5432, Database: ostgresql://postgres.zqosmlfxgiteassjxtwt:"hani932008@, SQL: select exists (select 1 from pg_class c, pg_namespace n where n.nspname = current_schema() and c.relname = 'migrations' and c.relkind in ('r', 'p') and n.oid = c.relnamespace)) {"exception":"[object] (Illuminate\\Database\\QueryException(code: 7): SQLSTATE[08006] [7] connection to server at \"127.0.0.1\", port 5432 failed: Connection refused (0x0000274D/10061)
\tIs the server running on that host and accepting TCP/IP connections? (Connection: pgsql, Host: 127.0.0.1, Port: 5432, Database: ostgresql://postgres.zqosmlfxgiteassjxtwt:\"hani932008@, SQL: select exists (select 1 from pg_class c, pg_namespace n where n.nspname = current_schema() and c.relname = 'migrations' and c.relkind in ('r', 'p') and n.oid = c.relnamespace)) at C:/laragon/www/16Hanynur/vendor/laravel/framework/src/Illuminate/Database/Connection.php:857)
[stacktrace]
#0 C:/laragon/www/16Hanynur/vendor/laravel/framework/src/Illuminate/Database/Connection.php(1038): Illuminate/Database/Connection->runQueryCallback('select exists (...', Array, Object(Closure))
#1 C:/laragon/www/16Hanynur/vendor/laravel/framework/src/Illuminate/Database/Connection.php(1017): Illuminate/Database/Connection->tryAgainIfCausedByLostConnection(Object(Illuminate/Database/QueryException), 'select exists (...', Array, Object(Closure))
#2 C:/laragon/www/16Hanynur/vendor/laravel/framework/src/Illuminate/Database/Connection.php(815): Illuminate/Database/Connection->handleQueryException(Object(Illuminate/Database/QueryException), 'select exists (...', Array, Object(Closure))
#3 C:/laragon/www/16Hanynur/vendor/laravel/framework/src/Illuminate/Database/Connection.php(426): Illuminate/Database/Connection->run('select exists (...', Array, Object(Closure))
#4 C:/laragon/www/16Hanynur/vendor/laravel/framework/src/Illuminate/Database/Connection.php(371): Illuminate/Database/Connection->select('select exists (...', Array, true)
#5 C:/laragon/www/16Hanynur/vendor/laravel/framework/src/Illuminate/Database/Connection.php(388): Illuminate/Database/Connection->selectOne('select exists (...', Array, true)
#6 C:/laragon/www/16Hanynur/vendor/laravel/framework/src/Illuminate/Database/Schema/Builder.php(176): Illuminate/Database/Connection->scalar('select exists (...')
#7 C:/laragon/www/16Hanynur/vendor/laravel/framework/src/Illuminate/Database/Migrations/DatabaseMigrationRepository.php(185): Illuminate/Database/Schema/Builder->hasTable('migrations')
#8 C:/laragon/www/16Hanynur/vendor/laravel/framework/src/Illuminate/Database/Migrations/Migrator.php(797): Illuminate/Database/Migrations/DatabaseMigrationRepository->repositoryExists()
#9 C:/laragon/www/16Hanynur/vendor/laravel/framework/src/Illuminate/Database/Console/Migrations/MigrateCommand.php(166): Illuminate/Database/Migrations/Migrator->repositoryExists()
#10 C:/laragon/www/16Hanynur/vendor/laravel/framework/src/Illuminate/Support/helpers.php(328): Illuminate/Database/Console/Migrations/MigrateCommand->{closure:Illuminate/Database/Console/Migrations/MigrateCommand::repositoryExists():166}(1)
#11 C:/laragon/www/16Hanynur/vendor/laravel/framework/src/Illuminate/Database/Console/Migrations/MigrateCommand.php(166): retry(1, Object(Closure), 0, Object(Closure))
#12 C:/laragon/www/16Hanynur/vendor/laravel/framework/src/Illuminate/Database/Console/Migrations/MigrateCommand.php(142): Illuminate/Database/Console/Migrations/MigrateCommand->repositoryExists()
#13 C:/laragon/www/16Hanynur/vendor/laravel/framework/src/Illuminate/Database/Console/Migrations/MigrateCommand.php(112): Illuminate/Database/Console/Migrations/MigrateCommand->prepareDatabase()
#14 C:/laragon/www/16Hanynur/vendor/laravel/framework/src/Illuminate/Database/Migrations/Migrator.php(672): Illuminate/Database/Console/Migrations/MigrateCommand->{closure:Illuminate/Database/Console/Migrations/MigrateCommand::runMigrations():111}()
#15 C:/laragon/www/16Hanynur/vendor/laravel/framework/src/Illuminate/Database/Console/Migrations/MigrateCommand.php(111): Illuminate/Database/Migrations/Migrator->usingConnection(NULL, Object(Closure))
#16 C:/laragon/www/16Hanynur/vendor/laravel/framework/src/Illuminate/Database/Console/Migrations/MigrateCommand.php(90): Illuminate/Database/Console/Migrations/MigrateCommand->runMigrations()
#17 C:/laragon/www/16Hanynur/vendor/laravel/framework/src/Illuminate/Container/BoundMethod.php(36): Illuminate/Database/Console/Migrations/MigrateCommand->handle()
#18 C:/laragon/www/16Hanynur/vendor/laravel/framework/src/Illuminate/Container/Util.php(43): Illuminate/Container/BoundMethod::{closure:Illuminate/Container/BoundMethod::call():35}()
#19 C:/laragon/www/16Hanynur/vendor/laravel/framework/src/Illuminate/Container/BoundMethod.php(96): Illuminate/Container/Util::unwrapIfClosure(Object(Closure))
#20 C:/laragon/www/16Hanynur/vendor/laravel/framework/src/Illuminate/Container/BoundMethod.php(35): Illuminate/Container/BoundMethod::callBoundMethod(Object(Illuminate/Foundation/Application), Array, Object(Closure))
#21 C:/laragon/www/16Hanynur/vendor/laravel/framework/src/Illuminate/Container/Container.php(803): Illuminate/Container/BoundMethod::call(Object(Illuminate/Foundation/Application), Array, Array, NULL)
#22 C:/laragon/www/16Hanynur/vendor/laravel/framework/src/Illuminate/Console/Command.php(292): Illuminate/Container/Container->call(Array)
#23 C:/laragon/www/16Hanynur/vendor/symfony/console/Command/Command.php(285): Illuminate/Console/Command->execute(Object(Symfony/Component/Console/Input/ArrayInput), Object(Illuminate/Console/OutputStyle))
#24 C:/laragon/www/16Hanynur/vendor/laravel/framework/src/Illuminate/Console/Command.php(261): Symfony/Component/Console/Command/Command->run(Object(Symfony/Component/Console/Input/ArrayInput), Object(Illuminate/Console/OutputStyle))
#25 C:/laragon/www/16Hanynur/vendor/laravel/framework/src/Illuminate/Console/Concerns/CallsCommands.php(68): Illuminate/Console/Command->run(Object(Symfony/Component/Console/Input/ArrayInput), Object(Illuminate/Console/OutputStyle))
#26 C:/laragon/www/16Hanynur/vendor/laravel/framework/src/Illuminate/Console/Concerns/CallsCommands.php(29): Illuminate/Console/Command->runCommand('migrate', Array, Object(Illuminate/Console/OutputStyle))
#27 C:/laragon/www/16Hanynur/vendor/laravel/framework/src/Illuminate/Database/Console/Migrations/FreshCommand.php(96): Illuminate/Console/Command->call('migrate', Array)
#28 C:/laragon/www/16Hanynur/vendor/laravel/framework/src/Illuminate/Container/BoundMethod.php(36): Illuminate/Database/Console/Migrations/FreshCommand->handle()
#29 C:/laragon/www/16Hanynur/vendor/laravel/framework/src/Illuminate/Container/Util.php(43): Illuminate/Container/BoundMethod::{closure:Illuminate/Container/BoundMethod::call():35}()
#30 C:/laragon/www/16Hanynur/vendor/laravel/framework/src/Illuminate/Container/BoundMethod.php(96): Illuminate/Container/Util::unwrapIfClosure(Object(Closure))
#31 C:/laragon/www/16Hanynur/vendor/laravel/framework/src/Illuminate/Container/BoundMethod.php(35): Illuminate/Container/BoundMethod::callBoundMethod(Object(Illuminate/Foundation/Application), Array, Object(Closure))
#32 C:/laragon/www/16Hanynur/vendor/laravel/framework/src/Illuminate/Container/Container.php(803): Illuminate/Container/BoundMethod::call(Object(Illuminate/Foundation/Application), Array, Array, NULL)
#33 C:/laragon/www/16Hanynur/vendor/laravel/framework/src/Illuminate/Console/Command.php(292): Illuminate/Container/Container->call(Array)
#34 C:/laragon/www/16Hanynur/vendor/symfony/console/Command/Command.php(285): Illuminate/Console/Command->execute(Object(Symfony/Component/Console/Input/ArgvInput), Object(Illuminate/Console/OutputStyle))
#35 C:/laragon/www/16Hanynur/vendor/laravel/framework/src/Illuminate/Console/Command.php(261): Symfony/Component/Console/Command/Command->run(Object(Symfony/Component/Console/Input/ArgvInput), Object(Illuminate/Console/OutputStyle))
#36 C:/laragon/www/16Hanynur/vendor/symfony/console/Application.php(1144): Illuminate/Console/Command->run(Object(Symfony/Component/Console/Input/ArgvInput), Object(Symfony/Component/Console/Output/ConsoleOutput))
#37 C:/laragon/www/16Hanynur/vendor/symfony/console/Application.php(379): Symfony/Component/Console/Application->doRunCommand(Object(Illuminate/Database/Console/Migrations/FreshCommand), Object(Symfony/Component/Console/Input/ArgvInput), Object(Symfony/Component/Console/Output/ConsoleOutput))
#38 C:/laragon/www/16Hanynur/vendor/symfony/console/Application.php(218): Symfony/Component/Console/Application->doRun(Object(Symfony/Component/Console/Input/ArgvInput), Object(Symfony/Component/Console/Output/ConsoleOutput))
#39 C:/laragon/www/16Hanynur/vendor/laravel/framework/src/Illuminate/Foundation/Console/Kernel.php(198): Symfony/Component/Console/Application->run(Object(Symfony/Component/Console/Input/ArgvInput), Object(Symfony/Component/Console/Output/ConsoleOutput))
#40 C:/laragon/www/16Hanynur/vendor/laravel/framework/src/Illuminate/Foundation/Application.php(1242): Illuminate/Foundation/Console/Kernel->handle(Object(Symfony/Component/Console/Input/ArgvInput), Object(Symfony/Component/Console/Output/ConsoleOutput))
#41 C:/laragon/www/16Hanynur/artisan(16): Illuminate/Foundation/Application->handleCommand(Object(Symfony/Component/Console/Input/ArgvInput))
#42 {main}

[previous exception] [object] (PDOException(code: 7): SQLSTATE[08006] [7] connection to server at \"127.0.0.1\", port 5432 failed: Connection refused (0x0000274D/10061)
\tIs the server running on that host and accepting TCP/IP connections? at C:/laragon/www/16Hanynur/vendor/laravel/framework/src/Illuminate/Database/Connectors/Connector.php:67)
[stacktrace]
#0 C:/laragon/www/16Hanynur/vendor/laravel/framework/src/Illuminate/Database/Connectors/Connector.php(67): PDO::connect('pgsql:host=127....', 'root', Object(SensitiveParameterValue), Array)
#1 C:/laragon/www/16Hanynur/vendor/laravel/framework/src/Illuminate/Database/Connectors/Connector.php(85): Illuminate/Database/Connectors/Connector->createPdoConnection('pgsql:host=127....', 'root', Object(SensitiveParameterValue), Array)
#2 C:/laragon/www/16Hanynur/vendor/laravel/framework/src/Illuminate/Database/Connectors/Connector.php(48): Illuminate/Database/Connectors/Connector->tryAgainIfCausedByLostConnection(Object(PDOException), 'pgsql:host=127....', 'root', Object(SensitiveParameterValue), Array)
#3 C:/laragon/www/16Hanynur/vendor/laravel/framework/src/Illuminate/Database/Connectors/PostgresConnector.php(35): Illuminate/Database/Connectors/Connector->createConnection('pgsql:host=127....', Array, Array)
#4 C:/laragon/www/16Hanynur/vendor/laravel/framework/src/Illuminate/Database/Connectors/ConnectionFactory.php(220): Illuminate/Database/Connectors/PostgresConnector->connect(Array)
#5 [internal function]: Illuminate/Database/Connectors/ConnectionFactory->{closure:Illuminate/Database/Connectors/ConnectionFactory::createPdoResolverWithHosts():213}()
#6 C:/laragon/www/16Hanynur/vendor/laravel/framework/src/Illuminate/Database/Connection.php(1298): call_user_func(Object(Closure))
#7 C:/laragon/www/16Hanynur/vendor/laravel/framework/src/Illuminate/Database/Connection.php(1336): Illuminate/Database/Connection->getPdo()
#8 C:/laragon/www/16Hanynur/vendor/laravel/framework/src/Illuminate/Database/Connection.php(542): Illuminate/Database/Connection->getReadPdo()
#9 C:/laragon/www/16Hanynur/vendor/laravel/framework/src/Illuminate/Database/Connection.php(435): Illuminate/Database/Connection->getPdoForSelect(true)
#10 C:/laragon/www/16Hanynur/vendor/laravel/framework/src/Illuminate/Database/Connection.php(846): Illuminate/Database/Connection->{closure:Illuminate/Database/Connection::select():426}('select exists (...', Array)
#11 C:/laragon/www/16Hanynur/vendor/laravel/framework/src/Illuminate/Database/Connection.php(1038): Illuminate/Database/Connection->runQueryCallback('select exists (...', Array, Object(Closure))
#12 C:/laragon/www/16Hanynur/vendor/laravel/framework/src/Illuminate/Database/Connection.php(1017): Illuminate/Database/Connection->tryAgainIfCausedByLostConnection(Object(Illuminate/Database/QueryException), 'select exists (...', Array, Object(Closure))
#13 C:/laragon/www/16Hanynur/vendor/laravel/framework/src/Illuminate/Database/Connection.php(815): Illuminate/Database/Connection->handleQueryException(Object(Illuminate/Database/QueryException), 'select exists (...', Array, Object(Closure))
#14 C:/laragon/www/16Hanynur/vendor/laravel/framework/src/Illuminate/Database/Connection.php(426): Illuminate/Database/Connection->run('select exists (...', Array, Object(Closure))
#15 C:/laragon/www/16Hanynur/vendor/laravel/framework/src/Illuminate/Database/Connection.php(371): Illuminate/Database/Connection->select('select exists (...', Array, true)
#16 C:/laragon/www/16Hanynur/vendor/laravel/framework/src/Illuminate/Database/Connection.php(388): Illuminate/Database/Connection->selectOne('select exists (...', Array, true)
#17 C:/laragon/www/16Hanynur/vendor/laravel/framework/src/Illuminate/Database/Schema/Builder.php(176): Illuminate/Database/Connection->scalar('select exists (...')
#18 C:/laragon/www/16Hanynur/vendor/laravel/framework/src/Illuminate/Database/Migrations/DatabaseMigrationRepository.php(185): Illuminate/Database/Schema/Builder->hasTable('migrations')
#19 C:/laragon/www/16Hanynur/vendor/laravel/framework/src/Illuminate/Database/Migrations/Migrator.php(797): Illuminate/Database/Migrations/DatabaseMigrationRepository->repositoryExists()
#20 C:/laragon/www/16Hanynur/vendor/laravel/framework/src/Illuminate/Database/Console/Migrations/MigrateCommand.php(166): Illuminate/Database/Migrations/Migrator->repositoryExists()
#21 C:/laragon/www/16Hanynur/vendor/laravel/framework/src/Illuminate/Support/helpers.php(328): Illuminate/Database/Console/Migrations/MigrateCommand->{closure:Illuminate/Database/Console/Migrations/MigrateCommand::repositoryExists():166}(1)
#22 C:/laragon/www/16Hanynur/vendor/laravel/framework/src/Illuminate/Database/Console/Migrations/MigrateCommand.php(166): retry(1, Object(Closure), 0, Object(Closure))
#23 C:/laragon/www/16Hanynur/vendor/laravel/framework/src/Illuminate/Database/Console/Migrations/MigrateCommand.php(142): Illuminate/Database/Console/Migrations/MigrateCommand->repositoryExists()
#24 C:/laragon/www/16Hanynur/vendor/laravel/framework/src/Illuminate/Database/Console/Migrations/MigrateCommand.php(112): Illuminate/Database/Console/Migrations/MigrateCommand->prepareDatabase()
#25 C:/laragon/www/16Hanynur/vendor/laravel/framework/src/Illuminate/Database/Migrations/Migrator.php(672): Illuminate/Database/Console/Migrations/MigrateCommand->{closure:Illuminate/Database/Console/Migrations/MigrateCommand::runMigrations():111}()
#26 C:/laragon/www/16Hanynur/vendor/laravel/framework/src/Illuminate/Database/Console/Migrations/MigrateCommand.php(111): Illuminate/Database/Migrations/Migrator->usingConnection(NULL, Object(Closure))
#27 C:/laragon/www/16Hanynur/vendor/laravel/framework/src/Illuminate/Database/Console/Migrations/MigrateCommand.php(90): Illuminate/Database/Console/Migrations/MigrateCommand->runMigrations()
#28 C:/laragon/www/16Hanynur/vendor/laravel/framework/src/Illuminate/Container/BoundMethod.php(36): Illuminate/Database/Console/Migrations/MigrateCommand->handle()
#29 C:/laragon/www/16Hanynur/vendor/laravel/framework/src/Illuminate/Container/Util.php(43): Illuminate/Container/BoundMethod::{closure:Illuminate/Container/BoundMethod::call():35}()
#30 C:/laragon/www/16Hanynur/vendor/laravel/framework/src/Illuminate/Container/BoundMethod.php(96): Illuminate/Container/Util::unwrapIfClosure(Object(Closure))
#31 C:/laragon/www/16Hanynur/vendor/laravel/framework/src/Illuminate/Container/BoundMethod.php(35): Illuminate/Container/BoundMethod::callBoundMethod(Object(Illuminate/Foundation/Application), Array, Object(Closure))
#32 C:/laragon/www/16Hanynur/vendor/laravel/framework/src/Illuminate/Container/Container.php(803): Illuminate/Container/BoundMethod::call(Object(Illuminate/Foundation/Application), Array, Array, NULL)
#33 C:/laragon/www/16Hanynur/vendor/laravel/framework/src/Illuminate/Console/Command.php(292): Illuminate/Container/Container->call(Array)
#34 C:/laragon/www/16Hanynur/vendor/symfony/console/Command/Command.php(285): Illuminate/Console/Command->execute(Object(Symfony/Component/Console/Input/ArrayInput), Object(Illuminate/Console/OutputStyle))
#35 C:/laragon/www/16Hanynur/vendor/laravel/framework/src/Illuminate/Console/Command.php(261): Symfony/Component/Console/Command/Command->run(Object(Symfony/Component/Console/Input/ArrayInput), Object(Illuminate/Console/OutputStyle))
#36 C:/laragon/www/16Hanynur/vendor/laravel/framework/src/Illuminate/Console/Concerns/CallsCommands.php(68): Illuminate/Console/Command->run(Object(Symfony/Component/Console/Input/ArrayInput), Object(Illuminate/Console/OutputStyle))
#37 C:/laragon/www/16Hanynur/vendor/laravel/framework/src/Illuminate/Console/Concerns/CallsCommands.php(29): Illuminate/Console/Command->runCommand('migrate', Array, Object(Illuminate/Console/OutputStyle))
#38 C:/laragon/www/16Hanynur/vendor/laravel/framework/src/Illuminate/Database/Console/Migrations/FreshCommand.php(96): Illuminate/Console/Command->call('migrate', Array)
#39 C:/laragon/www/16Hanynur/vendor/laravel/framework/src/Illuminate/Container/BoundMethod.php(36): Illuminate/Database/Console/Migrations/FreshCommand->handle()
#40 C:/laragon/www/16Hanynur/vendor/laravel/framework/src/Illuminate/Container/Util.php(43): Illuminate/Container/BoundMethod::{closure:Illuminate/Container/BoundMethod::call():35}()
#41 C:/laragon/www/16Hanynur/vendor/laravel/framework/src/Illuminate/Container/BoundMethod.php(96): Illuminate/Container/Util::unwrapIfClosure(Object(Closure))
#42 C:/laragon/www/16Hanynur/vendor/laravel/framework/src/Illuminate/Container/BoundMethod.php(35): Illuminate/Container/BoundMethod::callBoundMethod(Object(Illuminate/Foundation/Application), Array, Object(Closure))
#43 C:/laragon/www/16Hanynur/vendor/laravel/framework/src/Illuminate/Container/Container.php(803): Illuminate/Container/BoundMethod::call(Object(Illuminate/Foundation/Application), Array, Array, NULL)
#44 C:/laragon/www/16Hanynur/vendor/laravel/framework/src/Illuminate/Console/Command.php(292): Illuminate/Container/Container->call(Array)
#45 C:/laragon/www/16Hanynur/vendor/symfony/console/Command/Command.php(285): Illuminate/Console/Command->execute(Object(Symfony/Component/Console/Input/ArgvInput), Object(Illuminate/Console/OutputStyle))
#46 C:/laragon/www/16Hanynur/vendor/laravel/framework/src/Illuminate/Console/Command.php(261): Symfony/Component/Console/Command/Command->run(Object(Symfony/Component/Console/Input/ArgvInput), Object(Illuminate/Console/OutputStyle))
#47 C:/laragon/www/16Hanynur/vendor/symfony/console/Application.php(1144): Illuminate/Console/Command->run(Object(Symfony/Component/Console/Input/ArgvInput), Object(Symfony/Component/Console/Output/ConsoleOutput))
#48 C:/laragon/www/16Hanynur/vendor/symfony/console/Application.php(379): Symfony/Component/Console/Application->doRunCommand(Object(Illuminate/Database/Console/Migrations/FreshCommand), Object(Symfony/Component/Console/Input/ArgvInput), Object(Symfony/Component/Console/Output/ConsoleOutput))
#49 C:/laragon/www/16Hanynur/vendor/symfony/console/Application.php(218): Symfony/Component/Console/Application->doRun(Object(Symfony/Component/Console/Input/ArgvInput), Object(Symfony/Component/Console/Output/ConsoleOutput))
#50 C:/laragon/www/16Hanynur/vendor/laravel/framework/src/Illuminate/Foundation/Console/Kernel.php(198): Symfony/Component/Console/Application->run(Object(Symfony/Component/Console/Input/ArgvInput), Object(Symfony/Component/Console/Output/ConsoleOutput))
#51 C:/laragon/www/16Hanynur/vendor/laravel/framework/src/Illuminate/Foundation/Application.php(1242): Illuminate/Foundation/Console/Kernel->handle(Object(Symfony/Component/Console/Input/ArgvInput), Object(Symfony/Component/Console/Output/ConsoleOutput))
#52 C:/laragon/www/16Hanynur/artisan(16): Illuminate/Foundation/Application->handleCommand(Object(Symfony/Component/Console/Input/ArgvInput))
#53 {main}
"} 
[2026-09-24 02:21:16] local.ERROR: The database configuration URL is malformed. {"exception":"[object] (InvalidArgumentException(code: 0): The database configuration URL is malformed. at C:/laragon/www/16Hanynur/vendor/laravel/framework/src/Illuminate/Support/ConfigurationUrlParser.php:148)
[stacktrace]
#0 C:/laragon/www/16Hanynur/vendor/laravel/framework/src/Illuminate/Support/ConfigurationUrlParser.php(51): Illuminate/Support/ConfigurationUrlParser->parseUrl('postgresql://po...')
#1 C:/laragon/www/16Hanynur/vendor/laravel/framework/src/Illuminate/Database/DatabaseManager.php(230): Illuminate/Support/ConfigurationUrlParser->parseConfiguration(Array)
#2 C:/laragon/www/16Hanynur/vendor/laravel/framework/src/Illuminate/Database/DatabaseManager.php(192): Illuminate/Database/DatabaseManager->configuration('pgsql')
#3 C:/laragon/www/16Hanynur/vendor/laravel/framework/src/Illuminate/Database/DatabaseManager.php(103): Illuminate/Database/DatabaseManager->makeConnection('pgsql')
#4 C:/laragon/www/16Hanynur/vendor/laravel/framework/src/Illuminate/Database/Migrations/Migrator.php(747): Illuminate/Database/DatabaseManager->connection('pgsql')
#5 C:/laragon/www/16Hanynur/vendor/laravel/framework/src/Illuminate/Database/Migrations/Migrator.php(691): Illuminate/Database/Migrations/Migrator->directConnectionName('pgsql')
#6 C:/laragon/www/16Hanynur/vendor/laravel/framework/src/Illuminate/Database/Migrations/Migrator.php(669): Illuminate/Database/Migrations/Migrator->setConnection(NULL)
#7 C:/laragon/www/16Hanynur/vendor/laravel/framework/src/Illuminate/Database/Console/Migrations/FreshCommand.php(75): Illuminate/Database/Migrations/Migrator->usingConnection(NULL, Object(Closure))
#8 C:/laragon/www/16Hanynur/vendor/laravel/framework/src/Illuminate/Container/BoundMethod.php(36): Illuminate/Database/Console/Migrations/FreshCommand->handle()
#9 C:/laragon/www/16Hanynur/vendor/laravel/framework/src/Illuminate/Container/Util.php(43): Illuminate/Container/BoundMethod::{closure:Illuminate/Container/BoundMethod::call():35}()
#10 C:/laragon/www/16Hanynur/vendor/laravel/framework/src/Illuminate/Container/BoundMethod.php(96): Illuminate/Container/Util::unwrapIfClosure(Object(Closure))
#11 C:/laragon/www/16Hanynur/vendor/laravel/framework/src/Illuminate/Container/BoundMethod.php(35): Illuminate/Container/BoundMethod::callBoundMethod(Object(Illuminate/Foundation/Application), Array, Object(Closure))
#12 C:/laragon/www/16Hanynur/vendor/laravel/framework/src/Illuminate/Container/Container.php(803): Illuminate/Container/BoundMethod::call(Object(Illuminate/Foundation/Application), Array, Array, NULL)
#13 C:/laragon/www/16Hanynur/vendor/laravel/framework/src/Illuminate/Console/Command.php(292): Illuminate/Container/Container->call(Array)
#14 C:/laragon/www/16Hanynur/vendor/symfony/console/Command/Command.php(285): Illuminate/Console/Command->execute(Object(Symfony/Component/Console/Input/ArgvInput), Object(Illuminate/Console/OutputStyle))
#15 C:/laragon/www/16Hanynur/vendor/laravel/framework/src/Illuminate/Console/Command.php(261): Symfony/Component/Console/Command/Command->run(Object(Symfony/Component/Console/Input/ArgvInput), Object(Illuminate/Console/OutputStyle))
#16 C:/laragon/www/16Hanynur/vendor/symfony/console/Application.php(1144): Illuminate/Console/Command->run(Object(Symfony/Component/Console/Input/ArgvInput), Object(Symfony/Component/Console/Output/ConsoleOutput))
#17 C:/laragon/www/16Hanynur/vendor/symfony/console/Application.php(379): Symfony/Component/Console/Application->doRunCommand(Object(Illuminate/Database/Console/Migrations/FreshCommand), Object(Symfony/Component/Console/Input/ArgvInput), Object(Symfony/Component/Console/Output/ConsoleOutput))
#18 C:/laragon/www/16Hanynur/vendor/symfony/console/Application.php(218): Symfony/Component/Console/Application->doRun(Object(Symfony/Component/Console/Input/ArgvInput), Object(Symfony/Component/Console/Output/ConsoleOutput))
#19 C:/laragon/www/16Hanynur/vendor/laravel/framework/src/Illuminate/Foundation/Console/Kernel.php(198): Symfony/Component/Console/Application->run(Object(Symfony/Component/Console/Input/ArgvInput), Object(Symfony/Component/Console/Output/ConsoleOutput))
#20 C:/laragon/www/16Hanynur/vendor/laravel/framework/src/Illuminate/Foundation/Application.php(1242): Illuminate/Foundation/Console/Kernel->handle(Object(Symfony/Component/Console/Input/ArgvInput), Object(Symfony/Component/Console/Output/ConsoleOutput))
#21 C:/laragon/www/16Hanynur/artisan(16): Illuminate/Foundation/Application->handleCommand(Object(Symfony/Component/Console/Input/ArgvInput))
#22 {main}
"} 
[2026-09-24 02:21:38] local.ERROR: The database configuration URL is malformed. {"exception":"[object] (InvalidArgumentException(code: 0): The database configuration URL is malformed. at C:/laragon/www/16Hanynur/vendor/laravel/framework/src/Illuminate/Support/ConfigurationUrlParser.php:148)
[stacktrace]
#0 C:/laragon/www/16Hanynur/vendor/laravel/framework/src/Illuminate/Support/ConfigurationUrlParser.php(51): Illuminate/Support/ConfigurationUrlParser->parseUrl('postgresql://po...')
#1 C:/laragon/www/16Hanynur/vendor/laravel/framework/src/Illuminate/Database/DatabaseManager.php(230): Illuminate/Support/ConfigurationUrlParser->parseConfiguration(Array)
#2 C:/laragon/www/16Hanynur/vendor/laravel/framework/src/Illuminate/Database/DatabaseManager.php(192): Illuminate/Database/DatabaseManager->configuration('pgsql')
#3 C:/laragon/www/16Hanynur/vendor/laravel/framework/src/Illuminate/Database/DatabaseManager.php(103): Illuminate/Database/DatabaseManager->makeConnection('pgsql')
#4 C:/laragon/www/16Hanynur/vendor/laravel/framework/src/Illuminate/Cache/CacheManager.php(200): Illuminate/Database/DatabaseManager->connection('pgsql')
#5 C:/laragon/www/16Hanynur/vendor/laravel/framework/src/Illuminate/Cache/CacheManager.php(148): Illuminate/Cache/CacheManager->createDatabaseDriver(Array)
#6 C:/laragon/www/16Hanynur/vendor/laravel/framework/src/Illuminate/Cache/CacheManager.php(126): Illuminate/Cache/CacheManager->build(Array)
#7 C:/laragon/www/16Hanynur/vendor/laravel/framework/src/Illuminate/Cache/CacheManager.php(69): Illuminate/Cache/CacheManager->resolve('database')
#8 C:/laragon/www/16Hanynur/vendor/laravel/framework/src/Illuminate/Cache/CacheManager.php(80): Illuminate/Cache/CacheManager->store('database')
#9 C:/laragon/www/16Hanynur/vendor/laravel/framework/src/Illuminate/Cache/CacheServiceProvider.php(23): Illuminate/Cache/CacheManager->driver()
#10 C:/laragon/www/16Hanynur/vendor/laravel/framework/src/Illuminate/Container/Container.php(1140): Illuminate/Cache/CacheServiceProvider->{closure:Illuminate/Cache/CacheServiceProvider::register():22}(Object(Illuminate/Foundation/Application), Array)
#11 C:/laragon/www/16Hanynur/vendor/laravel/framework/src/Illuminate/Container/Container.php(939): Illuminate/Container/Container->build(Object(Closure))
#12 C:/laragon/www/16Hanynur/vendor/laravel/framework/src/Illuminate/Foundation/Application.php(1085): Illuminate/Container/Container->resolve('cache.store', Array, true)
#13 C:/laragon/www/16Hanynur/vendor/laravel/framework/src/Illuminate/Container/Container.php(867): Illuminate/Foundation/Application->resolve('cache.store', Array)
#14 C:/laragon/www/16Hanynur/vendor/laravel/framework/src/Illuminate/Foundation/Application.php(1065): Illuminate/Container/Container->make('cache.store', Array)
#15 C:/laragon/www/16Hanynur/vendor/laravel/framework/src/Illuminate/Container/Container.php(1846): Illuminate/Foundation/Application->make('cache.store')
#16 C:/laragon/www/16Hanynur/vendor/laravel/framework/src/Illuminate/Foundation/Providers/ArtisanServiceProvider.php(735): Illuminate/Container/Container->offsetGet('cache.store')
#17 C:/laragon/www/16Hanynur/vendor/laravel/framework/src/Illuminate/Container/Container.php(1140): Illuminate/Foundation/Providers/ArtisanServiceProvider->{closure:Illuminate/Foundation/Providers/ArtisanServiceProvider::registerQueueRestartCommand():734}(Object(Illuminate/Foundation/Application), Array)
#18 C:/laragon/www/16Hanynur/vendor/laravel/framework/src/Illuminate/Container/Container.php(939): Illuminate/Container/Container->build(Object(Closure))
#19 C:/laragon/www/16Hanynur/vendor/laravel/framework/src/Illuminate/Foundation/Application.php(1085): Illuminate/Container/Container->resolve('Illuminate//Queu...', Array, true)
#20 C:/laragon/www/16Hanynur/vendor/laravel/framework/src/Illuminate/Container/Container.php(884): Illuminate/Foundation/Application->resolve('Illuminate//Queu...')
#21 C:/laragon/www/16Hanynur/vendor/laravel/framework/src/Illuminate/Console/ContainerCommandLoader.php(52): Illuminate/Container/Container->get('Illuminate//Queu...')
#22 C:/laragon/www/16Hanynur/vendor/symfony/console/Application.php(664): Illuminate/Console/ContainerCommandLoader->get('queue:restart')
#23 C:/laragon/www/16Hanynur/vendor/symfony/console/Application.php(873): Symfony/Component/Console/Application->has('queue:restart')
#24 C:/laragon/www/16Hanynur/vendor/symfony/console/Descriptor/ApplicationDescription.php(84): Symfony/Component/Console/Application->all(NULL)
#25 C:/laragon/www/16Hanynur/vendor/symfony/console/Descriptor/ApplicationDescription.php(61): Symfony/Component/Console/Descriptor/ApplicationDescription->inspectApplication()
#26 C:/laragon/www/16Hanynur/vendor/symfony/console/Descriptor/TextDescriptor.php(185): Symfony/Component/Console/Descriptor/ApplicationDescription->getCommands()
#27 C:/laragon/www/16Hanynur/vendor/symfony/console/Descriptor/Descriptor.php(40): Symfony/Component/Console/Descriptor/TextDescriptor->describeApplication(Object(Illuminate/Console/Application), Array)
#28 C:/laragon/www/16Hanynur/vendor/symfony/console/Helper/DescriptorHelper.php(67): Symfony/Component/Console/Descriptor/Descriptor->describe(Object(Symfony/Component/Console/Output/ConsoleOutput), Object(Illuminate/Console/Application), Array)
#29 C:/laragon/www/16Hanynur/vendor/symfony/console/Command/ListCommand.php(63): Symfony/Component/Console/Helper/DescriptorHelper->describe(Object(Symfony/Component/Console/Output/ConsoleOutput), Object(Illuminate/Console/Application), Array)
#30 C:/laragon/www/16Hanynur/vendor/symfony/console/Command/Command.php(285): Symfony/Component/Console/Command/ListCommand->execute(Object(Symfony/Component/Console/Input/ArgvInput), Object(Symfony/Component/Console/Output/ConsoleOutput))
#31 C:/laragon/www/16Hanynur/vendor/symfony/console/Application.php(1144): Symfony/Component/Console/Command/Command->run(Object(Symfony/Component/Console/Input/ArgvInput), Object(Symfony/Component/Console/Output/ConsoleOutput))
#32 C:/laragon/www/16Hanynur/vendor/symfony/console/Application.php(379): Symfony/Component/Console/Application->doRunCommand(Object(Symfony/Component/Console/Command/ListCommand), Object(Symfony/Component/Console/Input/ArgvInput), Object(Symfony/Component/Console/Output/ConsoleOutput))
#33 C:/laragon/www/16Hanynur/vendor/symfony/console/Application.php(218): Symfony/Component/Console/Application->doRun(Object(Symfony/Component/Console/Input/ArgvInput), Object(Symfony/Component/Console/Output/ConsoleOutput))
#34 C:/laragon/www/16Hanynur/vendor/laravel/framework/src/Illuminate/Foundation/Console/Kernel.php(198): Symfony/Component/Console/Application->run(Object(Symfony/Component/Console/Input/ArgvInput), Object(Symfony/Component/Console/Output/ConsoleOutput))
#35 Command line code(1): Illuminate/Foundation/Console/Kernel->handle(Object(Symfony/Component/Console/Input/ArgvInput), Object(Symfony/Component/Console/Output/ConsoleOutput))
#36 {main}
"} 
[2026-09-24 02:21:39] local.ERROR: The database configuration URL is malformed. {"exception":"[object] (InvalidArgumentException(code: 0): The database configuration URL is malformed. at C:/laragon/www/16Hanynur/vendor/laravel/framework/src/Illuminate/Support/ConfigurationUrlParser.php:148)
[stacktrace]
#0 C:/laragon/www/16Hanynur/vendor/laravel/framework/src/Illuminate/Support/ConfigurationUrlParser.php(51): Illuminate/Support/ConfigurationUrlParser->parseUrl('postgresql://po...')
#1 C:/laragon/www/16Hanynur/vendor/laravel/framework/src/Illuminate/Database/DatabaseManager.php(230): Illuminate/Support/ConfigurationUrlParser->parseConfiguration(Array)
#2 C:/laragon/www/16Hanynur/vendor/laravel/framework/src/Illuminate/Database/DatabaseManager.php(192): Illuminate/Database/DatabaseManager->configuration('pgsql')
#3 C:/laragon/www/16Hanynur/vendor/laravel/framework/src/Illuminate/Database/DatabaseManager.php(103): Illuminate/Database/DatabaseManager->makeConnection('pgsql')
#4 C:/laragon/www/16Hanynur/vendor/laravel/framework/src/Illuminate/Cache/CacheManager.php(200): Illuminate/Database/DatabaseManager->connection('pgsql')
#5 C:/laragon/www/16Hanynur/vendor/laravel/framework/src/Illuminate/Cache/CacheManager.php(148): Illuminate/Cache/CacheManager->createDatabaseDriver(Array)
#6 C:/laragon/www/16Hanynur/vendor/laravel/framework/src/Illuminate/Cache/CacheManager.php(126): Illuminate/Cache/CacheManager->build(Array)
#7 C:/laragon/www/16Hanynur/vendor/laravel/framework/src/Illuminate/Cache/CacheManager.php(69): Illuminate/Cache/CacheManager->resolve('database')
#8 C:/laragon/www/16Hanynur/vendor/laravel/framework/src/Illuminate/Cache/CacheManager.php(80): Illuminate/Cache/CacheManager->store('database')
#9 C:/laragon/www/16Hanynur/vendor/laravel/framework/src/Illuminate/Cache/CacheServiceProvider.php(23): Illuminate/Cache/CacheManager->driver()
#10 C:/laragon/www/16Hanynur/vendor/laravel/framework/src/Illuminate/Container/Container.php(1140): Illuminate/Cache/CacheServiceProvider->{closure:Illuminate/Cache/CacheServiceProvider::register():22}(Object(Illuminate/Foundation/Application), Array)
#11 C:/laragon/www/16Hanynur/vendor/laravel/framework/src/Illuminate/Container/Container.php(939): Illuminate/Container/Container->build(Object(Closure))
#12 C:/laragon/www/16Hanynur/vendor/laravel/framework/src/Illuminate/Foundation/Application.php(1085): Illuminate/Container/Container->resolve('cache.store', Array, true)
#13 C:/laragon/www/16Hanynur/vendor/laravel/framework/src/Illuminate/Container/Container.php(867): Illuminate/Foundation/Application->resolve('cache.store', Array)
#14 C:/laragon/www/16Hanynur/vendor/laravel/framework/src/Illuminate/Foundation/Application.php(1065): Illuminate/Container/Container->make('cache.store', Array)
#15 C:/laragon/www/16Hanynur/vendor/laravel/framework/src/Illuminate/Container/Container.php(1846): Illuminate/Foundation/Application->make('cache.store')
#16 C:/laragon/www/16Hanynur/vendor/laravel/framework/src/Illuminate/Foundation/Providers/ArtisanServiceProvider.php(735): Illuminate/Container/Container->offsetGet('cache.store')
#17 C:/laragon/www/16Hanynur/vendor/laravel/framework/src/Illuminate/Container/Container.php(1140): Illuminate/Foundation/Providers/ArtisanServiceProvider->{closure:Illuminate/Foundation/Providers/ArtisanServiceProvider::registerQueueRestartCommand():734}(Object(Illuminate/Foundation/Application), Array)
#18 C:/laragon/www/16Hanynur/vendor/laravel/framework/src/Illuminate/Container/Container.php(939): Illuminate/Container/Container->build(Object(Closure))
#19 C:/laragon/www/16Hanynur/vendor/laravel/framework/src/Illuminate/Foundation/Application.php(1085): Illuminate/Container/Container->resolve('Illuminate//Queu...', Array, true)
#20 C:/laragon/www/16Hanynur/vendor/laravel/framework/src/Illuminate/Container/Container.php(884): Illuminate/Foundation/Application->resolve('Illuminate//Queu...')
#21 C:/laragon/www/16Hanynur/vendor/laravel/framework/src/Illuminate/Console/ContainerCommandLoader.php(52): Illuminate/Container/Container->get('Illuminate//Queu...')
#22 C:/laragon/www/16Hanynur/vendor/symfony/console/Application.php(664): Illuminate/Console/ContainerCommandLoader->get('queue:restart')
#23 C:/laragon/www/16Hanynur/vendor/symfony/console/Application.php(873): Symfony/Component/Console/Application->has('queue:restart')
#24 C:/laragon/www/16Hanynur/vendor/symfony/console/Descriptor/ApplicationDescription.php(84): Symfony/Component/Console/Application->all(NULL)
#25 C:/laragon/www/16Hanynur/vendor/symfony/console/Descriptor/ApplicationDescription.php(61): Symfony/Component/Console/Descriptor/ApplicationDescription->inspectApplication()
#26 C:/laragon/www/16Hanynur/vendor/symfony/console/Descriptor/TextDescriptor.php(185): Symfony/Component/Console/Descriptor/ApplicationDescription->getCommands()
#27 C:/laragon/www/16Hanynur/vendor/symfony/console/Descriptor/Descriptor.php(40): Symfony/Component/Console/Descriptor/TextDescriptor->describeApplication(Object(Illuminate/Console/Application), Array)
#28 C:/laragon/www/16Hanynur/vendor/symfony/console/Helper/DescriptorHelper.php(67): Symfony/Component/Console/Descriptor/Descriptor->describe(Object(Symfony/Component/Console/Output/ConsoleOutput), Object(Illuminate/Console/Application), Array)
#29 C:/laragon/www/16Hanynur/vendor/symfony/console/Command/ListCommand.php(63): Symfony/Component/Console/Helper/DescriptorHelper->describe(Object(Symfony/Component/Console/Output/ConsoleOutput), Object(Illuminate/Console/Application), Array)
#30 C:/laragon/www/16Hanynur/vendor/symfony/console/Command/Command.php(285): Symfony/Component/Console/Command/ListCommand->execute(Object(Symfony/Component/Console/Input/ArgvInput), Object(Symfony/Component/Console/Output/ConsoleOutput))
#31 C:/laragon/www/16Hanynur/vendor/symfony/console/Application.php(1144): Symfony/Component/Console/Command/Command->run(Object(Symfony/Component/Console/Input/ArgvInput), Object(Symfony/Component/Console/Output/ConsoleOutput))
#32 C:/laragon/www/16Hanynur/vendor/symfony/console/Application.php(379): Symfony/Component/Console/Application->doRunCommand(Object(Symfony/Component/Console/Command/ListCommand), Object(Symfony/Component/Console/Input/ArgvInput), Object(Symfony/Component/Console/Output/ConsoleOutput))
#33 C:/laragon/www/16Hanynur/vendor/symfony/console/Application.php(218): Symfony/Component/Console/Application->doRun(Object(Symfony/Component/Console/Input/ArgvInput), Object(Symfony/Component/Console/Output/ConsoleOutput))
#34 C:/laragon/www/16Hanynur/vendor/laravel/framework/src/Illuminate/Foundation/Console/Kernel.php(198): Symfony/Component/Console/Application->run(Object(Symfony/Component/Console/Input/ArgvInput), Object(Symfony/Component/Console/Output/ConsoleOutput))
#35 Command line code(1): Illuminate/Foundation/Console/Kernel->handle(Object(Symfony/Component/Console/Input/ArgvInput), Object(Symfony/Component/Console/Output/ConsoleOutput))
#36 {main}
"} 
[2026-09-24 02:22:22] local.ERROR: The database configuration URL is malformed. {"exception":"[object] (InvalidArgumentException(code: 0): The database configuration URL is malformed. at C:/laragon/www/16Hanynur/vendor/laravel/framework/src/Illuminate/Support/ConfigurationUrlParser.php:148)
[stacktrace]
#0 C:/laragon/www/16Hanynur/vendor/laravel/framework/src/Illuminate/Support/ConfigurationUrlParser.php(51): Illuminate/Support/ConfigurationUrlParser->parseUrl('postgresql://po...')
#1 C:/laragon/www/16Hanynur/vendor/laravel/framework/src/Illuminate/Database/DatabaseManager.php(230): Illuminate/Support/ConfigurationUrlParser->parseConfiguration(Array)
#2 C:/laragon/www/16Hanynur/vendor/laravel/framework/src/Illuminate/Database/DatabaseManager.php(192): Illuminate/Database/DatabaseManager->configuration('pgsql')
#3 C:/laragon/www/16Hanynur/vendor/laravel/framework/src/Illuminate/Database/DatabaseManager.php(103): Illuminate/Database/DatabaseManager->makeConnection('pgsql')
#4 C:/laragon/www/16Hanynur/vendor/laravel/framework/src/Illuminate/Cache/CacheManager.php(200): Illuminate/Database/DatabaseManager->connection('pgsql')
#5 C:/laragon/www/16Hanynur/vendor/laravel/framework/src/Illuminate/Cache/CacheManager.php(148): Illuminate/Cache/CacheManager->createDatabaseDriver(Array)
#6 C:/laragon/www/16Hanynur/vendor/laravel/framework/src/Illuminate/Cache/CacheManager.php(126): Illuminate/Cache/CacheManager->build(Array)
#7 C:/laragon/www/16Hanynur/vendor/laravel/framework/src/Illuminate/Cache/CacheManager.php(69): Illuminate/Cache/CacheManager->resolve('database')
#8 C:/laragon/www/16Hanynur/vendor/laravel/framework/src/Illuminate/Cache/Console/ClearCommand.php(157): Illuminate/Cache/CacheManager->store('database')
#9 C:/laragon/www/16Hanynur/vendor/laravel/framework/src/Illuminate/Cache/Console/ClearCommand.php(81): Illuminate/Cache/Console/ClearCommand->cache()
#10 C:/laragon/www/16Hanynur/vendor/laravel/framework/src/Illuminate/Container/BoundMethod.php(36): Illuminate/Cache/Console/ClearCommand->handle()
#11 C:/laragon/www/16Hanynur/vendor/laravel/framework/src/Illuminate/Container/Util.php(43): Illuminate/Container/BoundMethod::{closure:Illuminate/Container/BoundMethod::call():35}()
#12 C:/laragon/www/16Hanynur/vendor/laravel/framework/src/Illuminate/Container/BoundMethod.php(96): Illuminate/Container/Util::unwrapIfClosure(Object(Closure))
#13 C:/laragon/www/16Hanynur/vendor/laravel/framework/src/Illuminate/Container/BoundMethod.php(35): Illuminate/Container/BoundMethod::callBoundMethod(Object(Illuminate/Foundation/Application), Array, Object(Closure))
#14 C:/laragon/www/16Hanynur/vendor/laravel/framework/src/Illuminate/Container/Container.php(803): Illuminate/Container/BoundMethod::call(Object(Illuminate/Foundation/Application), Array, Array, NULL)
#15 C:/laragon/www/16Hanynur/vendor/laravel/framework/src/Illuminate/Console/Command.php(292): Illuminate/Container/Container->call(Array)
#16 C:/laragon/www/16Hanynur/vendor/symfony/console/Command/Command.php(285): Illuminate/Console/Command->execute(Object(Symfony/Component/Console/Input/ArgvInput), Object(Illuminate/Console/OutputStyle))
#17 C:/laragon/www/16Hanynur/vendor/laravel/framework/src/Illuminate/Console/Command.php(261): Symfony/Component/Console/Command/Command->run(Object(Symfony/Component/Console/Input/ArgvInput), Object(Illuminate/Console/OutputStyle))
#18 C:/laragon/www/16Hanynur/vendor/symfony/console/Application.php(1144): Illuminate/Console/Command->run(Object(Symfony/Component/Console/Input/ArgvInput), Object(Symfony/Component/Console/Output/ConsoleOutput))
#19 C:/laragon/www/16Hanynur/vendor/symfony/console/Application.php(379): Symfony/Component/Console/Application->doRunCommand(Object(Illuminate/Cache/Console/ClearCommand), Object(Symfony/Component/Console/Input/ArgvInput), Object(Symfony/Component/Console/Output/ConsoleOutput))
#20 C:/laragon/www/16Hanynur/vendor/symfony/console/Application.php(218): Symfony/Component/Console/Application->doRun(Object(Symfony/Component/Console/Input/ArgvInput), Object(Symfony/Component/Console/Output/ConsoleOutput))
#21 C:/laragon/www/16Hanynur/vendor/laravel/framework/src/Illuminate/Foundation/Console/Kernel.php(198): Symfony/Component/Console/Application->run(Object(Symfony/Component/Console/Input/ArgvInput), Object(Symfony/Component/Console/Output/ConsoleOutput))
#22 C:/laragon/www/16Hanynur/vendor/laravel/framework/src/Illuminate/Foundation/Application.php(1242): Illuminate/Foundation/Console/Kernel->handle(Object(Symfony/Component/Console/Input/ArgvInput), Object(Symfony/Component/Console/Output/ConsoleOutput))
#23 C:/laragon/www/16Hanynur/artisan(16): Illuminate/Foundation/Application->handleCommand(Object(Symfony/Component/Console/Input/ArgvInput))
#24 {main}
"} 
[2026-09-24 02:22:23] local.ERROR: The database configuration URL is malformed. {"exception":"[object] (InvalidArgumentException(code: 0): The database configuration URL is malformed. at C:/laragon/www/16Hanynur/vendor/laravel/framework/src/Illuminate/Support/ConfigurationUrlParser.php:148)
[stacktrace]
#0 C:/laragon/www/16Hanynur/vendor/laravel/framework/src/Illuminate/Support/ConfigurationUrlParser.php(51): Illuminate/Support/ConfigurationUrlParser->parseUrl('postgresql://po...')
#1 C:/laragon/www/16Hanynur/vendor/laravel/framework/src/Illuminate/Database/DatabaseManager.php(230): Illuminate/Support/ConfigurationUrlParser->parseConfiguration(Array)
#2 C:/laragon/www/16Hanynur/vendor/laravel/framework/src/Illuminate/Database/DatabaseManager.php(192): Illuminate/Database/DatabaseManager->configuration('pgsql')
#3 C:/laragon/www/16Hanynur/vendor/laravel/framework/src/Illuminate/Database/DatabaseManager.php(103): Illuminate/Database/DatabaseManager->makeConnection('pgsql')
#4 C:/laragon/www/16Hanynur/vendor/laravel/framework/src/Illuminate/Database/Migrations/Migrator.php(747): Illuminate/Database/DatabaseManager->connection('pgsql')
#5 C:/laragon/www/16Hanynur/vendor/laravel/framework/src/Illuminate/Database/Migrations/Migrator.php(691): Illuminate/Database/Migrations/Migrator->directConnectionName('pgsql')
#6 C:/laragon/www/16Hanynur/vendor/laravel/framework/src/Illuminate/Database/Migrations/Migrator.php(669): Illuminate/Database/Migrations/Migrator->setConnection(NULL)
#7 C:/laragon/www/16Hanynur/vendor/laravel/framework/src/Illuminate/Database/Console/Migrations/MigrateCommand.php(111): Illuminate/Database/Migrations/Migrator->usingConnection(NULL, Object(Closure))
#8 C:/laragon/www/16Hanynur/vendor/laravel/framework/src/Illuminate/Database/Console/Migrations/MigrateCommand.php(90): Illuminate/Database/Console/Migrations/MigrateCommand->runMigrations()
#9 C:/laragon/www/16Hanynur/vendor/laravel/framework/src/Illuminate/Container/BoundMethod.php(36): Illuminate/Database/Console/Migrations/MigrateCommand->handle()
#10 C:/laragon/www/16Hanynur/vendor/laravel/framework/src/Illuminate/Container/Util.php(43): Illuminate/Container/BoundMethod::{closure:Illuminate/Container/BoundMethod::call():35}()
#11 C:/laragon/www/16Hanynur/vendor/laravel/framework/src/Illuminate/Container/BoundMethod.php(96): Illuminate/Container/Util::unwrapIfClosure(Object(Closure))
#12 C:/laragon/www/16Hanynur/vendor/laravel/framework/src/Illuminate/Container/BoundMethod.php(35): Illuminate/Container/BoundMethod::callBoundMethod(Object(Illuminate/Foundation/Application), Array, Object(Closure))
#13 C:/laragon/www/16Hanynur/vendor/laravel/framework/src/Illuminate/Container/Container.php(803): Illuminate/Container/BoundMethod::call(Object(Illuminate/Foundation/Application), Array, Array, NULL)
#14 C:/laragon/www/16Hanynur/vendor/laravel/framework/src/Illuminate/Console/Command.php(292): Illuminate/Container/Container->call(Array)
#15 C:/laragon/www/16Hanynur/vendor/symfony/console/Command/Command.php(285): Illuminate/Console/Command->execute(Object(Symfony/Component/Console/Input/ArgvInput), Object(Illuminate/Console/OutputStyle))
#16 C:/laragon/www/16Hanynur/vendor/laravel/framework/src/Illuminate/Console/Command.php(261): Symfony/Component/Console/Command/Command->run(Object(Symfony/Component/Console/Input/ArgvInput), Object(Illuminate/Console/OutputStyle))
#17 C:/laragon/www/16Hanynur/vendor/symfony/console/Application.php(1144): Illuminate/Console/Command->run(Object(Symfony/Component/Console/Input/ArgvInput), Object(Symfony/Component/Console/Output/ConsoleOutput))
#18 C:/laragon/www/16Hanynur/vendor/symfony/console/Application.php(379): Symfony/Component/Console/Application->doRunCommand(Object(Illuminate/Database/Console/Migrations/MigrateCommand), Object(Symfony/Component/Console/Input/ArgvInput), Object(Symfony/Component/Console/Output/ConsoleOutput))
#19 C:/laragon/www/16Hanynur/vendor/symfony/console/Application.php(218): Symfony/Component/Console/Application->doRun(Object(Symfony/Component/Console/Input/ArgvInput), Object(Symfony/Component/Console/Output/ConsoleOutput))
#20 C:/laragon/www/16Hanynur/vendor/laravel/framework/src/Illuminate/Foundation/Console/Kernel.php(198): Symfony/Component/Console/Application->run(Object(Symfony/Component/Console/Input/ArgvInput), Object(Symfony/Component/Console/Output/ConsoleOutput))
#21 C:/laragon/www/16Hanynur/vendor/laravel/framework/src/Illuminate/Foundation/Application.php(1242): Illuminate/Foundation/Console/Kernel->handle(Object(Symfony/Component/Console/Input/ArgvInput), Object(Symfony/Component/Console/Output/ConsoleOutput))
#22 C:/laragon/www/16Hanynur/artisan(16): Illuminate/Foundation/Application->handleCommand(Object(Symfony/Component/Console/Input/ArgvInput))
#23 {main}
"} 
[2026-09-24 02:22:39] local.ERROR: The database configuration URL is malformed. {"exception":"[object] (InvalidArgumentException(code: 0): The database configuration URL is malformed. at C:/laragon/www/16Hanynur/vendor/laravel/framework/src/Illuminate/Support/ConfigurationUrlParser.php:148)
[stacktrace]
#0 C:/laragon/www/16Hanynur/vendor/laravel/framework/src/Illuminate/Support/ConfigurationUrlParser.php(51): Illuminate/Support/ConfigurationUrlParser->parseUrl('postgresql://po...')
#1 C:/laragon/www/16Hanynur/vendor/laravel/framework/src/Illuminate/Database/DatabaseManager.php(230): Illuminate/Support/ConfigurationUrlParser->parseConfiguration(Array)
#2 C:/laragon/www/16Hanynur/vendor/laravel/framework/src/Illuminate/Database/DatabaseManager.php(192): Illuminate/Database/DatabaseManager->configuration('pgsql')
#3 C:/laragon/www/16Hanynur/vendor/laravel/framework/src/Illuminate/Database/DatabaseManager.php(103): Illuminate/Database/DatabaseManager->makeConnection('pgsql')
#4 C:/laragon/www/16Hanynur/vendor/laravel/framework/src/Illuminate/Cache/CacheManager.php(200): Illuminate/Database/DatabaseManager->connection('pgsql')
#5 C:/laragon/www/16Hanynur/vendor/laravel/framework/src/Illuminate/Cache/CacheManager.php(148): Illuminate/Cache/CacheManager->createDatabaseDriver(Array)
#6 C:/laragon/www/16Hanynur/vendor/laravel/framework/src/Illuminate/Cache/CacheManager.php(126): Illuminate/Cache/CacheManager->build(Array)
#7 C:/laragon/www/16Hanynur/vendor/laravel/framework/src/Illuminate/Cache/CacheManager.php(69): Illuminate/Cache/CacheManager->resolve('database')
#8 C:/laragon/www/16Hanynur/vendor/laravel/framework/src/Illuminate/Cache/CacheManager.php(80): Illuminate/Cache/CacheManager->store('database')
#9 C:/laragon/www/16Hanynur/vendor/laravel/framework/src/Illuminate/Cache/CacheServiceProvider.php(23): Illuminate/Cache/CacheManager->driver()
#10 C:/laragon/www/16Hanynur/vendor/laravel/framework/src/Illuminate/Container/Container.php(1140): Illuminate/Cache/CacheServiceProvider->{closure:Illuminate/Cache/CacheServiceProvider::register():22}(Object(Illuminate/Foundation/Application), Array)
#11 C:/laragon/www/16Hanynur/vendor/laravel/framework/src/Illuminate/Container/Container.php(939): Illuminate/Container/Container->build(Object(Closure))
#12 C:/laragon/www/16Hanynur/vendor/laravel/framework/src/Illuminate/Foundation/Application.php(1085): Illuminate/Container/Container->resolve('cache.store', Array, true)
#13 C:/laragon/www/16Hanynur/vendor/laravel/framework/src/Illuminate/Container/Container.php(867): Illuminate/Foundation/Application->resolve('cache.store', Array)
#14 C:/laragon/www/16Hanynur/vendor/laravel/framework/src/Illuminate/Foundation/Application.php(1065): Illuminate/Container/Container->make('cache.store', Array)
#15 C:/laragon/www/16Hanynur/vendor/laravel/framework/src/Illuminate/Container/Container.php(1846): Illuminate/Foundation/Application->make('cache.store')
#16 C:/laragon/www/16Hanynur/vendor/laravel/framework/src/Illuminate/Foundation/Providers/ArtisanServiceProvider.php(735): Illuminate/Container/Container->offsetGet('cache.store')
#17 C:/laragon/www/16Hanynur/vendor/laravel/framework/src/Illuminate/Container/Container.php(1140): Illuminate/Foundation/Providers/ArtisanServiceProvider->{closure:Illuminate/Foundation/Providers/ArtisanServiceProvider::registerQueueRestartCommand():734}(Object(Illuminate/Foundation/Application), Array)
#18 C:/laragon/www/16Hanynur/vendor/laravel/framework/src/Illuminate/Container/Container.php(939): Illuminate/Container/Container->build(Object(Closure))
#19 C:/laragon/www/16Hanynur/vendor/laravel/framework/src/Illuminate/Foundation/Application.php(1085): Illuminate/Container/Container->resolve('Illuminate//Queu...', Array, true)
#20 C:/laragon/www/16Hanynur/vendor/laravel/framework/src/Illuminate/Container/Container.php(884): Illuminate/Foundation/Application->resolve('Illuminate//Queu...')
#21 C:/laragon/www/16Hanynur/vendor/laravel/framework/src/Illuminate/Console/ContainerCommandLoader.php(52): Illuminate/Container/Container->get('Illuminate//Queu...')
#22 C:/laragon/www/16Hanynur/vendor/symfony/console/Application.php(664): Illuminate/Console/ContainerCommandLoader->get('queue:restart')
#23 C:/laragon/www/16Hanynur/vendor/symfony/console/Application.php(873): Symfony/Component/Console/Application->has('queue:restart')
#24 C:/laragon/www/16Hanynur/vendor/symfony/console/Descriptor/ApplicationDescription.php(84): Symfony/Component/Console/Application->all(NULL)
#25 C:/laragon/www/16Hanynur/vendor/symfony/console/Descriptor/ApplicationDescription.php(61): Symfony/Component/Console/Descriptor/ApplicationDescription->inspectApplication()
#26 C:/laragon/www/16Hanynur/vendor/symfony/console/Descriptor/TextDescriptor.php(185): Symfony/Component/Console/Descriptor/ApplicationDescription->getCommands()
#27 C:/laragon/www/16Hanynur/vendor/symfony/console/Descriptor/Descriptor.php(40): Symfony/Component/Console/Descriptor/TextDescriptor->describeApplication(Object(Illuminate/Console/Application), Array)
#28 C:/laragon/www/16Hanynur/vendor/symfony/console/Helper/DescriptorHelper.php(67): Symfony/Component/Console/Descriptor/Descriptor->describe(Object(Symfony/Component/Console/Output/ConsoleOutput), Object(Illuminate/Console/Application), Array)
#29 C:/laragon/www/16Hanynur/vendor/symfony/console/Command/ListCommand.php(63): Symfony/Component/Console/Helper/DescriptorHelper->describe(Object(Symfony/Component/Console/Output/ConsoleOutput), Object(Illuminate/Console/Application), Array)
#30 C:/laragon/www/16Hanynur/vendor/symfony/console/Command/Command.php(285): Symfony/Component/Console/Command/ListCommand->execute(Object(Symfony/Component/Console/Input/ArgvInput), Object(Symfony/Component/Console/Output/ConsoleOutput))
#31 C:/laragon/www/16Hanynur/vendor/symfony/console/Application.php(1144): Symfony/Component/Console/Command/Command->run(Object(Symfony/Component/Console/Input/ArgvInput), Object(Symfony/Component/Console/Output/ConsoleOutput))
#32 C:/laragon/www/16Hanynur/vendor/symfony/console/Application.php(379): Symfony/Component/Console/Application->doRunCommand(Object(Symfony/Component/Console/Command/ListCommand), Object(Symfony/Component/Console/Input/ArgvInput), Object(Symfony/Component/Console/Output/ConsoleOutput))
#33 C:/laragon/www/16Hanynur/vendor/symfony/console/Application.php(218): Symfony/Component/Console/Application->doRun(Object(Symfony/Component/Console/Input/ArgvInput), Object(Symfony/Component/Console/Output/ConsoleOutput))
#34 C:/laragon/www/16Hanynur/vendor/laravel/framework/src/Illuminate/Foundation/Console/Kernel.php(198): Symfony/Component/Console/Application->run(Object(Symfony/Component/Console/Input/ArgvInput), Object(Symfony/Component/Console/Output/ConsoleOutput))
#35 Command line code(1): Illuminate/Foundation/Console/Kernel->handle(Object(Symfony/Component/Console/Input/ArgvInput), Object(Symfony/Component/Console/Output/ConsoleOutput))
#36 {main}
"} 
[2026-09-24 02:22:39] local.ERROR: The database configuration URL is malformed. {"exception":"[object] (InvalidArgumentException(code: 0): The database configuration URL is malformed. at C:/laragon/www/16Hanynur/vendor/laravel/framework/src/Illuminate/Support/ConfigurationUrlParser.php:148)
[stacktrace]
#0 C:/laragon/www/16Hanynur/vendor/laravel/framework/src/Illuminate/Support/ConfigurationUrlParser.php(51): Illuminate/Support/ConfigurationUrlParser->parseUrl('postgresql://po...')
#1 C:/laragon/www/16Hanynur/vendor/laravel/framework/src/Illuminate/Database/DatabaseManager.php(230): Illuminate/Support/ConfigurationUrlParser->parseConfiguration(Array)
#2 C:/laragon/www/16Hanynur/vendor/laravel/framework/src/Illuminate/Database/DatabaseManager.php(192): Illuminate/Database/DatabaseManager->configuration('pgsql')
#3 C:/laragon/www/16Hanynur/vendor/laravel/framework/src/Illuminate/Database/DatabaseManager.php(103): Illuminate/Database/DatabaseManager->makeConnection('pgsql')
#4 C:/laragon/www/16Hanynur/vendor/laravel/framework/src/Illuminate/Cache/CacheManager.php(200): Illuminate/Database/DatabaseManager->connection('pgsql')
#5 C:/laragon/www/16Hanynur/vendor/laravel/framework/src/Illuminate/Cache/CacheManager.php(148): Illuminate/Cache/CacheManager->createDatabaseDriver(Array)
#6 C:/laragon/www/16Hanynur/vendor/laravel/framework/src/Illuminate/Cache/CacheManager.php(126): Illuminate/Cache/CacheManager->build(Array)
#7 C:/laragon/www/16Hanynur/vendor/laravel/framework/src/Illuminate/Cache/CacheManager.php(69): Illuminate/Cache/CacheManager->resolve('database')
#8 C:/laragon/www/16Hanynur/vendor/laravel/framework/src/Illuminate/Cache/CacheManager.php(80): Illuminate/Cache/CacheManager->store('database')
#9 C:/laragon/www/16Hanynur/vendor/laravel/framework/src/Illuminate/Cache/CacheServiceProvider.php(23): Illuminate/Cache/CacheManager->driver()
#10 C:/laragon/www/16Hanynur/vendor/laravel/framework/src/Illuminate/Container/Container.php(1140): Illuminate/Cache/CacheServiceProvider->{closure:Illuminate/Cache/CacheServiceProvider::register():22}(Object(Illuminate/Foundation/Application), Array)
#11 C:/laragon/www/16Hanynur/vendor/laravel/framework/src/Illuminate/Container/Container.php(939): Illuminate/Container/Container->build(Object(Closure))
#12 C:/laragon/www/16Hanynur/vendor/laravel/framework/src/Illuminate/Foundation/Application.php(1085): Illuminate/Container/Container->resolve('cache.store', Array, true)
#13 C:/laragon/www/16Hanynur/vendor/laravel/framework/src/Illuminate/Container/Container.php(867): Illuminate/Foundation/Application->resolve('cache.store', Array)
#14 C:/laragon/www/16Hanynur/vendor/laravel/framework/src/Illuminate/Foundation/Application.php(1065): Illuminate/Container/Container->make('cache.store', Array)
#15 C:/laragon/www/16Hanynur/vendor/laravel/framework/src/Illuminate/Container/Container.php(1846): Illuminate/Foundation/Application->make('cache.store')
#16 C:/laragon/www/16Hanynur/vendor/laravel/framework/src/Illuminate/Foundation/Providers/ArtisanServiceProvider.php(735): Illuminate/Container/Container->offsetGet('cache.store')
#17 C:/laragon/www/16Hanynur/vendor/laravel/framework/src/Illuminate/Container/Container.php(1140): Illuminate/Foundation/Providers/ArtisanServiceProvider->{closure:Illuminate/Foundation/Providers/ArtisanServiceProvider::registerQueueRestartCommand():734}(Object(Illuminate/Foundation/Application), Array)
#18 C:/laragon/www/16Hanynur/vendor/laravel/framework/src/Illuminate/Container/Container.php(939): Illuminate/Container/Container->build(Object(Closure))
#19 C:/laragon/www/16Hanynur/vendor/laravel/framework/src/Illuminate/Foundation/Application.php(1085): Illuminate/Container/Container->resolve('Illuminate//Queu...', Array, true)
#20 C:/laragon/www/16Hanynur/vendor/laravel/framework/src/Illuminate/Container/Container.php(884): Illuminate/Foundation/Application->resolve('Illuminate//Queu...')
#21 C:/laragon/www/16Hanynur/vendor/laravel/framework/src/Illuminate/Console/ContainerCommandLoader.php(52): Illuminate/Container/Container->get('Illuminate//Queu...')
#22 C:/laragon/www/16Hanynur/vendor/symfony/console/Application.php(664): Illuminate/Console/ContainerCommandLoader->get('queue:restart')
#23 C:/laragon/www/16Hanynur/vendor/symfony/console/Application.php(873): Symfony/Component/Console/Application->has('queue:restart')
#24 C:/laragon/www/16Hanynur/vendor/symfony/console/Descriptor/ApplicationDescription.php(84): Symfony/Component/Console/Application->all(NULL)
#25 C:/laragon/www/16Hanynur/vendor/symfony/console/Descriptor/ApplicationDescription.php(61): Symfony/Component/Console/Descriptor/ApplicationDescription->inspectApplication()
#26 C:/laragon/www/16Hanynur/vendor/symfony/console/Descriptor/TextDescriptor.php(185): Symfony/Component/Console/Descriptor/ApplicationDescription->getCommands()
#27 C:/laragon/www/16Hanynur/vendor/symfony/console/Descriptor/Descriptor.php(40): Symfony/Component/Console/Descriptor/TextDescriptor->describeApplication(Object(Illuminate/Console/Application), Array)
#28 C:/laragon/www/16Hanynur/vendor/symfony/console/Helper/DescriptorHelper.php(67): Symfony/Component/Console/Descriptor/Descriptor->describe(Object(Symfony/Component/Console/Output/ConsoleOutput), Object(Illuminate/Console/Application), Array)
#29 C:/laragon/www/16Hanynur/vendor/symfony/console/Command/ListCommand.php(63): Symfony/Component/Console/Helper/DescriptorHelper->describe(Object(Symfony/Component/Console/Output/ConsoleOutput), Object(Illuminate/Console/Application), Array)
#30 C:/laragon/www/16Hanynur/vendor/symfony/console/Command/Command.php(285): Symfony/Component/Console/Command/ListCommand->execute(Object(Symfony/Component/Console/Input/ArgvInput), Object(Symfony/Component/Console/Output/ConsoleOutput))
#31 C:/laragon/www/16Hanynur/vendor/symfony/console/Application.php(1144): Symfony/Component/Console/Command/Command->run(Object(Symfony/Component/Console/Input/ArgvInput), Object(Symfony/Component/Console/Output/ConsoleOutput))
#32 C:/laragon/www/16Hanynur/vendor/symfony/console/Application.php(379): Symfony/Component/Console/Application->doRunCommand(Object(Symfony/Component/Console/Command/ListCommand), Object(Symfony/Component/Console/Input/ArgvInput), Object(Symfony/Component/Console/Output/ConsoleOutput))
#33 C:/laragon/www/16Hanynur/vendor/symfony/console/Application.php(218): Symfony/Component/Console/Application->doRun(Object(Symfony/Component/Console/Input/ArgvInput), Object(Symfony/Component/Console/Output/ConsoleOutput))
#34 C:/laragon/www/16Hanynur/vendor/laravel/framework/src/Illuminate/Foundation/Console/Kernel.php(198): Symfony/Component/Console/Application->run(Object(Symfony/Component/Console/Input/ArgvInput), Object(Symfony/Component/Console/Output/ConsoleOutput))
#35 Command line code(1): Illuminate/Foundation/Console/Kernel->handle(Object(Symfony/Component/Console/Input/ArgvInput), Object(Symfony/Component/Console/Output/ConsoleOutput))
#36 {main}
"} 
[2026-09-24 02:23:38] local.ERROR: The database configuration URL is malformed. {"exception":"[object] (InvalidArgumentException(code: 0): The database configuration URL is malformed. at C:/laragon/www/16Hanynur/vendor/laravel/framework/src/Illuminate/Support/ConfigurationUrlParser.php:148)
[stacktrace]
#0 C:/laragon/www/16Hanynur/vendor/laravel/framework/src/Illuminate/Support/ConfigurationUrlParser.php(51): Illuminate/Support/ConfigurationUrlParser->parseUrl('postgresql://po...')
#1 C:/laragon/www/16Hanynur/vendor/laravel/framework/src/Illuminate/Database/DatabaseManager.php(230): Illuminate/Support/ConfigurationUrlParser->parseConfiguration(Array)
#2 C:/laragon/www/16Hanynur/vendor/laravel/framework/src/Illuminate/Database/DatabaseManager.php(192): Illuminate/Database/DatabaseManager->configuration('pgsql')
#3 C:/laragon/www/16Hanynur/vendor/laravel/framework/src/Illuminate/Database/DatabaseManager.php(103): Illuminate/Database/DatabaseManager->makeConnection('pgsql')
#4 C:/laragon/www/16Hanynur/vendor/laravel/framework/src/Illuminate/Cache/CacheManager.php(200): Illuminate/Database/DatabaseManager->connection('pgsql')
#5 C:/laragon/www/16Hanynur/vendor/laravel/framework/src/Illuminate/Cache/CacheManager.php(148): Illuminate/Cache/CacheManager->createDatabaseDriver(Array)
#6 C:/laragon/www/16Hanynur/vendor/laravel/framework/src/Illuminate/Cache/CacheManager.php(126): Illuminate/Cache/CacheManager->build(Array)
#7 C:/laragon/www/16Hanynur/vendor/laravel/framework/src/Illuminate/Cache/CacheManager.php(69): Illuminate/Cache/CacheManager->resolve('database')
#8 C:/laragon/www/16Hanynur/vendor/laravel/framework/src/Illuminate/Cache/CacheManager.php(80): Illuminate/Cache/CacheManager->store('database')
#9 C:/laragon/www/16Hanynur/vendor/laravel/framework/src/Illuminate/Cache/CacheServiceProvider.php(23): Illuminate/Cache/CacheManager->driver()
#10 C:/laragon/www/16Hanynur/vendor/laravel/framework/src/Illuminate/Container/Container.php(1140): Illuminate/Cache/CacheServiceProvider->{closure:Illuminate/Cache/CacheServiceProvider::register():22}(Object(Illuminate/Foundation/Application), Array)
#11 C:/laragon/www/16Hanynur/vendor/laravel/framework/src/Illuminate/Container/Container.php(939): Illuminate/Container/Container->build(Object(Closure))
#12 C:/laragon/www/16Hanynur/vendor/laravel/framework/src/Illuminate/Foundation/Application.php(1085): Illuminate/Container/Container->resolve('cache.store', Array, true)
#13 C:/laragon/www/16Hanynur/vendor/laravel/framework/src/Illuminate/Container/Container.php(867): Illuminate/Foundation/Application->resolve('cache.store', Array)
#14 C:/laragon/www/16Hanynur/vendor/laravel/framework/src/Illuminate/Foundation/Application.php(1065): Illuminate/Container/Container->make('cache.store', Array)
#15 C:/laragon/www/16Hanynur/vendor/laravel/framework/src/Illuminate/Container/Container.php(1846): Illuminate/Foundation/Application->make('cache.store')
#16 C:/laragon/www/16Hanynur/vendor/laravel/framework/src/Illuminate/Foundation/Providers/ArtisanServiceProvider.php(735): Illuminate/Container/Container->offsetGet('cache.store')
#17 C:/laragon/www/16Hanynur/vendor/laravel/framework/src/Illuminate/Container/Container.php(1140): Illuminate/Foundation/Providers/ArtisanServiceProvider->{closure:Illuminate/Foundation/Providers/ArtisanServiceProvider::registerQueueRestartCommand():734}(Object(Illuminate/Foundation/Application), Array)
#18 C:/laragon/www/16Hanynur/vendor/laravel/framework/src/Illuminate/Container/Container.php(939): Illuminate/Container/Container->build(Object(Closure))
#19 C:/laragon/www/16Hanynur/vendor/laravel/framework/src/Illuminate/Foundation/Application.php(1085): Illuminate/Container/Container->resolve('Illuminate//Queu...', Array, true)
#20 C:/laragon/www/16Hanynur/vendor/laravel/framework/src/Illuminate/Container/Container.php(884): Illuminate/Foundation/Application->resolve('Illuminate//Queu...')
#21 C:/laragon/www/16Hanynur/vendor/laravel/framework/src/Illuminate/Console/ContainerCommandLoader.php(52): Illuminate/Container/Container->get('Illuminate//Queu...')
#22 C:/laragon/www/16Hanynur/vendor/symfony/console/Application.php(664): Illuminate/Console/ContainerCommandLoader->get('queue:restart')
#23 C:/laragon/www/16Hanynur/vendor/symfony/console/Application.php(873): Symfony/Component/Console/Application->has('queue:restart')
#24 C:/laragon/www/16Hanynur/vendor/symfony/console/Descriptor/ApplicationDescription.php(84): Symfony/Component/Console/Application->all(NULL)
#25 C:/laragon/www/16Hanynur/vendor/symfony/console/Descriptor/ApplicationDescription.php(61): Symfony/Component/Console/Descriptor/ApplicationDescription->inspectApplication()
#26 C:/laragon/www/16Hanynur/vendor/symfony/console/Descriptor/TextDescriptor.php(185): Symfony/Component/Console/Descriptor/ApplicationDescription->getCommands()
#27 C:/laragon/www/16Hanynur/vendor/symfony/console/Descriptor/Descriptor.php(40): Symfony/Component/Console/Descriptor/TextDescriptor->describeApplication(Object(Illuminate/Console/Application), Array)
#28 C:/laragon/www/16Hanynur/vendor/symfony/console/Helper/DescriptorHelper.php(67): Symfony/Component/Console/Descriptor/Descriptor->describe(Object(Symfony/Component/Console/Output/ConsoleOutput), Object(Illuminate/Console/Application), Array)
#29 C:/laragon/www/16Hanynur/vendor/symfony/console/Command/ListCommand.php(63): Symfony/Component/Console/Helper/DescriptorHelper->describe(Object(Symfony/Component/Console/Output/ConsoleOutput), Object(Illuminate/Console/Application), Array)
#30 C:/laragon/www/16Hanynur/vendor/symfony/console/Command/Command.php(285): Symfony/Component/Console/Command/ListCommand->execute(Object(Symfony/Component/Console/Input/ArgvInput), Object(Symfony/Component/Console/Output/ConsoleOutput))
#31 C:/laragon/www/16Hanynur/vendor/symfony/console/Application.php(1144): Symfony/Component/Console/Command/Command->run(Object(Symfony/Component/Console/Input/ArgvInput), Object(Symfony/Component/Console/Output/ConsoleOutput))
#32 C:/laragon/www/16Hanynur/vendor/symfony/console/Application.php(379): Symfony/Component/Console/Application->doRunCommand(Object(Symfony/Component/Console/Command/ListCommand), Object(Symfony/Component/Console/Input/ArgvInput), Object(Symfony/Component/Console/Output/ConsoleOutput))
#33 C:/laragon/www/16Hanynur/vendor/symfony/console/Application.php(218): Symfony/Component/Console/Application->doRun(Object(Symfony/Component/Console/Input/ArgvInput), Object(Symfony/Component/Console/Output/ConsoleOutput))
#34 C:/laragon/www/16Hanynur/vendor/laravel/framework/src/Illuminate/Foundation/Console/Kernel.php(198): Symfony/Component/Console/Application->run(Object(Symfony/Component/Console/Input/ArgvInput), Object(Symfony/Component/Console/Output/ConsoleOutput))
#35 Command line code(1): Illuminate/Foundation/Console/Kernel->handle(Object(Symfony/Component/Console/Input/ArgvInput), Object(Symfony/Component/Console/Output/ConsoleOutput))
#36 {main}
"} 
[2026-09-24 02:23:39] local.ERROR: The database configuration URL is malformed. {"exception":"[object] (InvalidArgumentException(code: 0): The database configuration URL is malformed. at C:/laragon/www/16Hanynur/vendor/laravel/framework/src/Illuminate/Support/ConfigurationUrlParser.php:148)
[stacktrace]
#0 C:/laragon/www/16Hanynur/vendor/laravel/framework/src/Illuminate/Support/ConfigurationUrlParser.php(51): Illuminate/Support/ConfigurationUrlParser->parseUrl('postgresql://po...')
#1 C:/laragon/www/16Hanynur/vendor/laravel/framework/src/Illuminate/Database/DatabaseManager.php(230): Illuminate/Support/ConfigurationUrlParser->parseConfiguration(Array)
#2 C:/laragon/www/16Hanynur/vendor/laravel/framework/src/Illuminate/Database/DatabaseManager.php(192): Illuminate/Database/DatabaseManager->configuration('pgsql')
#3 C:/laragon/www/16Hanynur/vendor/laravel/framework/src/Illuminate/Database/DatabaseManager.php(103): Illuminate/Database/DatabaseManager->makeConnection('pgsql')
#4 C:/laragon/www/16Hanynur/vendor/laravel/framework/src/Illuminate/Cache/CacheManager.php(200): Illuminate/Database/DatabaseManager->connection('pgsql')
#5 C:/laragon/www/16Hanynur/vendor/laravel/framework/src/Illuminate/Cache/CacheManager.php(148): Illuminate/Cache/CacheManager->createDatabaseDriver(Array)
#6 C:/laragon/www/16Hanynur/vendor/laravel/framework/src/Illuminate/Cache/CacheManager.php(126): Illuminate/Cache/CacheManager->build(Array)
#7 C:/laragon/www/16Hanynur/vendor/laravel/framework/src/Illuminate/Cache/CacheManager.php(69): Illuminate/Cache/CacheManager->resolve('database')
#8 C:/laragon/www/16Hanynur/vendor/laravel/framework/src/Illuminate/Cache/CacheManager.php(80): Illuminate/Cache/CacheManager->store('database')
#9 C:/laragon/www/16Hanynur/vendor/laravel/framework/src/Illuminate/Cache/CacheServiceProvider.php(23): Illuminate/Cache/CacheManager->driver()
#10 C:/laragon/www/16Hanynur/vendor/laravel/framework/src/Illuminate/Container/Container.php(1140): Illuminate/Cache/CacheServiceProvider->{closure:Illuminate/Cache/CacheServiceProvider::register():22}(Object(Illuminate/Foundation/Application), Array)
#11 C:/laragon/www/16Hanynur/vendor/laravel/framework/src/Illuminate/Container/Container.php(939): Illuminate/Container/Container->build(Object(Closure))
#12 C:/laragon/www/16Hanynur/vendor/laravel/framework/src/Illuminate/Foundation/Application.php(1085): Illuminate/Container/Container->resolve('cache.store', Array, true)
#13 C:/laragon/www/16Hanynur/vendor/laravel/framework/src/Illuminate/Container/Container.php(867): Illuminate/Foundation/Application->resolve('cache.store', Array)
#14 C:/laragon/www/16Hanynur/vendor/laravel/framework/src/Illuminate/Foundation/Application.php(1065): Illuminate/Container/Container->make('cache.store', Array)
#15 C:/laragon/www/16Hanynur/vendor/laravel/framework/src/Illuminate/Container/Container.php(1846): Illuminate/Foundation/Application->make('cache.store')
#16 C:/laragon/www/16Hanynur/vendor/laravel/framework/src/Illuminate/Foundation/Providers/ArtisanServiceProvider.php(735): Illuminate/Container/Container->offsetGet('cache.store')
#17 C:/laragon/www/16Hanynur/vendor/laravel/framework/src/Illuminate/Container/Container.php(1140): Illuminate/Foundation/Providers/ArtisanServiceProvider->{closure:Illuminate/Foundation/Providers/ArtisanServiceProvider::registerQueueRestartCommand():734}(Object(Illuminate/Foundation/Application), Array)
#18 C:/laragon/www/16Hanynur/vendor/laravel/framework/src/Illuminate/Container/Container.php(939): Illuminate/Container/Container->build(Object(Closure))
#19 C:/laragon/www/16Hanynur/vendor/laravel/framework/src/Illuminate/Foundation/Application.php(1085): Illuminate/Container/Container->resolve('Illuminate//Queu...', Array, true)
#20 C:/laragon/www/16Hanynur/vendor/laravel/framework/src/Illuminate/Container/Container.php(884): Illuminate/Foundation/Application->resolve('Illuminate//Queu...')
#21 C:/laragon/www/16Hanynur/vendor/laravel/framework/src/Illuminate/Console/ContainerCommandLoader.php(52): Illuminate/Container/Container->get('Illuminate//Queu...')
#22 C:/laragon/www/16Hanynur/vendor/symfony/console/Application.php(664): Illuminate/Console/ContainerCommandLoader->get('queue:restart')
#23 C:/laragon/www/16Hanynur/vendor/symfony/console/Application.php(873): Symfony/Component/Console/Application->has('queue:restart')
#24 C:/laragon/www/16Hanynur/vendor/symfony/console/Descriptor/ApplicationDescription.php(84): Symfony/Component/Console/Application->all(NULL)
#25 C:/laragon/www/16Hanynur/vendor/symfony/console/Descriptor/ApplicationDescription.php(61): Symfony/Component/Console/Descriptor/ApplicationDescription->inspectApplication()
#26 C:/laragon/www/16Hanynur/vendor/symfony/console/Descriptor/TextDescriptor.php(185): Symfony/Component/Console/Descriptor/ApplicationDescription->getCommands()
#27 C:/laragon/www/16Hanynur/vendor/symfony/console/Descriptor/Descriptor.php(40): Symfony/Component/Console/Descriptor/TextDescriptor->describeApplication(Object(Illuminate/Console/Application), Array)
#28 C:/laragon/www/16Hanynur/vendor/symfony/console/Helper/DescriptorHelper.php(67): Symfony/Component/Console/Descriptor/Descriptor->describe(Object(Symfony/Component/Console/Output/ConsoleOutput), Object(Illuminate/Console/Application), Array)
#29 C:/laragon/www/16Hanynur/vendor/symfony/console/Command/ListCommand.php(63): Symfony/Component/Console/Helper/DescriptorHelper->describe(Object(Symfony/Component/Console/Output/ConsoleOutput), Object(Illuminate/Console/Application), Array)
#30 C:/laragon/www/16Hanynur/vendor/symfony/console/Command/Command.php(285): Symfony/Component/Console/Command/ListCommand->execute(Object(Symfony/Component/Console/Input/ArgvInput), Object(Symfony/Component/Console/Output/ConsoleOutput))
#31 C:/laragon/www/16Hanynur/vendor/symfony/console/Application.php(1144): Symfony/Component/Console/Command/Command->run(Object(Symfony/Component/Console/Input/ArgvInput), Object(Symfony/Component/Console/Output/ConsoleOutput))
#32 C:/laragon/www/16Hanynur/vendor/symfony/console/Application.php(379): Symfony/Component/Console/Application->doRunCommand(Object(Symfony/Component/Console/Command/ListCommand), Object(Symfony/Component/Console/Input/ArgvInput), Object(Symfony/Component/Console/Output/ConsoleOutput))
#33 C:/laragon/www/16Hanynur/vendor/symfony/console/Application.php(218): Symfony/Component/Console/Application->doRun(Object(Symfony/Component/Console/Input/ArgvInput), Object(Symfony/Component/Console/Output/ConsoleOutput))
#34 C:/laragon/www/16Hanynur/vendor/laravel/framework/src/Illuminate/Foundation/Console/Kernel.php(198): Symfony/Component/Console/Application->run(Object(Symfony/Component/Console/Input/ArgvInput), Object(Symfony/Component/Console/Output/ConsoleOutput))
#35 Command line code(1): Illuminate/Foundation/Console/Kernel->handle(Object(Symfony/Component/Console/Input/ArgvInput), Object(Symfony/Component/Console/Output/ConsoleOutput))
#36 {main}
"} 
[2026-09-24 02:24:38] local.ERROR: The database configuration URL is malformed. {"exception":"[object] (InvalidArgumentException(code: 0): The database configuration URL is malformed. at C:/laragon/www/16Hanynur/vendor/laravel/framework/src/Illuminate/Support/ConfigurationUrlParser.php:148)
[stacktrace]
#0 C:/laragon/www/16Hanynur/vendor/laravel/framework/src/Illuminate/Support/ConfigurationUrlParser.php(51): Illuminate/Support/ConfigurationUrlParser->parseUrl('postgresql://po...')
#1 C:/laragon/www/16Hanynur/vendor/laravel/framework/src/Illuminate/Database/DatabaseManager.php(230): Illuminate/Support/ConfigurationUrlParser->parseConfiguration(Array)
#2 C:/laragon/www/16Hanynur/vendor/laravel/framework/src/Illuminate/Database/DatabaseManager.php(192): Illuminate/Database/DatabaseManager->configuration('pgsql')
#3 C:/laragon/www/16Hanynur/vendor/laravel/framework/src/Illuminate/Database/DatabaseManager.php(103): Illuminate/Database/DatabaseManager->makeConnection('pgsql')
#4 C:/laragon/www/16Hanynur/vendor/laravel/framework/src/Illuminate/Cache/CacheManager.php(200): Illuminate/Database/DatabaseManager->connection('pgsql')
#5 C:/laragon/www/16Hanynur/vendor/laravel/framework/src/Illuminate/Cache/CacheManager.php(148): Illuminate/Cache/CacheManager->createDatabaseDriver(Array)
#6 C:/laragon/www/16Hanynur/vendor/laravel/framework/src/Illuminate/Cache/CacheManager.php(126): Illuminate/Cache/CacheManager->build(Array)
#7 C:/laragon/www/16Hanynur/vendor/laravel/framework/src/Illuminate/Cache/CacheManager.php(69): Illuminate/Cache/CacheManager->resolve('database')
#8 C:/laragon/www/16Hanynur/vendor/laravel/framework/src/Illuminate/Cache/CacheManager.php(80): Illuminate/Cache/CacheManager->store('database')
#9 C:/laragon/www/16Hanynur/vendor/laravel/framework/src/Illuminate/Cache/CacheServiceProvider.php(23): Illuminate/Cache/CacheManager->driver()
#10 C:/laragon/www/16Hanynur/vendor/laravel/framework/src/Illuminate/Container/Container.php(1140): Illuminate/Cache/CacheServiceProvider->{closure:Illuminate/Cache/CacheServiceProvider::register():22}(Object(Illuminate/Foundation/Application), Array)
#11 C:/laragon/www/16Hanynur/vendor/laravel/framework/src/Illuminate/Container/Container.php(939): Illuminate/Container/Container->build(Object(Closure))
#12 C:/laragon/www/16Hanynur/vendor/laravel/framework/src/Illuminate/Foundation/Application.php(1085): Illuminate/Container/Container->resolve('cache.store', Array, true)
#13 C:/laragon/www/16Hanynur/vendor/laravel/framework/src/Illuminate/Container/Container.php(867): Illuminate/Foundation/Application->resolve('cache.store', Array)
#14 C:/laragon/www/16Hanynur/vendor/laravel/framework/src/Illuminate/Foundation/Application.php(1065): Illuminate/Container/Container->make('cache.store', Array)
#15 C:/laragon/www/16Hanynur/vendor/laravel/framework/src/Illuminate/Container/Container.php(1846): Illuminate/Foundation/Application->make('cache.store')
#16 C:/laragon/www/16Hanynur/vendor/laravel/framework/src/Illuminate/Foundation/Providers/ArtisanServiceProvider.php(735): Illuminate/Container/Container->offsetGet('cache.store')
#17 C:/laragon/www/16Hanynur/vendor/laravel/framework/src/Illuminate/Container/Container.php(1140): Illuminate/Foundation/Providers/ArtisanServiceProvider->{closure:Illuminate/Foundation/Providers/ArtisanServiceProvider::registerQueueRestartCommand():734}(Object(Illuminate/Foundation/Application), Array)
#18 C:/laragon/www/16Hanynur/vendor/laravel/framework/src/Illuminate/Container/Container.php(939): Illuminate/Container/Container->build(Object(Closure))
#19 C:/laragon/www/16Hanynur/vendor/laravel/framework/src/Illuminate/Foundation/Application.php(1085): Illuminate/Container/Container->resolve('Illuminate//Queu...', Array, true)
#20 C:/laragon/www/16Hanynur/vendor/laravel/framework/src/Illuminate/Container/Container.php(884): Illuminate/Foundation/Application->resolve('Illuminate//Queu...')
#21 C:/laragon/www/16Hanynur/vendor/laravel/framework/src/Illuminate/Console/ContainerCommandLoader.php(52): Illuminate/Container/Container->get('Illuminate//Queu...')
#22 C:/laragon/www/16Hanynur/vendor/symfony/console/Application.php(664): Illuminate/Console/ContainerCommandLoader->get('queue:restart')
#23 C:/laragon/www/16Hanynur/vendor/symfony/console/Application.php(873): Symfony/Component/Console/Application->has('queue:restart')
#24 C:/laragon/www/16Hanynur/vendor/symfony/console/Descriptor/ApplicationDescription.php(84): Symfony/Component/Console/Application->all(NULL)
#25 C:/laragon/www/16Hanynur/vendor/symfony/console/Descriptor/ApplicationDescription.php(61): Symfony/Component/Console/Descriptor/ApplicationDescription->inspectApplication()
#26 C:/laragon/www/16Hanynur/vendor/symfony/console/Descriptor/TextDescriptor.php(185): Symfony/Component/Console/Descriptor/ApplicationDescription->getCommands()
#27 C:/laragon/www/16Hanynur/vendor/symfony/console/Descriptor/Descriptor.php(40): Symfony/Component/Console/Descriptor/TextDescriptor->describeApplication(Object(Illuminate/Console/Application), Array)
#28 C:/laragon/www/16Hanynur/vendor/symfony/console/Helper/DescriptorHelper.php(67): Symfony/Component/Console/Descriptor/Descriptor->describe(Object(Symfony/Component/Console/Output/ConsoleOutput), Object(Illuminate/Console/Application), Array)
#29 C:/laragon/www/16Hanynur/vendor/symfony/console/Command/ListCommand.php(63): Symfony/Component/Console/Helper/DescriptorHelper->describe(Object(Symfony/Component/Console/Output/ConsoleOutput), Object(Illuminate/Console/Application), Array)
#30 C:/laragon/www/16Hanynur/vendor/symfony/console/Command/Command.php(285): Symfony/Component/Console/Command/ListCommand->execute(Object(Symfony/Component/Console/Input/ArgvInput), Object(Symfony/Component/Console/Output/ConsoleOutput))
#31 C:/laragon/www/16Hanynur/vendor/symfony/console/Application.php(1144): Symfony/Component/Console/Command/Command->run(Object(Symfony/Component/Console/Input/ArgvInput), Object(Symfony/Component/Console/Output/ConsoleOutput))
#32 C:/laragon/www/16Hanynur/vendor/symfony/console/Application.php(379): Symfony/Component/Console/Application->doRunCommand(Object(Symfony/Component/Console/Command/ListCommand), Object(Symfony/Component/Console/Input/ArgvInput), Object(Symfony/Component/Console/Output/ConsoleOutput))
#33 C:/laragon/www/16Hanynur/vendor/symfony/console/Application.php(218): Symfony/Component/Console/Application->doRun(Object(Symfony/Component/Console/Input/ArgvInput), Object(Symfony/Component/Console/Output/ConsoleOutput))
#34 C:/laragon/www/16Hanynur/vendor/laravel/framework/src/Illuminate/Foundation/Console/Kernel.php(198): Symfony/Component/Console/Application->run(Object(Symfony/Component/Console/Input/ArgvInput), Object(Symfony/Component/Console/Output/ConsoleOutput))
#35 Command line code(1): Illuminate/Foundation/Console/Kernel->handle(Object(Symfony/Component/Console/Input/ArgvInput), Object(Symfony/Component/Console/Output/ConsoleOutput))
#36 {main}
"} 
[2026-09-24 02:24:39] local.ERROR: The database configuration URL is malformed. {"exception":"[object] (InvalidArgumentException(code: 0): The database configuration URL is malformed. at C:/laragon/www/16Hanynur/vendor/laravel/framework/src/Illuminate/Support/ConfigurationUrlParser.php:148)
[stacktrace]
#0 C:/laragon/www/16Hanynur/vendor/laravel/framework/src/Illuminate/Support/ConfigurationUrlParser.php(51): Illuminate/Support/ConfigurationUrlParser->parseUrl('postgresql://po...')
#1 C:/laragon/www/16Hanynur/vendor/laravel/framework/src/Illuminate/Database/DatabaseManager.php(230): Illuminate/Support/ConfigurationUrlParser->parseConfiguration(Array)
#2 C:/laragon/www/16Hanynur/vendor/laravel/framework/src/Illuminate/Database/DatabaseManager.php(192): Illuminate/Database/DatabaseManager->configuration('pgsql')
#3 C:/laragon/www/16Hanynur/vendor/laravel/framework/src/Illuminate/Database/DatabaseManager.php(103): Illuminate/Database/DatabaseManager->makeConnection('pgsql')
#4 C:/laragon/www/16Hanynur/vendor/laravel/framework/src/Illuminate/Cache/CacheManager.php(200): Illuminate/Database/DatabaseManager->connection('pgsql')
#5 C:/laragon/www/16Hanynur/vendor/laravel/framework/src/Illuminate/Cache/CacheManager.php(148): Illuminate/Cache/CacheManager->createDatabaseDriver(Array)
#6 C:/laragon/www/16Hanynur/vendor/laravel/framework/src/Illuminate/Cache/CacheManager.php(126): Illuminate/Cache/CacheManager->build(Array)
#7 C:/laragon/www/16Hanynur/vendor/laravel/framework/src/Illuminate/Cache/CacheManager.php(69): Illuminate/Cache/CacheManager->resolve('database')
#8 C:/laragon/www/16Hanynur/vendor/laravel/framework/src/Illuminate/Cache/CacheManager.php(80): Illuminate/Cache/CacheManager->store('database')
#9 C:/laragon/www/16Hanynur/vendor/laravel/framework/src/Illuminate/Cache/CacheServiceProvider.php(23): Illuminate/Cache/CacheManager->driver()
#10 C:/laragon/www/16Hanynur/vendor/laravel/framework/src/Illuminate/Container/Container.php(1140): Illuminate/Cache/CacheServiceProvider->{closure:Illuminate/Cache/CacheServiceProvider::register():22}(Object(Illuminate/Foundation/Application), Array)
#11 C:/laragon/www/16Hanynur/vendor/laravel/framework/src/Illuminate/Container/Container.php(939): Illuminate/Container/Container->build(Object(Closure))
#12 C:/laragon/www/16Hanynur/vendor/laravel/framework/src/Illuminate/Foundation/Application.php(1085): Illuminate/Container/Container->resolve('cache.store', Array, true)
#13 C:/laragon/www/16Hanynur/vendor/laravel/framework/src/Illuminate/Container/Container.php(867): Illuminate/Foundation/Application->resolve('cache.store', Array)
#14 C:/laragon/www/16Hanynur/vendor/laravel/framework/src/Illuminate/Foundation/Application.php(1065): Illuminate/Container/Container->make('cache.store', Array)
#15 C:/laragon/www/16Hanynur/vendor/laravel/framework/src/Illuminate/Container/Container.php(1846): Illuminate/Foundation/Application->make('cache.store')
#16 C:/laragon/www/16Hanynur/vendor/laravel/framework/src/Illuminate/Foundation/Providers/ArtisanServiceProvider.php(735): Illuminate/Container/Container->offsetGet('cache.store')
#17 C:/laragon/www/16Hanynur/vendor/laravel/framework/src/Illuminate/Container/Container.php(1140): Illuminate/Foundation/Providers/ArtisanServiceProvider->{closure:Illuminate/Foundation/Providers/ArtisanServiceProvider::registerQueueRestartCommand():734}(Object(Illuminate/Foundation/Application), Array)
#18 C:/laragon/www/16Hanynur/vendor/laravel/framework/src/Illuminate/Container/Container.php(939): Illuminate/Container/Container->build(Object(Closure))
#19 C:/laragon/www/16Hanynur/vendor/laravel/framework/src/Illuminate/Foundation/Application.php(1085): Illuminate/Container/Container->resolve('Illuminate//Queu...', Array, true)
#20 C:/laragon/www/16Hanynur/vendor/laravel/framework/src/Illuminate/Container/Container.php(884): Illuminate/Foundation/Application->resolve('Illuminate//Queu...')
#21 C:/laragon/www/16Hanynur/vendor/laravel/framework/src/Illuminate/Console/ContainerCommandLoader.php(52): Illuminate/Container/Container->get('Illuminate//Queu...')
#22 C:/laragon/www/16Hanynur/vendor/symfony/console/Application.php(664): Illuminate/Console/ContainerCommandLoader->get('queue:restart')
#23 C:/laragon/www/16Hanynur/vendor/symfony/console/Application.php(873): Symfony/Component/Console/Application->has('queue:restart')
#24 C:/laragon/www/16Hanynur/vendor/symfony/console/Descriptor/ApplicationDescription.php(84): Symfony/Component/Console/Application->all(NULL)
#25 C:/laragon/www/16Hanynur/vendor/symfony/console/Descriptor/ApplicationDescription.php(61): Symfony/Component/Console/Descriptor/ApplicationDescription->inspectApplication()
#26 C:/laragon/www/16Hanynur/vendor/symfony/console/Descriptor/TextDescriptor.php(185): Symfony/Component/Console/Descriptor/ApplicationDescription->getCommands()
#27 C:/laragon/www/16Hanynur/vendor/symfony/console/Descriptor/Descriptor.php(40): Symfony/Component/Console/Descriptor/TextDescriptor->describeApplication(Object(Illuminate/Console/Application), Array)
#28 C:/laragon/www/16Hanynur/vendor/symfony/console/Helper/DescriptorHelper.php(67): Symfony/Component/Console/Descriptor/Descriptor->describe(Object(Symfony/Component/Console/Output/ConsoleOutput), Object(Illuminate/Console/Application), Array)
#29 C:/laragon/www/16Hanynur/vendor/symfony/console/Command/ListCommand.php(63): Symfony/Component/Console/Helper/DescriptorHelper->describe(Object(Symfony/Component/Console/Output/ConsoleOutput), Object(Illuminate/Console/Application), Array)
#30 C:/laragon/www/16Hanynur/vendor/symfony/console/Command/Command.php(285): Symfony/Component/Console/Command/ListCommand->execute(Object(Symfony/Component/Console/Input/ArgvInput), Object(Symfony/Component/Console/Output/ConsoleOutput))
#31 C:/laragon/www/16Hanynur/vendor/symfony/console/Application.php(1144): Symfony/Component/Console/Command/Command->run(Object(Symfony/Component/Console/Input/ArgvInput), Object(Symfony/Component/Console/Output/ConsoleOutput))
#32 C:/laragon/www/16Hanynur/vendor/symfony/console/Application.php(379): Symfony/Component/Console/Application->doRunCommand(Object(Symfony/Component/Console/Command/ListCommand), Object(Symfony/Component/Console/Input/ArgvInput), Object(Symfony/Component/Console/Output/ConsoleOutput))
#33 C:/laragon/www/16Hanynur/vendor/symfony/console/Application.php(218): Symfony/Component/Console/Application->doRun(Object(Symfony/Component/Console/Input/ArgvInput), Object(Symfony/Component/Console/Output/ConsoleOutput))
#34 C:/laragon/www/16Hanynur/vendor/laravel/framework/src/Illuminate/Foundation/Console/Kernel.php(198): Symfony/Component/Console/Application->run(Object(Symfony/Component/Console/Input/ArgvInput), Object(Symfony/Component/Console/Output/ConsoleOutput))
#35 Command line code(1): Illuminate/Foundation/Console/Kernel->handle(Object(Symfony/Component/Console/Input/ArgvInput), Object(Symfony/Component/Console/Output/ConsoleOutput))
#36 {main}
"} 
[2026-09-24 02:25:44] local.ERROR: The database configuration URL is malformed. {"exception":"[object] (InvalidArgumentException(code: 0): The database configuration URL is malformed. at C:/laragon/www/16Hanynur/vendor/laravel/framework/src/Illuminate/Support/ConfigurationUrlParser.php:148)
[stacktrace]
#0 C:/laragon/www/16Hanynur/vendor/laravel/framework/src/Illuminate/Support/ConfigurationUrlParser.php(51): Illuminate/Support/ConfigurationUrlParser->parseUrl('postgresql://po...')
#1 C:/laragon/www/16Hanynur/vendor/laravel/framework/src/Illuminate/Database/DatabaseManager.php(230): Illuminate/Support/ConfigurationUrlParser->parseConfiguration(Array)
#2 C:/laragon/www/16Hanynur/vendor/laravel/framework/src/Illuminate/Database/DatabaseManager.php(192): Illuminate/Database/DatabaseManager->configuration('pgsql')
#3 C:/laragon/www/16Hanynur/vendor/laravel/framework/src/Illuminate/Database/DatabaseManager.php(103): Illuminate/Database/DatabaseManager->makeConnection('pgsql')
#4 C:/laragon/www/16Hanynur/vendor/laravel/framework/src/Illuminate/Cache/CacheManager.php(200): Illuminate/Database/DatabaseManager->connection('pgsql')
#5 C:/laragon/www/16Hanynur/vendor/laravel/framework/src/Illuminate/Cache/CacheManager.php(148): Illuminate/Cache/CacheManager->createDatabaseDriver(Array)
#6 C:/laragon/www/16Hanynur/vendor/laravel/framework/src/Illuminate/Cache/CacheManager.php(126): Illuminate/Cache/CacheManager->build(Array)
#7 C:/laragon/www/16Hanynur/vendor/laravel/framework/src/Illuminate/Cache/CacheManager.php(69): Illuminate/Cache/CacheManager->resolve('database')
#8 C:/laragon/www/16Hanynur/vendor/laravel/framework/src/Illuminate/Cache/CacheManager.php(80): Illuminate/Cache/CacheManager->store('database')
#9 C:/laragon/www/16Hanynur/vendor/laravel/framework/src/Illuminate/Cache/CacheServiceProvider.php(23): Illuminate/Cache/CacheManager->driver()
#10 C:/laragon/www/16Hanynur/vendor/laravel/framework/src/Illuminate/Container/Container.php(1140): Illuminate/Cache/CacheServiceProvider->{closure:Illuminate/Cache/CacheServiceProvider::register():22}(Object(Illuminate/Foundation/Application), Array)
#11 C:/laragon/www/16Hanynur/vendor/laravel/framework/src/Illuminate/Container/Container.php(939): Illuminate/Container/Container->build(Object(Closure))
#12 C:/laragon/www/16Hanynur/vendor/laravel/framework/src/Illuminate/Foundation/Application.php(1085): Illuminate/Container/Container->resolve('cache.store', Array, true)
#13 C:/laragon/www/16Hanynur/vendor/laravel/framework/src/Illuminate/Container/Container.php(867): Illuminate/Foundation/Application->resolve('cache.store', Array)
#14 C:/laragon/www/16Hanynur/vendor/laravel/framework/src/Illuminate/Foundation/Application.php(1065): Illuminate/Container/Container->make('cache.store', Array)
#15 C:/laragon/www/16Hanynur/vendor/laravel/framework/src/Illuminate/Container/Container.php(1846): Illuminate/Foundation/Application->make('cache.store')
#16 C:/laragon/www/16Hanynur/vendor/laravel/framework/src/Illuminate/Foundation/Providers/ArtisanServiceProvider.php(735): Illuminate/Container/Container->offsetGet('cache.store')
#17 C:/laragon/www/16Hanynur/vendor/laravel/framework/src/Illuminate/Container/Container.php(1140): Illuminate/Foundation/Providers/ArtisanServiceProvider->{closure:Illuminate/Foundation/Providers/ArtisanServiceProvider::registerQueueRestartCommand():734}(Object(Illuminate/Foundation/Application), Array)
#18 C:/laragon/www/16Hanynur/vendor/laravel/framework/src/Illuminate/Container/Container.php(939): Illuminate/Container/Container->build(Object(Closure))
#19 C:/laragon/www/16Hanynur/vendor/laravel/framework/src/Illuminate/Foundation/Application.php(1085): Illuminate/Container/Container->resolve('Illuminate//Queu...', Array, true)
#20 C:/laragon/www/16Hanynur/vendor/laravel/framework/src/Illuminate/Container/Container.php(884): Illuminate/Foundation/Application->resolve('Illuminate//Queu...')
#21 C:/laragon/www/16Hanynur/vendor/laravel/framework/src/Illuminate/Console/ContainerCommandLoader.php(52): Illuminate/Container/Container->get('Illuminate//Queu...')
#22 C:/laragon/www/16Hanynur/vendor/symfony/console/Application.php(664): Illuminate/Console/ContainerCommandLoader->get('queue:restart')
#23 C:/laragon/www/16Hanynur/vendor/symfony/console/Application.php(873): Symfony/Component/Console/Application->has('queue:restart')
#24 C:/laragon/www/16Hanynur/vendor/symfony/console/Descriptor/ApplicationDescription.php(84): Symfony/Component/Console/Application->all(NULL)
#25 C:/laragon/www/16Hanynur/vendor/symfony/console/Descriptor/ApplicationDescription.php(61): Symfony/Component/Console/Descriptor/ApplicationDescription->inspectApplication()
#26 C:/laragon/www/16Hanynur/vendor/symfony/console/Descriptor/TextDescriptor.php(185): Symfony/Component/Console/Descriptor/ApplicationDescription->getCommands()
#27 C:/laragon/www/16Hanynur/vendor/symfony/console/Descriptor/Descriptor.php(40): Symfony/Component/Console/Descriptor/TextDescriptor->describeApplication(Object(Illuminate/Console/Application), Array)
#28 C:/laragon/www/16Hanynur/vendor/symfony/console/Helper/DescriptorHelper.php(67): Symfony/Component/Console/Descriptor/Descriptor->describe(Object(Symfony/Component/Console/Output/ConsoleOutput), Object(Illuminate/Console/Application), Array)
#29 C:/laragon/www/16Hanynur/vendor/symfony/console/Command/ListCommand.php(63): Symfony/Component/Console/Helper/DescriptorHelper->describe(Object(Symfony/Component/Console/Output/ConsoleOutput), Object(Illuminate/Console/Application), Array)
#30 C:/laragon/www/16Hanynur/vendor/symfony/console/Command/Command.php(285): Symfony/Component/Console/Command/ListCommand->execute(Object(Symfony/Component/Console/Input/ArgvInput), Object(Symfony/Component/Console/Output/ConsoleOutput))
#31 C:/laragon/www/16Hanynur/vendor/symfony/console/Application.php(1144): Symfony/Component/Console/Command/Command->run(Object(Symfony/Component/Console/Input/ArgvInput), Object(Symfony/Component/Console/Output/ConsoleOutput))
#32 C:/laragon/www/16Hanynur/vendor/symfony/console/Application.php(379): Symfony/Component/Console/Application->doRunCommand(Object(Symfony/Component/Console/Command/ListCommand), Object(Symfony/Component/Console/Input/ArgvInput), Object(Symfony/Component/Console/Output/ConsoleOutput))
#33 C:/laragon/www/16Hanynur/vendor/symfony/console/Application.php(218): Symfony/Component/Console/Application->doRun(Object(Symfony/Component/Console/Input/ArgvInput), Object(Symfony/Component/Console/Output/ConsoleOutput))
#34 C:/laragon/www/16Hanynur/vendor/laravel/framework/src/Illuminate/Foundation/Console/Kernel.php(198): Symfony/Component/Console/Application->run(Object(Symfony/Component/Console/Input/ArgvInput), Object(Symfony/Component/Console/Output/ConsoleOutput))
#35 Command line code(1): Illuminate/Foundation/Console/Kernel->handle(Object(Symfony/Component/Console/Input/ArgvInput), Object(Symfony/Component/Console/Output/ConsoleOutput))
#36 {main}
"} 
[2026-09-24 02:25:44] local.ERROR: The database configuration URL is malformed. {"exception":"[object] (InvalidArgumentException(code: 0): The database configuration URL is malformed. at C:/laragon/www/16Hanynur/vendor/laravel/framework/src/Illuminate/Support/ConfigurationUrlParser.php:148)
[stacktrace]
#0 C:/laragon/www/16Hanynur/vendor/laravel/framework/src/Illuminate/Support/ConfigurationUrlParser.php(51): Illuminate/Support/ConfigurationUrlParser->parseUrl('postgresql://po...')
#1 C:/laragon/www/16Hanynur/vendor/laravel/framework/src/Illuminate/Database/DatabaseManager.php(230): Illuminate/Support/ConfigurationUrlParser->parseConfiguration(Array)
#2 C:/laragon/www/16Hanynur/vendor/laravel/framework/src/Illuminate/Database/DatabaseManager.php(192): Illuminate/Database/DatabaseManager->configuration('pgsql')
#3 C:/laragon/www/16Hanynur/vendor/laravel/framework/src/Illuminate/Database/DatabaseManager.php(103): Illuminate/Database/DatabaseManager->makeConnection('pgsql')
#4 C:/laragon/www/16Hanynur/vendor/laravel/framework/src/Illuminate/Cache/CacheManager.php(200): Illuminate/Database/DatabaseManager->connection('pgsql')
#5 C:/laragon/www/16Hanynur/vendor/laravel/framework/src/Illuminate/Cache/CacheManager.php(148): Illuminate/Cache/CacheManager->createDatabaseDriver(Array)
#6 C:/laragon/www/16Hanynur/vendor/laravel/framework/src/Illuminate/Cache/CacheManager.php(126): Illuminate/Cache/CacheManager->build(Array)
#7 C:/laragon/www/16Hanynur/vendor/laravel/framework/src/Illuminate/Cache/CacheManager.php(69): Illuminate/Cache/CacheManager->resolve('database')
#8 C:/laragon/www/16Hanynur/vendor/laravel/framework/src/Illuminate/Cache/CacheManager.php(80): Illuminate/Cache/CacheManager->store('database')
#9 C:/laragon/www/16Hanynur/vendor/laravel/framework/src/Illuminate/Cache/CacheServiceProvider.php(23): Illuminate/Cache/CacheManager->driver()
#10 C:/laragon/www/16Hanynur/vendor/laravel/framework/src/Illuminate/Container/Container.php(1140): Illuminate/Cache/CacheServiceProvider->{closure:Illuminate/Cache/CacheServiceProvider::register():22}(Object(Illuminate/Foundation/Application), Array)
#11 C:/laragon/www/16Hanynur/vendor/laravel/framework/src/Illuminate/Container/Container.php(939): Illuminate/Container/Container->build(Object(Closure))
#12 C:/laragon/www/16Hanynur/vendor/laravel/framework/src/Illuminate/Foundation/Application.php(1085): Illuminate/Container/Container->resolve('cache.store', Array, true)
#13 C:/laragon/www/16Hanynur/vendor/laravel/framework/src/Illuminate/Container/Container.php(867): Illuminate/Foundation/Application->resolve('cache.store', Array)
#14 C:/laragon/www/16Hanynur/vendor/laravel/framework/src/Illuminate/Foundation/Application.php(1065): Illuminate/Container/Container->make('cache.store', Array)
#15 C:/laragon/www/16Hanynur/vendor/laravel/framework/src/Illuminate/Container/Container.php(1846): Illuminate/Foundation/Application->make('cache.store')
#16 C:/laragon/www/16Hanynur/vendor/laravel/framework/src/Illuminate/Foundation/Providers/ArtisanServiceProvider.php(735): Illuminate/Container/Container->offsetGet('cache.store')
#17 C:/laragon/www/16Hanynur/vendor/laravel/framework/src/Illuminate/Container/Container.php(1140): Illuminate/Foundation/Providers/ArtisanServiceProvider->{closure:Illuminate/Foundation/Providers/ArtisanServiceProvider::registerQueueRestartCommand():734}(Object(Illuminate/Foundation/Application), Array)
#18 C:/laragon/www/16Hanynur/vendor/laravel/framework/src/Illuminate/Container/Container.php(939): Illuminate/Container/Container->build(Object(Closure))
#19 C:/laragon/www/16Hanynur/vendor/laravel/framework/src/Illuminate/Foundation/Application.php(1085): Illuminate/Container/Container->resolve('Illuminate//Queu...', Array, true)
#20 C:/laragon/www/16Hanynur/vendor/laravel/framework/src/Illuminate/Container/Container.php(884): Illuminate/Foundation/Application->resolve('Illuminate//Queu...')
#21 C:/laragon/www/16Hanynur/vendor/laravel/framework/src/Illuminate/Console/ContainerCommandLoader.php(52): Illuminate/Container/Container->get('Illuminate//Queu...')
#22 C:/laragon/www/16Hanynur/vendor/symfony/console/Application.php(664): Illuminate/Console/ContainerCommandLoader->get('queue:restart')
#23 C:/laragon/www/16Hanynur/vendor/symfony/console/Application.php(873): Symfony/Component/Console/Application->has('queue:restart')
#24 C:/laragon/www/16Hanynur/vendor/symfony/console/Descriptor/ApplicationDescription.php(84): Symfony/Component/Console/Application->all(NULL)
#25 C:/laragon/www/16Hanynur/vendor/symfony/console/Descriptor/ApplicationDescription.php(61): Symfony/Component/Console/Descriptor/ApplicationDescription->inspectApplication()
#26 C:/laragon/www/16Hanynur/vendor/symfony/console/Descriptor/TextDescriptor.php(185): Symfony/Component/Console/Descriptor/ApplicationDescription->getCommands()
#27 C:/laragon/www/16Hanynur/vendor/symfony/console/Descriptor/Descriptor.php(40): Symfony/Component/Console/Descriptor/TextDescriptor->describeApplication(Object(Illuminate/Console/Application), Array)
#28 C:/laragon/www/16Hanynur/vendor/symfony/console/Helper/DescriptorHelper.php(67): Symfony/Component/Console/Descriptor/Descriptor->describe(Object(Symfony/Component/Console/Output/ConsoleOutput), Object(Illuminate/Console/Application), Array)
#29 C:/laragon/www/16Hanynur/vendor/symfony/console/Command/ListCommand.php(63): Symfony/Component/Console/Helper/DescriptorHelper->describe(Object(Symfony/Component/Console/Output/ConsoleOutput), Object(Illuminate/Console/Application), Array)
#30 C:/laragon/www/16Hanynur/vendor/symfony/console/Command/Command.php(285): Symfony/Component/Console/Command/ListCommand->execute(Object(Symfony/Component/Console/Input/ArgvInput), Object(Symfony/Component/Console/Output/ConsoleOutput))
#31 C:/laragon/www/16Hanynur/vendor/symfony/console/Application.php(1144): Symfony/Component/Console/Command/Command->run(Object(Symfony/Component/Console/Input/ArgvInput), Object(Symfony/Component/Console/Output/ConsoleOutput))
#32 C:/laragon/www/16Hanynur/vendor/symfony/console/Application.php(379): Symfony/Component/Console/Application->doRunCommand(Object(Symfony/Component/Console/Command/ListCommand), Object(Symfony/Component/Console/Input/ArgvInput), Object(Symfony/Component/Console/Output/ConsoleOutput))
#33 C:/laragon/www/16Hanynur/vendor/symfony/console/Application.php(218): Symfony/Component/Console/Application->doRun(Object(Symfony/Component/Console/Input/ArgvInput), Object(Symfony/Component/Console/Output/ConsoleOutput))
#34 C:/laragon/www/16Hanynur/vendor/laravel/framework/src/Illuminate/Foundation/Console/Kernel.php(198): Symfony/Component/Console/Application->run(Object(Symfony/Component/Console/Input/ArgvInput), Object(Symfony/Component/Console/Output/ConsoleOutput))
#35 Command line code(1): Illuminate/Foundation/Console/Kernel->handle(Object(Symfony/Component/Console/Input/ArgvInput), Object(Symfony/Component/Console/Output/ConsoleOutput))
#36 {main}
"} 
[2026-09-24 02:25:44] local.ERROR: The database configuration URL is malformed. {"exception":"[object] (InvalidArgumentException(code: 0): The database configuration URL is malformed. at C:/laragon/www/16Hanynur/vendor/laravel/framework/src/Illuminate/Support/ConfigurationUrlParser.php:148)
[stacktrace]
#0 C:/laragon/www/16Hanynur/vendor/laravel/framework/src/Illuminate/Support/ConfigurationUrlParser.php(51): Illuminate/Support/ConfigurationUrlParser->parseUrl('postgresql://po...')
#1 C:/laragon/www/16Hanynur/vendor/laravel/framework/src/Illuminate/Database/DatabaseManager.php(230): Illuminate/Support/ConfigurationUrlParser->parseConfiguration(Array)
#2 C:/laragon/www/16Hanynur/vendor/laravel/framework/src/Illuminate/Database/DatabaseManager.php(192): Illuminate/Database/DatabaseManager->configuration('pgsql')
#3 C:/laragon/www/16Hanynur/vendor/laravel/framework/src/Illuminate/Database/DatabaseManager.php(103): Illuminate/Database/DatabaseManager->makeConnection('pgsql')
#4 C:/laragon/www/16Hanynur/vendor/laravel/framework/src/Illuminate/Cache/CacheManager.php(200): Illuminate/Database/DatabaseManager->connection('pgsql')
#5 C:/laragon/www/16Hanynur/vendor/laravel/framework/src/Illuminate/Cache/CacheManager.php(148): Illuminate/Cache/CacheManager->createDatabaseDriver(Array)
#6 C:/laragon/www/16Hanynur/vendor/laravel/framework/src/Illuminate/Cache/CacheManager.php(126): Illuminate/Cache/CacheManager->build(Array)
#7 C:/laragon/www/16Hanynur/vendor/laravel/framework/src/Illuminate/Cache/CacheManager.php(69): Illuminate/Cache/CacheManager->resolve('database')
#8 C:/laragon/www/16Hanynur/vendor/laravel/framework/src/Illuminate/Cache/CacheManager.php(80): Illuminate/Cache/CacheManager->store('database')
#9 C:/laragon/www/16Hanynur/vendor/laravel/framework/src/Illuminate/Cache/CacheServiceProvider.php(23): Illuminate/Cache/CacheManager->driver()
#10 C:/laragon/www/16Hanynur/vendor/laravel/framework/src/Illuminate/Container/Container.php(1140): Illuminate/Cache/CacheServiceProvider->{closure:Illuminate/Cache/CacheServiceProvider::register():22}(Object(Illuminate/Foundation/Application), Array)
#11 C:/laragon/www/16Hanynur/vendor/laravel/framework/src/Illuminate/Container/Container.php(939): Illuminate/Container/Container->build(Object(Closure))
#12 C:/laragon/www/16Hanynur/vendor/laravel/framework/src/Illuminate/Foundation/Application.php(1085): Illuminate/Container/Container->resolve('cache.store', Array, true)
#13 C:/laragon/www/16Hanynur/vendor/laravel/framework/src/Illuminate/Container/Container.php(867): Illuminate/Foundation/Application->resolve('cache.store', Array)
#14 C:/laragon/www/16Hanynur/vendor/laravel/framework/src/Illuminate/Foundation/Application.php(1065): Illuminate/Container/Container->make('cache.store', Array)
#15 C:/laragon/www/16Hanynur/vendor/laravel/framework/src/Illuminate/Container/Container.php(1846): Illuminate/Foundation/Application->make('cache.store')
#16 C:/laragon/www/16Hanynur/vendor/laravel/framework/src/Illuminate/Foundation/Providers/ArtisanServiceProvider.php(735): Illuminate/Container/Container->offsetGet('cache.store')
#17 C:/laragon/www/16Hanynur/vendor/laravel/framework/src/Illuminate/Container/Container.php(1140): Illuminate/Foundation/Providers/ArtisanServiceProvider->{closure:Illuminate/Foundation/Providers/ArtisanServiceProvider::registerQueueRestartCommand():734}(Object(Illuminate/Foundation/Application), Array)
#18 C:/laragon/www/16Hanynur/vendor/laravel/framework/src/Illuminate/Container/Container.php(939): Illuminate/Container/Container->build(Object(Closure))
#19 C:/laragon/www/16Hanynur/vendor/laravel/framework/src/Illuminate/Foundation/Application.php(1085): Illuminate/Container/Container->resolve('Illuminate//Queu...', Array, true)
#20 C:/laragon/www/16Hanynur/vendor/laravel/framework/src/Illuminate/Container/Container.php(884): Illuminate/Foundation/Application->resolve('Illuminate//Queu...')
#21 C:/laragon/www/16Hanynur/vendor/laravel/framework/src/Illuminate/Console/ContainerCommandLoader.php(52): Illuminate/Container/Container->get('Illuminate//Queu...')
#22 C:/laragon/www/16Hanynur/vendor/symfony/console/Application.php(664): Illuminate/Console/ContainerCommandLoader->get('queue:restart')
#23 C:/laragon/www/16Hanynur/vendor/symfony/console/Application.php(873): Symfony/Component/Console/Application->has('queue:restart')
#24 C:/laragon/www/16Hanynur/vendor/symfony/console/Descriptor/ApplicationDescription.php(84): Symfony/Component/Console/Application->all(NULL)
#25 C:/laragon/www/16Hanynur/vendor/symfony/console/Descriptor/ApplicationDescription.php(61): Symfony/Component/Console/Descriptor/ApplicationDescription->inspectApplication()
#26 C:/laragon/www/16Hanynur/vendor/symfony/console/Descriptor/TextDescriptor.php(185): Symfony/Component/Console/Descriptor/ApplicationDescription->getCommands()
#27 C:/laragon/www/16Hanynur/vendor/symfony/console/Descriptor/Descriptor.php(40): Symfony/Component/Console/Descriptor/TextDescriptor->describeApplication(Object(Illuminate/Console/Application), Array)
#28 C:/laragon/www/16Hanynur/vendor/symfony/console/Helper/DescriptorHelper.php(67): Symfony/Component/Console/Descriptor/Descriptor->describe(Object(Symfony/Component/Console/Output/ConsoleOutput), Object(Illuminate/Console/Application), Array)
#29 C:/laragon/www/16Hanynur/vendor/symfony/console/Command/ListCommand.php(63): Symfony/Component/Console/Helper/DescriptorHelper->describe(Object(Symfony/Component/Console/Output/ConsoleOutput), Object(Illuminate/Console/Application), Array)
#30 C:/laragon/www/16Hanynur/vendor/symfony/console/Command/Command.php(285): Symfony/Component/Console/Command/ListCommand->execute(Object(Symfony/Component/Console/Input/ArgvInput), Object(Symfony/Component/Console/Output/ConsoleOutput))
#31 C:/laragon/www/16Hanynur/vendor/symfony/console/Application.php(1144): Symfony/Component/Console/Command/Command->run(Object(Symfony/Component/Console/Input/ArgvInput), Object(Symfony/Component/Console/Output/ConsoleOutput))
#32 C:/laragon/www/16Hanynur/vendor/symfony/console/Application.php(379): Symfony/Component/Console/Application->doRunCommand(Object(Symfony/Component/Console/Command/ListCommand), Object(Symfony/Component/Console/Input/ArgvInput), Object(Symfony/Component/Console/Output/ConsoleOutput))
#33 C:/laragon/www/16Hanynur/vendor/symfony/console/Application.php(218): Symfony/Component/Console/Application->doRun(Object(Symfony/Component/Console/Input/ArgvInput), Object(Symfony/Component/Console/Output/ConsoleOutput))
#34 C:/laragon/www/16Hanynur/vendor/laravel/framework/src/Illuminate/Foundation/Console/Kernel.php(198): Symfony/Component/Console/Application->run(Object(Symfony/Component/Console/Input/ArgvInput), Object(Symfony/Component/Console/Output/ConsoleOutput))
#35 Command line code(1): Illuminate/Foundation/Console/Kernel->handle(Object(Symfony/Component/Console/Input/ArgvInput), Object(Symfony/Component/Console/Output/ConsoleOutput))
#36 {main}
"} 
[2026-09-24 02:26:39] local.ERROR: The database configuration URL is malformed. {"exception":"[object] (InvalidArgumentException(code: 0): The database configuration URL is malformed. at C:/laragon/www/16Hanynur/vendor/laravel/framework/src/Illuminate/Support/ConfigurationUrlParser.php:148)
[stacktrace]
#0 C:/laragon/www/16Hanynur/vendor/laravel/framework/src/Illuminate/Support/ConfigurationUrlParser.php(51): Illuminate/Support/ConfigurationUrlParser->parseUrl('postgresql://po...')
#1 C:/laragon/www/16Hanynur/vendor/laravel/framework/src/Illuminate/Database/DatabaseManager.php(230): Illuminate/Support/ConfigurationUrlParser->parseConfiguration(Array)
#2 C:/laragon/www/16Hanynur/vendor/laravel/framework/src/Illuminate/Database/DatabaseManager.php(192): Illuminate/Database/DatabaseManager->configuration('pgsql')
#3 C:/laragon/www/16Hanynur/vendor/laravel/framework/src/Illuminate/Database/DatabaseManager.php(103): Illuminate/Database/DatabaseManager->makeConnection('pgsql')
#4 C:/laragon/www/16Hanynur/vendor/laravel/framework/src/Illuminate/Cache/CacheManager.php(200): Illuminate/Database/DatabaseManager->connection('pgsql')
#5 C:/laragon/www/16Hanynur/vendor/laravel/framework/src/Illuminate/Cache/CacheManager.php(148): Illuminate/Cache/CacheManager->createDatabaseDriver(Array)
#6 C:/laragon/www/16Hanynur/vendor/laravel/framework/src/Illuminate/Cache/CacheManager.php(126): Illuminate/Cache/CacheManager->build(Array)
#7 C:/laragon/www/16Hanynur/vendor/laravel/framework/src/Illuminate/Cache/CacheManager.php(69): Illuminate/Cache/CacheManager->resolve('database')
#8 C:/laragon/www/16Hanynur/vendor/laravel/framework/src/Illuminate/Cache/CacheManager.php(80): Illuminate/Cache/CacheManager->store('database')
#9 C:/laragon/www/16Hanynur/vendor/laravel/framework/src/Illuminate/Cache/CacheServiceProvider.php(23): Illuminate/Cache/CacheManager->driver()
#10 C:/laragon/www/16Hanynur/vendor/laravel/framework/src/Illuminate/Container/Container.php(1140): Illuminate/Cache/CacheServiceProvider->{closure:Illuminate/Cache/CacheServiceProvider::register():22}(Object(Illuminate/Foundation/Application), Array)
#11 C:/laragon/www/16Hanynur/vendor/laravel/framework/src/Illuminate/Container/Container.php(939): Illuminate/Container/Container->build(Object(Closure))
#12 C:/laragon/www/16Hanynur/vendor/laravel/framework/src/Illuminate/Foundation/Application.php(1085): Illuminate/Container/Container->resolve('cache.store', Array, true)
#13 C:/laragon/www/16Hanynur/vendor/laravel/framework/src/Illuminate/Container/Container.php(867): Illuminate/Foundation/Application->resolve('cache.store', Array)
#14 C:/laragon/www/16Hanynur/vendor/laravel/framework/src/Illuminate/Foundation/Application.php(1065): Illuminate/Container/Container->make('cache.store', Array)
#15 C:/laragon/www/16Hanynur/vendor/laravel/framework/src/Illuminate/Container/Container.php(1846): Illuminate/Foundation/Application->make('cache.store')
#16 C:/laragon/www/16Hanynur/vendor/laravel/framework/src/Illuminate/Foundation/Providers/ArtisanServiceProvider.php(735): Illuminate/Container/Container->offsetGet('cache.store')
#17 C:/laragon/www/16Hanynur/vendor/laravel/framework/src/Illuminate/Container/Container.php(1140): Illuminate/Foundation/Providers/ArtisanServiceProvider->{closure:Illuminate/Foundation/Providers/ArtisanServiceProvider::registerQueueRestartCommand():734}(Object(Illuminate/Foundation/Application), Array)
#18 C:/laragon/www/16Hanynur/vendor/laravel/framework/src/Illuminate/Container/Container.php(939): Illuminate/Container/Container->build(Object(Closure))
#19 C:/laragon/www/16Hanynur/vendor/laravel/framework/src/Illuminate/Foundation/Application.php(1085): Illuminate/Container/Container->resolve('Illuminate//Queu...', Array, true)
#20 C:/laragon/www/16Hanynur/vendor/laravel/framework/src/Illuminate/Container/Container.php(884): Illuminate/Foundation/Application->resolve('Illuminate//Queu...')
#21 C:/laragon/www/16Hanynur/vendor/laravel/framework/src/Illuminate/Console/ContainerCommandLoader.php(52): Illuminate/Container/Container->get('Illuminate//Queu...')
#22 C:/laragon/www/16Hanynur/vendor/symfony/console/Application.php(664): Illuminate/Console/ContainerCommandLoader->get('queue:restart')
#23 C:/laragon/www/16Hanynur/vendor/symfony/console/Application.php(873): Symfony/Component/Console/Application->has('queue:restart')
#24 C:/laragon/www/16Hanynur/vendor/symfony/console/Descriptor/ApplicationDescription.php(84): Symfony/Component/Console/Application->all(NULL)
#25 C:/laragon/www/16Hanynur/vendor/symfony/console/Descriptor/ApplicationDescription.php(61): Symfony/Component/Console/Descriptor/ApplicationDescription->inspectApplication()
#26 C:/laragon/www/16Hanynur/vendor/symfony/console/Descriptor/TextDescriptor.php(185): Symfony/Component/Console/Descriptor/ApplicationDescription->getCommands()
#27 C:/laragon/www/16Hanynur/vendor/symfony/console/Descriptor/Descriptor.php(40): Symfony/Component/Console/Descriptor/TextDescriptor->describeApplication(Object(Illuminate/Console/Application), Array)
#28 C:/laragon/www/16Hanynur/vendor/symfony/console/Helper/DescriptorHelper.php(67): Symfony/Component/Console/Descriptor/Descriptor->describe(Object(Symfony/Component/Console/Output/ConsoleOutput), Object(Illuminate/Console/Application), Array)
#29 C:/laragon/www/16Hanynur/vendor/symfony/console/Command/ListCommand.php(63): Symfony/Component/Console/Helper/DescriptorHelper->describe(Object(Symfony/Component/Console/Output/ConsoleOutput), Object(Illuminate/Console/Application), Array)
#30 C:/laragon/www/16Hanynur/vendor/symfony/console/Command/Command.php(285): Symfony/Component/Console/Command/ListCommand->execute(Object(Symfony/Component/Console/Input/ArgvInput), Object(Symfony/Component/Console/Output/ConsoleOutput))
#31 C:/laragon/www/16Hanynur/vendor/symfony/console/Application.php(1144): Symfony/Component/Console/Command/Command->run(Object(Symfony/Component/Console/Input/ArgvInput), Object(Symfony/Component/Console/Output/ConsoleOutput))
#32 C:/laragon/www/16Hanynur/vendor/symfony/console/Application.php(379): Symfony/Component/Console/Application->doRunCommand(Object(Symfony/Component/Console/Command/ListCommand), Object(Symfony/Component/Console/Input/ArgvInput), Object(Symfony/Component/Console/Output/ConsoleOutput))
#33 C:/laragon/www/16Hanynur/vendor/symfony/console/Application.php(218): Symfony/Component/Console/Application->doRun(Object(Symfony/Component/Console/Input/ArgvInput), Object(Symfony/Component/Console/Output/ConsoleOutput))
#34 C:/laragon/www/16Hanynur/vendor/laravel/framework/src/Illuminate/Foundation/Console/Kernel.php(198): Symfony/Component/Console/Application->run(Object(Symfony/Component/Console/Input/ArgvInput), Object(Symfony/Component/Console/Output/ConsoleOutput))
#35 Command line code(1): Illuminate/Foundation/Console/Kernel->handle(Object(Symfony/Component/Console/Input/ArgvInput), Object(Symfony/Component/Console/Output/ConsoleOutput))
#36 {main}
"} 
[2026-09-24 02:26:39] local.ERROR: The database configuration URL is malformed. {"exception":"[object] (InvalidArgumentException(code: 0): The database configuration URL is malformed. at C:/laragon/www/16Hanynur/vendor/laravel/framework/src/Illuminate/Support/ConfigurationUrlParser.php:148)
[stacktrace]
#0 C:/laragon/www/16Hanynur/vendor/laravel/framework/src/Illuminate/Support/ConfigurationUrlParser.php(51): Illuminate/Support/ConfigurationUrlParser->parseUrl('postgresql://po...')
#1 C:/laragon/www/16Hanynur/vendor/laravel/framework/src/Illuminate/Database/DatabaseManager.php(230): Illuminate/Support/ConfigurationUrlParser->parseConfiguration(Array)
#2 C:/laragon/www/16Hanynur/vendor/laravel/framework/src/Illuminate/Database/DatabaseManager.php(192): Illuminate/Database/DatabaseManager->configuration('pgsql')
#3 C:/laragon/www/16Hanynur/vendor/laravel/framework/src/Illuminate/Database/DatabaseManager.php(103): Illuminate/Database/DatabaseManager->makeConnection('pgsql')
#4 C:/laragon/www/16Hanynur/vendor/laravel/framework/src/Illuminate/Cache/CacheManager.php(200): Illuminate/Database/DatabaseManager->connection('pgsql')
#5 C:/laragon/www/16Hanynur/vendor/laravel/framework/src/Illuminate/Cache/CacheManager.php(148): Illuminate/Cache/CacheManager->createDatabaseDriver(Array)
#6 C:/laragon/www/16Hanynur/vendor/laravel/framework/src/Illuminate/Cache/CacheManager.php(126): Illuminate/Cache/CacheManager->build(Array)
#7 C:/laragon/www/16Hanynur/vendor/laravel/framework/src/Illuminate/Cache/CacheManager.php(69): Illuminate/Cache/CacheManager->resolve('database')
#8 C:/laragon/www/16Hanynur/vendor/laravel/framework/src/Illuminate/Cache/CacheManager.php(80): Illuminate/Cache/CacheManager->store('database')
#9 C:/laragon/www/16Hanynur/vendor/laravel/framework/src/Illuminate/Cache/CacheServiceProvider.php(23): Illuminate/Cache/CacheManager->driver()
#10 C:/laragon/www/16Hanynur/vendor/laravel/framework/src/Illuminate/Container/Container.php(1140): Illuminate/Cache/CacheServiceProvider->{closure:Illuminate/Cache/CacheServiceProvider::register():22}(Object(Illuminate/Foundation/Application), Array)
#11 C:/laragon/www/16Hanynur/vendor/laravel/framework/src/Illuminate/Container/Container.php(939): Illuminate/Container/Container->build(Object(Closure))
#12 C:/laragon/www/16Hanynur/vendor/laravel/framework/src/Illuminate/Foundation/Application.php(1085): Illuminate/Container/Container->resolve('cache.store', Array, true)
#13 C:/laragon/www/16Hanynur/vendor/laravel/framework/src/Illuminate/Container/Container.php(867): Illuminate/Foundation/Application->resolve('cache.store', Array)
#14 C:/laragon/www/16Hanynur/vendor/laravel/framework/src/Illuminate/Foundation/Application.php(1065): Illuminate/Container/Container->make('cache.store', Array)
#15 C:/laragon/www/16Hanynur/vendor/laravel/framework/src/Illuminate/Container/Container.php(1846): Illuminate/Foundation/Application->make('cache.store')
#16 C:/laragon/www/16Hanynur/vendor/laravel/framework/src/Illuminate/Foundation/Providers/ArtisanServiceProvider.php(735): Illuminate/Container/Container->offsetGet('cache.store')
#17 C:/laragon/www/16Hanynur/vendor/laravel/framework/src/Illuminate/Container/Container.php(1140): Illuminate/Foundation/Providers/ArtisanServiceProvider->{closure:Illuminate/Foundation/Providers/ArtisanServiceProvider::registerQueueRestartCommand():734}(Object(Illuminate/Foundation/Application), Array)
#18 C:/laragon/www/16Hanynur/vendor/laravel/framework/src/Illuminate/Container/Container.php(939): Illuminate/Container/Container->build(Object(Closure))
#19 C:/laragon/www/16Hanynur/vendor/laravel/framework/src/Illuminate/Foundation/Application.php(1085): Illuminate/Container/Container->resolve('Illuminate//Queu...', Array, true)
#20 C:/laragon/www/16Hanynur/vendor/laravel/framework/src/Illuminate/Container/Container.php(884): Illuminate/Foundation/Application->resolve('Illuminate//Queu...')
#21 C:/laragon/www/16Hanynur/vendor/laravel/framework/src/Illuminate/Console/ContainerCommandLoader.php(52): Illuminate/Container/Container->get('Illuminate//Queu...')
#22 C:/laragon/www/16Hanynur/vendor/symfony/console/Application.php(664): Illuminate/Console/ContainerCommandLoader->get('queue:restart')
#23 C:/laragon/www/16Hanynur/vendor/symfony/console/Application.php(873): Symfony/Component/Console/Application->has('queue:restart')
#24 C:/laragon/www/16Hanynur/vendor/symfony/console/Descriptor/ApplicationDescription.php(84): Symfony/Component/Console/Application->all(NULL)
#25 C:/laragon/www/16Hanynur/vendor/symfony/console/Descriptor/ApplicationDescription.php(61): Symfony/Component/Console/Descriptor/ApplicationDescription->inspectApplication()
#26 C:/laragon/www/16Hanynur/vendor/symfony/console/Descriptor/TextDescriptor.php(185): Symfony/Component/Console/Descriptor/ApplicationDescription->getCommands()
#27 C:/laragon/www/16Hanynur/vendor/symfony/console/Descriptor/Descriptor.php(40): Symfony/Component/Console/Descriptor/TextDescriptor->describeApplication(Object(Illuminate/Console/Application), Array)
#28 C:/laragon/www/16Hanynur/vendor/symfony/console/Helper/DescriptorHelper.php(67): Symfony/Component/Console/Descriptor/Descriptor->describe(Object(Symfony/Component/Console/Output/ConsoleOutput), Object(Illuminate/Console/Application), Array)
#29 C:/laragon/www/16Hanynur/vendor/symfony/console/Command/ListCommand.php(63): Symfony/Component/Console/Helper/DescriptorHelper->describe(Object(Symfony/Component/Console/Output/ConsoleOutput), Object(Illuminate/Console/Application), Array)
#30 C:/laragon/www/16Hanynur/vendor/symfony/console/Command/Command.php(285): Symfony/Component/Console/Command/ListCommand->execute(Object(Symfony/Component/Console/Input/ArgvInput), Object(Symfony/Component/Console/Output/ConsoleOutput))
#31 C:/laragon/www/16Hanynur/vendor/symfony/console/Application.php(1144): Symfony/Component/Console/Command/Command->run(Object(Symfony/Component/Console/Input/ArgvInput), Object(Symfony/Component/Console/Output/ConsoleOutput))
#32 C:/laragon/www/16Hanynur/vendor/symfony/console/Application.php(379): Symfony/Component/Console/Application->doRunCommand(Object(Symfony/Component/Console/Command/ListCommand), Object(Symfony/Component/Console/Input/ArgvInput), Object(Symfony/Component/Console/Output/ConsoleOutput))
#33 C:/laragon/www/16Hanynur/vendor/symfony/console/Application.php(218): Symfony/Component/Console/Application->doRun(Object(Symfony/Component/Console/Input/ArgvInput), Object(Symfony/Component/Console/Output/ConsoleOutput))
#34 C:/laragon/www/16Hanynur/vendor/laravel/framework/src/Illuminate/Foundation/Console/Kernel.php(198): Symfony/Component/Console/Application->run(Object(Symfony/Component/Console/Input/ArgvInput), Object(Symfony/Component/Console/Output/ConsoleOutput))
#35 Command line code(1): Illuminate/Foundation/Console/Kernel->handle(Object(Symfony/Component/Console/Input/ArgvInput), Object(Symfony/Component/Console/Output/ConsoleOutput))
#36 {main}
"} 
[2026-09-24 02:27:39] local.ERROR: The database configuration URL is malformed. {"exception":"[object] (InvalidArgumentException(code: 0): The database configuration URL is malformed. at C:/laragon/www/16Hanynur/vendor/laravel/framework/src/Illuminate/Support/ConfigurationUrlParser.php:148)
[stacktrace]
#0 C:/laragon/www/16Hanynur/vendor/laravel/framework/src/Illuminate/Support/ConfigurationUrlParser.php(51): Illuminate/Support/ConfigurationUrlParser->parseUrl('postgresql://po...')
#1 C:/laragon/www/16Hanynur/vendor/laravel/framework/src/Illuminate/Database/DatabaseManager.php(230): Illuminate/Support/ConfigurationUrlParser->parseConfiguration(Array)
#2 C:/laragon/www/16Hanynur/vendor/laravel/framework/src/Illuminate/Database/DatabaseManager.php(192): Illuminate/Database/DatabaseManager->configuration('pgsql')
#3 C:/laragon/www/16Hanynur/vendor/laravel/framework/src/Illuminate/Database/DatabaseManager.php(103): Illuminate/Database/DatabaseManager->makeConnection('pgsql')
#4 C:/laragon/www/16Hanynur/vendor/laravel/framework/src/Illuminate/Cache/CacheManager.php(200): Illuminate/Database/DatabaseManager->connection('pgsql')
#5 C:/laragon/www/16Hanynur/vendor/laravel/framework/src/Illuminate/Cache/CacheManager.php(148): Illuminate/Cache/CacheManager->createDatabaseDriver(Array)
#6 C:/laragon/www/16Hanynur/vendor/laravel/framework/src/Illuminate/Cache/CacheManager.php(126): Illuminate/Cache/CacheManager->build(Array)
#7 C:/laragon/www/16Hanynur/vendor/laravel/framework/src/Illuminate/Cache/CacheManager.php(69): Illuminate/Cache/CacheManager->resolve('database')
#8 C:/laragon/www/16Hanynur/vendor/laravel/framework/src/Illuminate/Cache/CacheManager.php(80): Illuminate/Cache/CacheManager->store('database')
#9 C:/laragon/www/16Hanynur/vendor/laravel/framework/src/Illuminate/Cache/CacheServiceProvider.php(23): Illuminate/Cache/CacheManager->driver()
#10 C:/laragon/www/16Hanynur/vendor/laravel/framework/src/Illuminate/Container/Container.php(1140): Illuminate/Cache/CacheServiceProvider->{closure:Illuminate/Cache/CacheServiceProvider::register():22}(Object(Illuminate/Foundation/Application), Array)
#11 C:/laragon/www/16Hanynur/vendor/laravel/framework/src/Illuminate/Container/Container.php(939): Illuminate/Container/Container->build(Object(Closure))
#12 C:/laragon/www/16Hanynur/vendor/laravel/framework/src/Illuminate/Foundation/Application.php(1085): Illuminate/Container/Container->resolve('cache.store', Array, true)
#13 C:/laragon/www/16Hanynur/vendor/laravel/framework/src/Illuminate/Container/Container.php(867): Illuminate/Foundation/Application->resolve('cache.store', Array)
#14 C:/laragon/www/16Hanynur/vendor/laravel/framework/src/Illuminate/Foundation/Application.php(1065): Illuminate/Container/Container->make('cache.store', Array)
#15 C:/laragon/www/16Hanynur/vendor/laravel/framework/src/Illuminate/Container/Container.php(1846): Illuminate/Foundation/Application->make('cache.store')
#16 C:/laragon/www/16Hanynur/vendor/laravel/framework/src/Illuminate/Foundation/Providers/ArtisanServiceProvider.php(735): Illuminate/Container/Container->offsetGet('cache.store')
#17 C:/laragon/www/16Hanynur/vendor/laravel/framework/src/Illuminate/Container/Container.php(1140): Illuminate/Foundation/Providers/ArtisanServiceProvider->{closure:Illuminate/Foundation/Providers/ArtisanServiceProvider::registerQueueRestartCommand():734}(Object(Illuminate/Foundation/Application), Array)
#18 C:/laragon/www/16Hanynur/vendor/laravel/framework/src/Illuminate/Container/Container.php(939): Illuminate/Container/Container->build(Object(Closure))
#19 C:/laragon/www/16Hanynur/vendor/laravel/framework/src/Illuminate/Foundation/Application.php(1085): Illuminate/Container/Container->resolve('Illuminate//Queu...', Array, true)
#20 C:/laragon/www/16Hanynur/vendor/laravel/framework/src/Illuminate/Container/Container.php(884): Illuminate/Foundation/Application->resolve('Illuminate//Queu...')
#21 C:/laragon/www/16Hanynur/vendor/laravel/framework/src/Illuminate/Console/ContainerCommandLoader.php(52): Illuminate/Container/Container->get('Illuminate//Queu...')
#22 C:/laragon/www/16Hanynur/vendor/symfony/console/Application.php(664): Illuminate/Console/ContainerCommandLoader->get('queue:restart')
#23 C:/laragon/www/16Hanynur/vendor/symfony/console/Application.php(873): Symfony/Component/Console/Application->has('queue:restart')
#24 C:/laragon/www/16Hanynur/vendor/symfony/console/Descriptor/ApplicationDescription.php(84): Symfony/Component/Console/Application->all(NULL)
#25 C:/laragon/www/16Hanynur/vendor/symfony/console/Descriptor/ApplicationDescription.php(61): Symfony/Component/Console/Descriptor/ApplicationDescription->inspectApplication()
#26 C:/laragon/www/16Hanynur/vendor/symfony/console/Descriptor/TextDescriptor.php(185): Symfony/Component/Console/Descriptor/ApplicationDescription->getCommands()
#27 C:/laragon/www/16Hanynur/vendor/symfony/console/Descriptor/Descriptor.php(40): Symfony/Component/Console/Descriptor/TextDescriptor->describeApplication(Object(Illuminate/Console/Application), Array)
#28 C:/laragon/www/16Hanynur/vendor/symfony/console/Helper/DescriptorHelper.php(67): Symfony/Component/Console/Descriptor/Descriptor->describe(Object(Symfony/Component/Console/Output/ConsoleOutput), Object(Illuminate/Console/Application), Array)
#29 C:/laragon/www/16Hanynur/vendor/symfony/console/Command/ListCommand.php(63): Symfony/Component/Console/Helper/DescriptorHelper->describe(Object(Symfony/Component/Console/Output/ConsoleOutput), Object(Illuminate/Console/Application), Array)
#30 C:/laragon/www/16Hanynur/vendor/symfony/console/Command/Command.php(285): Symfony/Component/Console/Command/ListCommand->execute(Object(Symfony/Component/Console/Input/ArgvInput), Object(Symfony/Component/Console/Output/ConsoleOutput))
#31 C:/laragon/www/16Hanynur/vendor/symfony/console/Application.php(1144): Symfony/Component/Console/Command/Command->run(Object(Symfony/Component/Console/Input/ArgvInput), Object(Symfony/Component/Console/Output/ConsoleOutput))
#32 C:/laragon/www/16Hanynur/vendor/symfony/console/Application.php(379): Symfony/Component/Console/Application->doRunCommand(Object(Symfony/Component/Console/Command/ListCommand), Object(Symfony/Component/Console/Input/ArgvInput), Object(Symfony/Component/Console/Output/ConsoleOutput))
#33 C:/laragon/www/16Hanynur/vendor/symfony/console/Application.php(218): Symfony/Component/Console/Application->doRun(Object(Symfony/Component/Console/Input/ArgvInput), Object(Symfony/Component/Console/Output/ConsoleOutput))
#34 C:/laragon/www/16Hanynur/vendor/laravel/framework/src/Illuminate/Foundation/Console/Kernel.php(198): Symfony/Component/Console/Application->run(Object(Symfony/Component/Console/Input/ArgvInput), Object(Symfony/Component/Console/Output/ConsoleOutput))
#35 Command line code(1): Illuminate/Foundation/Console/Kernel->handle(Object(Symfony/Component/Console/Input/ArgvInput), Object(Symfony/Component/Console/Output/ConsoleOutput))
#36 {main}
"} 
[2026-09-24 02:27:39] local.ERROR: The database configuration URL is malformed. {"exception":"[object] (InvalidArgumentException(code: 0): The database configuration URL is malformed. at C:/laragon/www/16Hanynur/vendor/laravel/framework/src/Illuminate/Support/ConfigurationUrlParser.php:148)
[stacktrace]
#0 C:/laragon/www/16Hanynur/vendor/laravel/framework/src/Illuminate/Support/ConfigurationUrlParser.php(51): Illuminate/Support/ConfigurationUrlParser->parseUrl('postgresql://po...')
#1 C:/laragon/www/16Hanynur/vendor/laravel/framework/src/Illuminate/Database/DatabaseManager.php(230): Illuminate/Support/ConfigurationUrlParser->parseConfiguration(Array)
#2 C:/laragon/www/16Hanynur/vendor/laravel/framework/src/Illuminate/Database/DatabaseManager.php(192): Illuminate/Database/DatabaseManager->configuration('pgsql')
#3 C:/laragon/www/16Hanynur/vendor/laravel/framework/src/Illuminate/Database/DatabaseManager.php(103): Illuminate/Database/DatabaseManager->makeConnection('pgsql')
#4 C:/laragon/www/16Hanynur/vendor/laravel/framework/src/Illuminate/Cache/CacheManager.php(200): Illuminate/Database/DatabaseManager->connection('pgsql')
#5 C:/laragon/www/16Hanynur/vendor/laravel/framework/src/Illuminate/Cache/CacheManager.php(148): Illuminate/Cache/CacheManager->createDatabaseDriver(Array)
#6 C:/laragon/www/16Hanynur/vendor/laravel/framework/src/Illuminate/Cache/CacheManager.php(126): Illuminate/Cache/CacheManager->build(Array)
#7 C:/laragon/www/16Hanynur/vendor/laravel/framework/src/Illuminate/Cache/CacheManager.php(69): Illuminate/Cache/CacheManager->resolve('database')
#8 C:/laragon/www/16Hanynur/vendor/laravel/framework/src/Illuminate/Cache/CacheManager.php(80): Illuminate/Cache/CacheManager->store('database')
#9 C:/laragon/www/16Hanynur/vendor/laravel/framework/src/Illuminate/Cache/CacheServiceProvider.php(23): Illuminate/Cache/CacheManager->driver()
#10 C:/laragon/www/16Hanynur/vendor/laravel/framework/src/Illuminate/Container/Container.php(1140): Illuminate/Cache/CacheServiceProvider->{closure:Illuminate/Cache/CacheServiceProvider::register():22}(Object(Illuminate/Foundation/Application), Array)
#11 C:/laragon/www/16Hanynur/vendor/laravel/framework/src/Illuminate/Container/Container.php(939): Illuminate/Container/Container->build(Object(Closure))
#12 C:/laragon/www/16Hanynur/vendor/laravel/framework/src/Illuminate/Foundation/Application.php(1085): Illuminate/Container/Container->resolve('cache.store', Array, true)
#13 C:/laragon/www/16Hanynur/vendor/laravel/framework/src/Illuminate/Container/Container.php(867): Illuminate/Foundation/Application->resolve('cache.store', Array)
#14 C:/laragon/www/16Hanynur/vendor/laravel/framework/src/Illuminate/Foundation/Application.php(1065): Illuminate/Container/Container->make('cache.store', Array)
#15 C:/laragon/www/16Hanynur/vendor/laravel/framework/src/Illuminate/Container/Container.php(1846): Illuminate/Foundation/Application->make('cache.store')
#16 C:/laragon/www/16Hanynur/vendor/laravel/framework/src/Illuminate/Foundation/Providers/ArtisanServiceProvider.php(735): Illuminate/Container/Container->offsetGet('cache.store')
#17 C:/laragon/www/16Hanynur/vendor/laravel/framework/src/Illuminate/Container/Container.php(1140): Illuminate/Foundation/Providers/ArtisanServiceProvider->{closure:Illuminate/Foundation/Providers/ArtisanServiceProvider::registerQueueRestartCommand():734}(Object(Illuminate/Foundation/Application), Array)
#18 C:/laragon/www/16Hanynur/vendor/laravel/framework/src/Illuminate/Container/Container.php(939): Illuminate/Container/Container->build(Object(Closure))
#19 C:/laragon/www/16Hanynur/vendor/laravel/framework/src/Illuminate/Foundation/Application.php(1085): Illuminate/Container/Container->resolve('Illuminate//Queu...', Array, true)
#20 C:/laragon/www/16Hanynur/vendor/laravel/framework/src/Illuminate/Container/Container.php(884): Illuminate/Foundation/Application->resolve('Illuminate//Queu...')
#21 C:/laragon/www/16Hanynur/vendor/laravel/framework/src/Illuminate/Console/ContainerCommandLoader.php(52): Illuminate/Container/Container->get('Illuminate//Queu...')
#22 C:/laragon/www/16Hanynur/vendor/symfony/console/Application.php(664): Illuminate/Console/ContainerCommandLoader->get('queue:restart')
#23 C:/laragon/www/16Hanynur/vendor/symfony/console/Application.php(873): Symfony/Component/Console/Application->has('queue:restart')
#24 C:/laragon/www/16Hanynur/vendor/symfony/console/Descriptor/ApplicationDescription.php(84): Symfony/Component/Console/Application->all(NULL)
#25 C:/laragon/www/16Hanynur/vendor/symfony/console/Descriptor/ApplicationDescription.php(61): Symfony/Component/Console/Descriptor/ApplicationDescription->inspectApplication()
#26 C:/laragon/www/16Hanynur/vendor/symfony/console/Descriptor/TextDescriptor.php(185): Symfony/Component/Console/Descriptor/ApplicationDescription->getCommands()
#27 C:/laragon/www/16Hanynur/vendor/symfony/console/Descriptor/Descriptor.php(40): Symfony/Component/Console/Descriptor/TextDescriptor->describeApplication(Object(Illuminate/Console/Application), Array)
#28 C:/laragon/www/16Hanynur/vendor/symfony/console/Helper/DescriptorHelper.php(67): Symfony/Component/Console/Descriptor/Descriptor->describe(Object(Symfony/Component/Console/Output/ConsoleOutput), Object(Illuminate/Console/Application), Array)
#29 C:/laragon/www/16Hanynur/vendor/symfony/console/Command/ListCommand.php(63): Symfony/Component/Console/Helper/DescriptorHelper->describe(Object(Symfony/Component/Console/Output/ConsoleOutput), Object(Illuminate/Console/Application), Array)
#30 C:/laragon/www/16Hanynur/vendor/symfony/console/Command/Command.php(285): Symfony/Component/Console/Command/ListCommand->execute(Object(Symfony/Component/Console/Input/ArgvInput), Object(Symfony/Component/Console/Output/ConsoleOutput))
#31 C:/laragon/www/16Hanynur/vendor/symfony/console/Application.php(1144): Symfony/Component/Console/Command/Command->run(Object(Symfony/Component/Console/Input/ArgvInput), Object(Symfony/Component/Console/Output/ConsoleOutput))
#32 C:/laragon/www/16Hanynur/vendor/symfony/console/Application.php(379): Symfony/Component/Console/Application->doRunCommand(Object(Symfony/Component/Console/Command/ListCommand), Object(Symfony/Component/Console/Input/ArgvInput), Object(Symfony/Component/Console/Output/ConsoleOutput))
#33 C:/laragon/www/16Hanynur/vendor/symfony/console/Application.php(218): Symfony/Component/Console/Application->doRun(Object(Symfony/Component/Console/Input/ArgvInput), Object(Symfony/Component/Console/Output/ConsoleOutput))
#34 C:/laragon/www/16Hanynur/vendor/laravel/framework/src/Illuminate/Foundation/Console/Kernel.php(198): Symfony/Component/Console/Application->run(Object(Symfony/Component/Console/Input/ArgvInput), Object(Symfony/Component/Console/Output/ConsoleOutput))
#35 Command line code(1): Illuminate/Foundation/Console/Kernel->handle(Object(Symfony/Component/Console/Input/ArgvInput), Object(Symfony/Component/Console/Output/ConsoleOutput))
#36 {main}
"} 
[2026-09-24 02:28:22] local.ERROR: The database configuration URL is malformed. {"exception":"[object] (InvalidArgumentException(code: 0): The database configuration URL is malformed. at C:/laragon/www/16Hanynur/vendor/laravel/framework/src/Illuminate/Support/ConfigurationUrlParser.php:148)
[stacktrace]
#0 C:/laragon/www/16Hanynur/vendor/laravel/framework/src/Illuminate/Support/ConfigurationUrlParser.php(51): Illuminate/Support/ConfigurationUrlParser->parseUrl('postgresql://po...')
#1 C:/laragon/www/16Hanynur/vendor/laravel/framework/src/Illuminate/Database/DatabaseManager.php(230): Illuminate/Support/ConfigurationUrlParser->parseConfiguration(Array)
#2 C:/laragon/www/16Hanynur/vendor/laravel/framework/src/Illuminate/Database/DatabaseManager.php(192): Illuminate/Database/DatabaseManager->configuration('pgsql')
#3 C:/laragon/www/16Hanynur/vendor/laravel/framework/src/Illuminate/Database/DatabaseManager.php(103): Illuminate/Database/DatabaseManager->makeConnection('pgsql')
#4 C:/laragon/www/16Hanynur/vendor/laravel/framework/src/Illuminate/Database/Migrations/Migrator.php(747): Illuminate/Database/DatabaseManager->connection('pgsql')
#5 C:/laragon/www/16Hanynur/vendor/laravel/framework/src/Illuminate/Database/Migrations/Migrator.php(691): Illuminate/Database/Migrations/Migrator->directConnectionName('pgsql')
#6 C:/laragon/www/16Hanynur/vendor/laravel/framework/src/Illuminate/Database/Migrations/Migrator.php(669): Illuminate/Database/Migrations/Migrator->setConnection(NULL)
#7 C:/laragon/www/16Hanynur/vendor/laravel/framework/src/Illuminate/Database/Console/Migrations/FreshCommand.php(75): Illuminate/Database/Migrations/Migrator->usingConnection(NULL, Object(Closure))
#8 C:/laragon/www/16Hanynur/vendor/laravel/framework/src/Illuminate/Container/BoundMethod.php(36): Illuminate/Database/Console/Migrations/FreshCommand->handle()
#9 C:/laragon/www/16Hanynur/vendor/laravel/framework/src/Illuminate/Container/Util.php(43): Illuminate/Container/BoundMethod::{closure:Illuminate/Container/BoundMethod::call():35}()
#10 C:/laragon/www/16Hanynur/vendor/laravel/framework/src/Illuminate/Container/BoundMethod.php(96): Illuminate/Container/Util::unwrapIfClosure(Object(Closure))
#11 C:/laragon/www/16Hanynur/vendor/laravel/framework/src/Illuminate/Container/BoundMethod.php(35): Illuminate/Container/BoundMethod::callBoundMethod(Object(Illuminate/Foundation/Application), Array, Object(Closure))
#12 C:/laragon/www/16Hanynur/vendor/laravel/framework/src/Illuminate/Container/Container.php(803): Illuminate/Container/BoundMethod::call(Object(Illuminate/Foundation/Application), Array, Array, NULL)
#13 C:/laragon/www/16Hanynur/vendor/laravel/framework/src/Illuminate/Console/Command.php(292): Illuminate/Container/Container->call(Array)
#14 C:/laragon/www/16Hanynur/vendor/symfony/console/Command/Command.php(285): Illuminate/Console/Command->execute(Object(Symfony/Component/Console/Input/ArgvInput), Object(Illuminate/Console/OutputStyle))
#15 C:/laragon/www/16Hanynur/vendor/laravel/framework/src/Illuminate/Console/Command.php(261): Symfony/Component/Console/Command/Command->run(Object(Symfony/Component/Console/Input/ArgvInput), Object(Illuminate/Console/OutputStyle))
#16 C:/laragon/www/16Hanynur/vendor/symfony/console/Application.php(1144): Illuminate/Console/Command->run(Object(Symfony/Component/Console/Input/ArgvInput), Object(Symfony/Component/Console/Output/ConsoleOutput))
#17 C:/laragon/www/16Hanynur/vendor/symfony/console/Application.php(379): Symfony/Component/Console/Application->doRunCommand(Object(Illuminate/Database/Console/Migrations/FreshCommand), Object(Symfony/Component/Console/Input/ArgvInput), Object(Symfony/Component/Console/Output/ConsoleOutput))
#18 C:/laragon/www/16Hanynur/vendor/symfony/console/Application.php(218): Symfony/Component/Console/Application->doRun(Object(Symfony/Component/Console/Input/ArgvInput), Object(Symfony/Component/Console/Output/ConsoleOutput))
#19 C:/laragon/www/16Hanynur/vendor/laravel/framework/src/Illuminate/Foundation/Console/Kernel.php(198): Symfony/Component/Console/Application->run(Object(Symfony/Component/Console/Input/ArgvInput), Object(Symfony/Component/Console/Output/ConsoleOutput))
#20 C:/laragon/www/16Hanynur/vendor/laravel/framework/src/Illuminate/Foundation/Application.php(1242): Illuminate/Foundation/Console/Kernel->handle(Object(Symfony/Component/Console/Input/ArgvInput), Object(Symfony/Component/Console/Output/ConsoleOutput))
#21 C:/laragon/www/16Hanynur/artisan(16): Illuminate/Foundation/Application->handleCommand(Object(Symfony/Component/Console/Input/ArgvInput))
#22 {main}
"} 
[2026-09-24 02:28:39] local.ERROR: The database configuration URL is malformed. {"exception":"[object] (InvalidArgumentException(code: 0): The database configuration URL is malformed. at C:/laragon/www/16Hanynur/vendor/laravel/framework/src/Illuminate/Support/ConfigurationUrlParser.php:148)
[stacktrace]
#0 C:/laragon/www/16Hanynur/vendor/laravel/framework/src/Illuminate/Support/ConfigurationUrlParser.php(51): Illuminate/Support/ConfigurationUrlParser->parseUrl('postgresql://po...')
#1 C:/laragon/www/16Hanynur/vendor/laravel/framework/src/Illuminate/Database/DatabaseManager.php(230): Illuminate/Support/ConfigurationUrlParser->parseConfiguration(Array)
#2 C:/laragon/www/16Hanynur/vendor/laravel/framework/src/Illuminate/Database/DatabaseManager.php(192): Illuminate/Database/DatabaseManager->configuration('pgsql')
#3 C:/laragon/www/16Hanynur/vendor/laravel/framework/src/Illuminate/Database/DatabaseManager.php(103): Illuminate/Database/DatabaseManager->makeConnection('pgsql')
#4 C:/laragon/www/16Hanynur/vendor/laravel/framework/src/Illuminate/Cache/CacheManager.php(200): Illuminate/Database/DatabaseManager->connection('pgsql')
#5 C:/laragon/www/16Hanynur/vendor/laravel/framework/src/Illuminate/Cache/CacheManager.php(148): Illuminate/Cache/CacheManager->createDatabaseDriver(Array)
#6 C:/laragon/www/16Hanynur/vendor/laravel/framework/src/Illuminate/Cache/CacheManager.php(126): Illuminate/Cache/CacheManager->build(Array)
#7 C:/laragon/www/16Hanynur/vendor/laravel/framework/src/Illuminate/Cache/CacheManager.php(69): Illuminate/Cache/CacheManager->resolve('database')
#8 C:/laragon/www/16Hanynur/vendor/laravel/framework/src/Illuminate/Cache/CacheManager.php(80): Illuminate/Cache/CacheManager->store('database')
#9 C:/laragon/www/16Hanynur/vendor/laravel/framework/src/Illuminate/Cache/CacheServiceProvider.php(23): Illuminate/Cache/CacheManager->driver()
#10 C:/laragon/www/16Hanynur/vendor/laravel/framework/src/Illuminate/Container/Container.php(1140): Illuminate/Cache/CacheServiceProvider->{closure:Illuminate/Cache/CacheServiceProvider::register():22}(Object(Illuminate/Foundation/Application), Array)
#11 C:/laragon/www/16Hanynur/vendor/laravel/framework/src/Illuminate/Container/Container.php(939): Illuminate/Container/Container->build(Object(Closure))
#12 C:/laragon/www/16Hanynur/vendor/laravel/framework/src/Illuminate/Foundation/Application.php(1085): Illuminate/Container/Container->resolve('cache.store', Array, true)
#13 C:/laragon/www/16Hanynur/vendor/laravel/framework/src/Illuminate/Container/Container.php(867): Illuminate/Foundation/Application->resolve('cache.store', Array)
#14 C:/laragon/www/16Hanynur/vendor/laravel/framework/src/Illuminate/Foundation/Application.php(1065): Illuminate/Container/Container->make('cache.store', Array)
#15 C:/laragon/www/16Hanynur/vendor/laravel/framework/src/Illuminate/Container/Container.php(1846): Illuminate/Foundation/Application->make('cache.store')
#16 C:/laragon/www/16Hanynur/vendor/laravel/framework/src/Illuminate/Foundation/Providers/ArtisanServiceProvider.php(735): Illuminate/Container/Container->offsetGet('cache.store')
#17 C:/laragon/www/16Hanynur/vendor/laravel/framework/src/Illuminate/Container/Container.php(1140): Illuminate/Foundation/Providers/ArtisanServiceProvider->{closure:Illuminate/Foundation/Providers/ArtisanServiceProvider::registerQueueRestartCommand():734}(Object(Illuminate/Foundation/Application), Array)
#18 C:/laragon/www/16Hanynur/vendor/laravel/framework/src/Illuminate/Container/Container.php(939): Illuminate/Container/Container->build(Object(Closure))
#19 C:/laragon/www/16Hanynur/vendor/laravel/framework/src/Illuminate/Foundation/Application.php(1085): Illuminate/Container/Container->resolve('Illuminate//Queu...', Array, true)
#20 C:/laragon/www/16Hanynur/vendor/laravel/framework/src/Illuminate/Container/Container.php(884): Illuminate/Foundation/Application->resolve('Illuminate//Queu...')
#21 C:/laragon/www/16Hanynur/vendor/laravel/framework/src/Illuminate/Console/ContainerCommandLoader.php(52): Illuminate/Container/Container->get('Illuminate//Queu...')
#22 C:/laragon/www/16Hanynur/vendor/symfony/console/Application.php(664): Illuminate/Console/ContainerCommandLoader->get('queue:restart')
#23 C:/laragon/www/16Hanynur/vendor/symfony/console/Application.php(873): Symfony/Component/Console/Application->has('queue:restart')
#24 C:/laragon/www/16Hanynur/vendor/symfony/console/Descriptor/ApplicationDescription.php(84): Symfony/Component/Console/Application->all(NULL)
#25 C:/laragon/www/16Hanynur/vendor/symfony/console/Descriptor/ApplicationDescription.php(61): Symfony/Component/Console/Descriptor/ApplicationDescription->inspectApplication()
#26 C:/laragon/www/16Hanynur/vendor/symfony/console/Descriptor/TextDescriptor.php(185): Symfony/Component/Console/Descriptor/ApplicationDescription->getCommands()
#27 C:/laragon/www/16Hanynur/vendor/symfony/console/Descriptor/Descriptor.php(40): Symfony/Component/Console/Descriptor/TextDescriptor->describeApplication(Object(Illuminate/Console/Application), Array)
#28 C:/laragon/www/16Hanynur/vendor/symfony/console/Helper/DescriptorHelper.php(67): Symfony/Component/Console/Descriptor/Descriptor->describe(Object(Symfony/Component/Console/Output/ConsoleOutput), Object(Illuminate/Console/Application), Array)
#29 C:/laragon/www/16Hanynur/vendor/symfony/console/Command/ListCommand.php(63): Symfony/Component/Console/Helper/DescriptorHelper->describe(Object(Symfony/Component/Console/Output/ConsoleOutput), Object(Illuminate/Console/Application), Array)
#30 C:/laragon/www/16Hanynur/vendor/symfony/console/Command/Command.php(285): Symfony/Component/Console/Command/ListCommand->execute(Object(Symfony/Component/Console/Input/ArgvInput), Object(Symfony/Component/Console/Output/ConsoleOutput))
#31 C:/laragon/www/16Hanynur/vendor/symfony/console/Application.php(1144): Symfony/Component/Console/Command/Command->run(Object(Symfony/Component/Console/Input/ArgvInput), Object(Symfony/Component/Console/Output/ConsoleOutput))
#32 C:/laragon/www/16Hanynur/vendor/symfony/console/Application.php(379): Symfony/Component/Console/Application->doRunCommand(Object(Symfony/Component/Console/Command/ListCommand), Object(Symfony/Component/Console/Input/ArgvInput), Object(Symfony/Component/Console/Output/ConsoleOutput))
#33 C:/laragon/www/16Hanynur/vendor/symfony/console/Application.php(218): Symfony/Component/Console/Application->doRun(Object(Symfony/Component/Console/Input/ArgvInput), Object(Symfony/Component/Console/Output/ConsoleOutput))
#34 C:/laragon/www/16Hanynur/vendor/laravel/framework/src/Illuminate/Foundation/Console/Kernel.php(198): Symfony/Component/Console/Application->run(Object(Symfony/Component/Console/Input/ArgvInput), Object(Symfony/Component/Console/Output/ConsoleOutput))
#35 Command line code(1): Illuminate/Foundation/Console/Kernel->handle(Object(Symfony/Component/Console/Input/ArgvInput), Object(Symfony/Component/Console/Output/ConsoleOutput))
#36 {main}
"} 
[2026-09-24 02:28:40] local.ERROR: The database configuration URL is malformed. {"exception":"[object] (InvalidArgumentException(code: 0): The database configuration URL is malformed. at C:/laragon/www/16Hanynur/vendor/laravel/framework/src/Illuminate/Support/ConfigurationUrlParser.php:148)
[stacktrace]
#0 C:/laragon/www/16Hanynur/vendor/laravel/framework/src/Illuminate/Support/ConfigurationUrlParser.php(51): Illuminate/Support/ConfigurationUrlParser->parseUrl('postgresql://po...')
#1 C:/laragon/www/16Hanynur/vendor/laravel/framework/src/Illuminate/Database/DatabaseManager.php(230): Illuminate/Support/ConfigurationUrlParser->parseConfiguration(Array)
#2 C:/laragon/www/16Hanynur/vendor/laravel/framework/src/Illuminate/Database/DatabaseManager.php(192): Illuminate/Database/DatabaseManager->configuration('pgsql')
#3 C:/laragon/www/16Hanynur/vendor/laravel/framework/src/Illuminate/Database/DatabaseManager.php(103): Illuminate/Database/DatabaseManager->makeConnection('pgsql')
#4 C:/laragon/www/16Hanynur/vendor/laravel/framework/src/Illuminate/Cache/CacheManager.php(200): Illuminate/Database/DatabaseManager->connection('pgsql')
#5 C:/laragon/www/16Hanynur/vendor/laravel/framework/src/Illuminate/Cache/CacheManager.php(148): Illuminate/Cache/CacheManager->createDatabaseDriver(Array)
#6 C:/laragon/www/16Hanynur/vendor/laravel/framework/src/Illuminate/Cache/CacheManager.php(126): Illuminate/Cache/CacheManager->build(Array)
#7 C:/laragon/www/16Hanynur/vendor/laravel/framework/src/Illuminate/Cache/CacheManager.php(69): Illuminate/Cache/CacheManager->resolve('database')
#8 C:/laragon/www/16Hanynur/vendor/laravel/framework/src/Illuminate/Cache/CacheManager.php(80): Illuminate/Cache/CacheManager->store('database')
#9 C:/laragon/www/16Hanynur/vendor/laravel/framework/src/Illuminate/Cache/CacheServiceProvider.php(23): Illuminate/Cache/CacheManager->driver()
#10 C:/laragon/www/16Hanynur/vendor/laravel/framework/src/Illuminate/Container/Container.php(1140): Illuminate/Cache/CacheServiceProvider->{closure:Illuminate/Cache/CacheServiceProvider::register():22}(Object(Illuminate/Foundation/Application), Array)
#11 C:/laragon/www/16Hanynur/vendor/laravel/framework/src/Illuminate/Container/Container.php(939): Illuminate/Container/Container->build(Object(Closure))
#12 C:/laragon/www/16Hanynur/vendor/laravel/framework/src/Illuminate/Foundation/Application.php(1085): Illuminate/Container/Container->resolve('cache.store', Array, true)
#13 C:/laragon/www/16Hanynur/vendor/laravel/framework/src/Illuminate/Container/Container.php(867): Illuminate/Foundation/Application->resolve('cache.store', Array)
#14 C:/laragon/www/16Hanynur/vendor/laravel/framework/src/Illuminate/Foundation/Application.php(1065): Illuminate/Container/Container->make('cache.store', Array)
#15 C:/laragon/www/16Hanynur/vendor/laravel/framework/src/Illuminate/Container/Container.php(1846): Illuminate/Foundation/Application->make('cache.store')
#16 C:/laragon/www/16Hanynur/vendor/laravel/framework/src/Illuminate/Foundation/Providers/ArtisanServiceProvider.php(735): Illuminate/Container/Container->offsetGet('cache.store')
#17 C:/laragon/www/16Hanynur/vendor/laravel/framework/src/Illuminate/Container/Container.php(1140): Illuminate/Foundation/Providers/ArtisanServiceProvider->{closure:Illuminate/Foundation/Providers/ArtisanServiceProvider::registerQueueRestartCommand():734}(Object(Illuminate/Foundation/Application), Array)
#18 C:/laragon/www/16Hanynur/vendor/laravel/framework/src/Illuminate/Container/Container.php(939): Illuminate/Container/Container->build(Object(Closure))
#19 C:/laragon/www/16Hanynur/vendor/laravel/framework/src/Illuminate/Foundation/Application.php(1085): Illuminate/Container/Container->resolve('Illuminate//Queu...', Array, true)
#20 C:/laragon/www/16Hanynur/vendor/laravel/framework/src/Illuminate/Container/Container.php(884): Illuminate/Foundation/Application->resolve('Illuminate//Queu...')
#21 C:/laragon/www/16Hanynur/vendor/laravel/framework/src/Illuminate/Console/ContainerCommandLoader.php(52): Illuminate/Container/Container->get('Illuminate//Queu...')
#22 C:/laragon/www/16Hanynur/vendor/symfony/console/Application.php(664): Illuminate/Console/ContainerCommandLoader->get('queue:restart')
#23 C:/laragon/www/16Hanynur/vendor/symfony/console/Application.php(873): Symfony/Component/Console/Application->has('queue:restart')
#24 C:/laragon/www/16Hanynur/vendor/symfony/console/Descriptor/ApplicationDescription.php(84): Symfony/Component/Console/Application->all(NULL)
#25 C:/laragon/www/16Hanynur/vendor/symfony/console/Descriptor/ApplicationDescription.php(61): Symfony/Component/Console/Descriptor/ApplicationDescription->inspectApplication()
#26 C:/laragon/www/16Hanynur/vendor/symfony/console/Descriptor/TextDescriptor.php(185): Symfony/Component/Console/Descriptor/ApplicationDescription->getCommands()
#27 C:/laragon/www/16Hanynur/vendor/symfony/console/Descriptor/Descriptor.php(40): Symfony/Component/Console/Descriptor/TextDescriptor->describeApplication(Object(Illuminate/Console/Application), Array)
#28 C:/laragon/www/16Hanynur/vendor/symfony/console/Helper/DescriptorHelper.php(67): Symfony/Component/Console/Descriptor/Descriptor->describe(Object(Symfony/Component/Console/Output/ConsoleOutput), Object(Illuminate/Console/Application), Array)
#29 C:/laragon/www/16Hanynur/vendor/symfony/console/Command/ListCommand.php(63): Symfony/Component/Console/Helper/DescriptorHelper->describe(Object(Symfony/Component/Console/Output/ConsoleOutput), Object(Illuminate/Console/Application), Array)
#30 C:/laragon/www/16Hanynur/vendor/symfony/console/Command/Command.php(285): Symfony/Component/Console/Command/ListCommand->execute(Object(Symfony/Component/Console/Input/ArgvInput), Object(Symfony/Component/Console/Output/ConsoleOutput))
#31 C:/laragon/www/16Hanynur/vendor/symfony/console/Application.php(1144): Symfony/Component/Console/Command/Command->run(Object(Symfony/Component/Console/Input/ArgvInput), Object(Symfony/Component/Console/Output/ConsoleOutput))
#32 C:/laragon/www/16Hanynur/vendor/symfony/console/Application.php(379): Symfony/Component/Console/Application->doRunCommand(Object(Symfony/Component/Console/Command/ListCommand), Object(Symfony/Component/Console/Input/ArgvInput), Object(Symfony/Component/Console/Output/ConsoleOutput))
#33 C:/laragon/www/16Hanynur/vendor/symfony/console/Application.php(218): Symfony/Component/Console/Application->doRun(Object(Symfony/Component/Console/Input/ArgvInput), Object(Symfony/Component/Console/Output/ConsoleOutput))
#34 C:/laragon/www/16Hanynur/vendor/laravel/framework/src/Illuminate/Foundation/Console/Kernel.php(198): Symfony/Component/Console/Application->run(Object(Symfony/Component/Console/Input/ArgvInput), Object(Symfony/Component/Console/Output/ConsoleOutput))
#35 Command line code(1): Illuminate/Foundation/Console/Kernel->handle(Object(Symfony/Component/Console/Input/ArgvInput), Object(Symfony/Component/Console/Output/ConsoleOutput))
#36 {main}
"} 
[2026-09-24 02:28:55] local.ERROR: The database configuration URL is malformed. {"exception":"[object] (InvalidArgumentException(code: 0): The database configuration URL is malformed. at C:/laragon/www/16Hanynur/vendor/laravel/framework/src/Illuminate/Support/ConfigurationUrlParser.php:148)
[stacktrace]
#0 C:/laragon/www/16Hanynur/vendor/laravel/framework/src/Illuminate/Support/ConfigurationUrlParser.php(51): Illuminate/Support/ConfigurationUrlParser->parseUrl('postgresql://po...')
#1 C:/laragon/www/16Hanynur/vendor/laravel/framework/src/Illuminate/Database/DatabaseManager.php(230): Illuminate/Support/ConfigurationUrlParser->parseConfiguration(Array)
#2 C:/laragon/www/16Hanynur/vendor/laravel/framework/src/Illuminate/Database/DatabaseManager.php(192): Illuminate/Database/DatabaseManager->configuration('pgsql')
#3 C:/laragon/www/16Hanynur/vendor/laravel/framework/src/Illuminate/Database/DatabaseManager.php(103): Illuminate/Database/DatabaseManager->makeConnection('pgsql')
#4 C:/laragon/www/16Hanynur/vendor/laravel/framework/src/Illuminate/Cache/CacheManager.php(200): Illuminate/Database/DatabaseManager->connection('pgsql')
#5 C:/laragon/www/16Hanynur/vendor/laravel/framework/src/Illuminate/Cache/CacheManager.php(148): Illuminate/Cache/CacheManager->createDatabaseDriver(Array)
#6 C:/laragon/www/16Hanynur/vendor/laravel/framework/src/Illuminate/Cache/CacheManager.php(126): Illuminate/Cache/CacheManager->build(Array)
#7 C:/laragon/www/16Hanynur/vendor/laravel/framework/src/Illuminate/Cache/CacheManager.php(69): Illuminate/Cache/CacheManager->resolve('database')
#8 C:/laragon/www/16Hanynur/vendor/laravel/framework/src/Illuminate/Cache/CacheManager.php(80): Illuminate/Cache/CacheManager->store('database')
#9 C:/laragon/www/16Hanynur/vendor/laravel/framework/src/Illuminate/Cache/CacheServiceProvider.php(23): Illuminate/Cache/CacheManager->driver()
#10 C:/laragon/www/16Hanynur/vendor/laravel/framework/src/Illuminate/Container/Container.php(1140): Illuminate/Cache/CacheServiceProvider->{closure:Illuminate/Cache/CacheServiceProvider::register():22}(Object(Illuminate/Foundation/Application), Array)
#11 C:/laragon/www/16Hanynur/vendor/laravel/framework/src/Illuminate/Container/Container.php(939): Illuminate/Container/Container->build(Object(Closure))
#12 C:/laragon/www/16Hanynur/vendor/laravel/framework/src/Illuminate/Foundation/Application.php(1085): Illuminate/Container/Container->resolve('cache.store', Array, true)
#13 C:/laragon/www/16Hanynur/vendor/laravel/framework/src/Illuminate/Container/Container.php(867): Illuminate/Foundation/Application->resolve('cache.store', Array)
#14 C:/laragon/www/16Hanynur/vendor/laravel/framework/src/Illuminate/Foundation/Application.php(1065): Illuminate/Container/Container->make('cache.store', Array)
#15 C:/laragon/www/16Hanynur/vendor/laravel/framework/src/Illuminate/Container/Container.php(1846): Illuminate/Foundation/Application->make('cache.store')
#16 C:/laragon/www/16Hanynur/vendor/laravel/framework/src/Illuminate/Foundation/Providers/ArtisanServiceProvider.php(735): Illuminate/Container/Container->offsetGet('cache.store')
#17 C:/laragon/www/16Hanynur/vendor/laravel/framework/src/Illuminate/Container/Container.php(1140): Illuminate/Foundation/Providers/ArtisanServiceProvider->{closure:Illuminate/Foundation/Providers/ArtisanServiceProvider::registerQueueRestartCommand():734}(Object(Illuminate/Foundation/Application), Array)
#18 C:/laragon/www/16Hanynur/vendor/laravel/framework/src/Illuminate/Container/Container.php(939): Illuminate/Container/Container->build(Object(Closure))
#19 C:/laragon/www/16Hanynur/vendor/laravel/framework/src/Illuminate/Foundation/Application.php(1085): Illuminate/Container/Container->resolve('Illuminate//Queu...', Array, true)
#20 C:/laragon/www/16Hanynur/vendor/laravel/framework/src/Illuminate/Container/Container.php(884): Illuminate/Foundation/Application->resolve('Illuminate//Queu...')
#21 C:/laragon/www/16Hanynur/vendor/laravel/framework/src/Illuminate/Console/ContainerCommandLoader.php(52): Illuminate/Container/Container->get('Illuminate//Queu...')
#22 C:/laragon/www/16Hanynur/vendor/symfony/console/Application.php(664): Illuminate/Console/ContainerCommandLoader->get('queue:restart')
#23 C:/laragon/www/16Hanynur/vendor/symfony/console/Application.php(873): Symfony/Component/Console/Application->has('queue:restart')
#24 C:/laragon/www/16Hanynur/vendor/symfony/console/Descriptor/ApplicationDescription.php(84): Symfony/Component/Console/Application->all(NULL)
#25 C:/laragon/www/16Hanynur/vendor/symfony/console/Descriptor/ApplicationDescription.php(61): Symfony/Component/Console/Descriptor/ApplicationDescription->inspectApplication()
#26 C:/laragon/www/16Hanynur/vendor/symfony/console/Descriptor/TextDescriptor.php(185): Symfony/Component/Console/Descriptor/ApplicationDescription->getCommands()
#27 C:/laragon/www/16Hanynur/vendor/symfony/console/Descriptor/Descriptor.php(40): Symfony/Component/Console/Descriptor/TextDescriptor->describeApplication(Object(Illuminate/Console/Application), Array)
#28 C:/laragon/www/16Hanynur/vendor/symfony/console/Helper/DescriptorHelper.php(67): Symfony/Component/Console/Descriptor/Descriptor->describe(Object(Symfony/Component/Console/Output/ConsoleOutput), Object(Illuminate/Console/Application), Array)
#29 C:/laragon/www/16Hanynur/vendor/symfony/console/Command/ListCommand.php(63): Symfony/Component/Console/Helper/DescriptorHelper->describe(Object(Symfony/Component/Console/Output/ConsoleOutput), Object(Illuminate/Console/Application), Array)
#30 C:/laragon/www/16Hanynur/vendor/symfony/console/Command/Command.php(285): Symfony/Component/Console/Command/ListCommand->execute(Object(Symfony/Component/Console/Input/ArgvInput), Object(Symfony/Component/Console/Output/ConsoleOutput))
#31 C:/laragon/www/16Hanynur/vendor/symfony/console/Application.php(1144): Symfony/Component/Console/Command/Command->run(Object(Symfony/Component/Console/Input/ArgvInput), Object(Symfony/Component/Console/Output/ConsoleOutput))
#32 C:/laragon/www/16Hanynur/vendor/symfony/console/Application.php(379): Symfony/Component/Console/Application->doRunCommand(Object(Symfony/Component/Console/Command/ListCommand), Object(Symfony/Component/Console/Input/ArgvInput), Object(Symfony/Component/Console/Output/ConsoleOutput))
#33 C:/laragon/www/16Hanynur/vendor/symfony/console/Application.php(218): Symfony/Component/Console/Application->doRun(Object(Symfony/Component/Console/Input/ArgvInput), Object(Symfony/Component/Console/Output/ConsoleOutput))
#34 C:/laragon/www/16Hanynur/vendor/laravel/framework/src/Illuminate/Foundation/Console/Kernel.php(198): Symfony/Component/Console/Application->run(Object(Symfony/Component/Console/Input/ArgvInput), Object(Symfony/Component/Console/Output/ConsoleOutput))
#35 Command line code(1): Illuminate/Foundation/Console/Kernel->handle(Object(Symfony/Component/Console/Input/ArgvInput), Object(Symfony/Component/Console/Output/ConsoleOutput))
#36 {main}
"} 
[2026-09-24 02:28:56] local.ERROR: The database configuration URL is malformed. {"exception":"[object] (InvalidArgumentException(code: 0): The database configuration URL is malformed. at C:/laragon/www/16Hanynur/vendor/laravel/framework/src/Illuminate/Support/ConfigurationUrlParser.php:148)
[stacktrace]
#0 C:/laragon/www/16Hanynur/vendor/laravel/framework/src/Illuminate/Support/ConfigurationUrlParser.php(51): Illuminate/Support/ConfigurationUrlParser->parseUrl('postgresql://po...')
#1 C:/laragon/www/16Hanynur/vendor/laravel/framework/src/Illuminate/Database/DatabaseManager.php(230): Illuminate/Support/ConfigurationUrlParser->parseConfiguration(Array)
#2 C:/laragon/www/16Hanynur/vendor/laravel/framework/src/Illuminate/Database/DatabaseManager.php(192): Illuminate/Database/DatabaseManager->configuration('pgsql')
#3 C:/laragon/www/16Hanynur/vendor/laravel/framework/src/Illuminate/Database/DatabaseManager.php(103): Illuminate/Database/DatabaseManager->makeConnection('pgsql')
#4 C:/laragon/www/16Hanynur/vendor/laravel/framework/src/Illuminate/Cache/CacheManager.php(200): Illuminate/Database/DatabaseManager->connection('pgsql')
#5 C:/laragon/www/16Hanynur/vendor/laravel/framework/src/Illuminate/Cache/CacheManager.php(148): Illuminate/Cache/CacheManager->createDatabaseDriver(Array)
#6 C:/laragon/www/16Hanynur/vendor/laravel/framework/src/Illuminate/Cache/CacheManager.php(126): Illuminate/Cache/CacheManager->build(Array)
#7 C:/laragon/www/16Hanynur/vendor/laravel/framework/src/Illuminate/Cache/CacheManager.php(69): Illuminate/Cache/CacheManager->resolve('database')
#8 C:/laragon/www/16Hanynur/vendor/laravel/framework/src/Illuminate/Cache/CacheManager.php(80): Illuminate/Cache/CacheManager->store('database')
#9 C:/laragon/www/16Hanynur/vendor/laravel/framework/src/Illuminate/Cache/CacheServiceProvider.php(23): Illuminate/Cache/CacheManager->driver()
#10 C:/laragon/www/16Hanynur/vendor/laravel/framework/src/Illuminate/Container/Container.php(1140): Illuminate/Cache/CacheServiceProvider->{closure:Illuminate/Cache/CacheServiceProvider::register():22}(Object(Illuminate/Foundation/Application), Array)
#11 C:/laragon/www/16Hanynur/vendor/laravel/framework/src/Illuminate/Container/Container.php(939): Illuminate/Container/Container->build(Object(Closure))
#12 C:/laragon/www/16Hanynur/vendor/laravel/framework/src/Illuminate/Foundation/Application.php(1085): Illuminate/Container/Container->resolve('cache.store', Array, true)
#13 C:/laragon/www/16Hanynur/vendor/laravel/framework/src/Illuminate/Container/Container.php(867): Illuminate/Foundation/Application->resolve('cache.store', Array)
#14 C:/laragon/www/16Hanynur/vendor/laravel/framework/src/Illuminate/Foundation/Application.php(1065): Illuminate/Container/Container->make('cache.store', Array)
#15 C:/laragon/www/16Hanynur/vendor/laravel/framework/src/Illuminate/Container/Container.php(1846): Illuminate/Foundation/Application->make('cache.store')
#16 C:/laragon/www/16Hanynur/vendor/laravel/framework/src/Illuminate/Foundation/Providers/ArtisanServiceProvider.php(735): Illuminate/Container/Container->offsetGet('cache.store')
#17 C:/laragon/www/16Hanynur/vendor/laravel/framework/src/Illuminate/Container/Container.php(1140): Illuminate/Foundation/Providers/ArtisanServiceProvider->{closure:Illuminate/Foundation/Providers/ArtisanServiceProvider::registerQueueRestartCommand():734}(Object(Illuminate/Foundation/Application), Array)
#18 C:/laragon/www/16Hanynur/vendor/laravel/framework/src/Illuminate/Container/Container.php(939): Illuminate/Container/Container->build(Object(Closure))
#19 C:/laragon/www/16Hanynur/vendor/laravel/framework/src/Illuminate/Foundation/Application.php(1085): Illuminate/Container/Container->resolve('Illuminate//Queu...', Array, true)
#20 C:/laragon/www/16Hanynur/vendor/laravel/framework/src/Illuminate/Container/Container.php(884): Illuminate/Foundation/Application->resolve('Illuminate//Queu...')
#21 C:/laragon/www/16Hanynur/vendor/laravel/framework/src/Illuminate/Console/ContainerCommandLoader.php(52): Illuminate/Container/Container->get('Illuminate//Queu...')
#22 C:/laragon/www/16Hanynur/vendor/symfony/console/Application.php(664): Illuminate/Console/ContainerCommandLoader->get('queue:restart')
#23 C:/laragon/www/16Hanynur/vendor/symfony/console/Application.php(873): Symfony/Component/Console/Application->has('queue:restart')
#24 C:/laragon/www/16Hanynur/vendor/symfony/console/Descriptor/ApplicationDescription.php(84): Symfony/Component/Console/Application->all(NULL)
#25 C:/laragon/www/16Hanynur/vendor/symfony/console/Descriptor/ApplicationDescription.php(61): Symfony/Component/Console/Descriptor/ApplicationDescription->inspectApplication()
#26 C:/laragon/www/16Hanynur/vendor/symfony/console/Descriptor/TextDescriptor.php(185): Symfony/Component/Console/Descriptor/ApplicationDescription->getCommands()
#27 C:/laragon/www/16Hanynur/vendor/symfony/console/Descriptor/Descriptor.php(40): Symfony/Component/Console/Descriptor/TextDescriptor->describeApplication(Object(Illuminate/Console/Application), Array)
#28 C:/laragon/www/16Hanynur/vendor/symfony/console/Helper/DescriptorHelper.php(67): Symfony/Component/Console/Descriptor/Descriptor->describe(Object(Symfony/Component/Console/Output/ConsoleOutput), Object(Illuminate/Console/Application), Array)
#29 C:/laragon/www/16Hanynur/vendor/symfony/console/Command/ListCommand.php(63): Symfony/Component/Console/Helper/DescriptorHelper->describe(Object(Symfony/Component/Console/Output/ConsoleOutput), Object(Illuminate/Console/Application), Array)
#30 C:/laragon/www/16Hanynur/vendor/symfony/console/Command/Command.php(285): Symfony/Component/Console/Command/ListCommand->execute(Object(Symfony/Component/Console/Input/ArgvInput), Object(Symfony/Component/Console/Output/ConsoleOutput))
#31 C:/laragon/www/16Hanynur/vendor/symfony/console/Application.php(1144): Symfony/Component/Console/Command/Command->run(Object(Symfony/Component/Console/Input/ArgvInput), Object(Symfony/Component/Console/Output/ConsoleOutput))
#32 C:/laragon/www/16Hanynur/vendor/symfony/console/Application.php(379): Symfony/Component/Console/Application->doRunCommand(Object(Symfony/Component/Console/Command/ListCommand), Object(Symfony/Component/Console/Input/ArgvInput), Object(Symfony/Component/Console/Output/ConsoleOutput))
#33 C:/laragon/www/16Hanynur/vendor/symfony/console/Application.php(218): Symfony/Component/Console/Application->doRun(Object(Symfony/Component/Console/Input/ArgvInput), Object(Symfony/Component/Console/Output/ConsoleOutput))
#34 C:/laragon/www/16Hanynur/vendor/laravel/framework/src/Illuminate/Foundation/Console/Kernel.php(198): Symfony/Component/Console/Application->run(Object(Symfony/Component/Console/Input/ArgvInput), Object(Symfony/Component/Console/Output/ConsoleOutput))
#35 Command line code(1): Illuminate/Foundation/Console/Kernel->handle(Object(Symfony/Component/Console/Input/ArgvInput), Object(Symfony/Component/Console/Output/ConsoleOutput))
#36 {main}
"} 
[2026-09-24 02:28:56] local.ERROR: The database configuration URL is malformed. {"exception":"[object] (InvalidArgumentException(code: 0): The database configuration URL is malformed. at C:/laragon/www/16Hanynur/vendor/laravel/framework/src/Illuminate/Support/ConfigurationUrlParser.php:148)
[stacktrace]
#0 C:/laragon/www/16Hanynur/vendor/laravel/framework/src/Illuminate/Support/ConfigurationUrlParser.php(51): Illuminate/Support/ConfigurationUrlParser->parseUrl('postgresql://po...')
#1 C:/laragon/www/16Hanynur/vendor/laravel/framework/src/Illuminate/Database/DatabaseManager.php(230): Illuminate/Support/ConfigurationUrlParser->parseConfiguration(Array)
#2 C:/laragon/www/16Hanynur/vendor/laravel/framework/src/Illuminate/Database/DatabaseManager.php(192): Illuminate/Database/DatabaseManager->configuration('pgsql')
#3 C:/laragon/www/16Hanynur/vendor/laravel/framework/src/Illuminate/Database/DatabaseManager.php(103): Illuminate/Database/DatabaseManager->makeConnection('pgsql')
#4 C:/laragon/www/16Hanynur/vendor/laravel/framework/src/Illuminate/Cache/CacheManager.php(200): Illuminate/Database/DatabaseManager->connection('pgsql')
#5 C:/laragon/www/16Hanynur/vendor/laravel/framework/src/Illuminate/Cache/CacheManager.php(148): Illuminate/Cache/CacheManager->createDatabaseDriver(Array)
#6 C:/laragon/www/16Hanynur/vendor/laravel/framework/src/Illuminate/Cache/CacheManager.php(126): Illuminate/Cache/CacheManager->build(Array)
#7 C:/laragon/www/16Hanynur/vendor/laravel/framework/src/Illuminate/Cache/CacheManager.php(69): Illuminate/Cache/CacheManager->resolve('database')
#8 C:/laragon/www/16Hanynur/vendor/laravel/framework/src/Illuminate/Cache/CacheManager.php(80): Illuminate/Cache/CacheManager->store('database')
#9 C:/laragon/www/16Hanynur/vendor/laravel/framework/src/Illuminate/Cache/CacheServiceProvider.php(23): Illuminate/Cache/CacheManager->driver()
#10 C:/laragon/www/16Hanynur/vendor/laravel/framework/src/Illuminate/Container/Container.php(1140): Illuminate/Cache/CacheServiceProvider->{closure:Illuminate/Cache/CacheServiceProvider::register():22}(Object(Illuminate/Foundation/Application), Array)
#11 C:/laragon/www/16Hanynur/vendor/laravel/framework/src/Illuminate/Container/Container.php(939): Illuminate/Container/Container->build(Object(Closure))
#12 C:/laragon/www/16Hanynur/vendor/laravel/framework/src/Illuminate/Foundation/Application.php(1085): Illuminate/Container/Container->resolve('cache.store', Array, true)
#13 C:/laragon/www/16Hanynur/vendor/laravel/framework/src/Illuminate/Container/Container.php(867): Illuminate/Foundation/Application->resolve('cache.store', Array)
#14 C:/laragon/www/16Hanynur/vendor/laravel/framework/src/Illuminate/Foundation/Application.php(1065): Illuminate/Container/Container->make('cache.store', Array)
#15 C:/laragon/www/16Hanynur/vendor/laravel/framework/src/Illuminate/Container/Container.php(1846): Illuminate/Foundation/Application->make('cache.store')
#16 C:/laragon/www/16Hanynur/vendor/laravel/framework/src/Illuminate/Foundation/Providers/ArtisanServiceProvider.php(735): Illuminate/Container/Container->offsetGet('cache.store')
#17 C:/laragon/www/16Hanynur/vendor/laravel/framework/src/Illuminate/Container/Container.php(1140): Illuminate/Foundation/Providers/ArtisanServiceProvider->{closure:Illuminate/Foundation/Providers/ArtisanServiceProvider::registerQueueRestartCommand():734}(Object(Illuminate/Foundation/Application), Array)
#18 C:/laragon/www/16Hanynur/vendor/laravel/framework/src/Illuminate/Container/Container.php(939): Illuminate/Container/Container->build(Object(Closure))
#19 C:/laragon/www/16Hanynur/vendor/laravel/framework/src/Illuminate/Foundation/Application.php(1085): Illuminate/Container/Container->resolve('Illuminate//Queu...', Array, true)
#20 C:/laragon/www/16Hanynur/vendor/laravel/framework/src/Illuminate/Container/Container.php(884): Illuminate/Foundation/Application->resolve('Illuminate//Queu...')
#21 C:/laragon/www/16Hanynur/vendor/laravel/framework/src/Illuminate/Console/ContainerCommandLoader.php(52): Illuminate/Container/Container->get('Illuminate//Queu...')
#22 C:/laragon/www/16Hanynur/vendor/symfony/console/Application.php(664): Illuminate/Console/ContainerCommandLoader->get('queue:restart')
#23 C:/laragon/www/16Hanynur/vendor/symfony/console/Application.php(873): Symfony/Component/Console/Application->has('queue:restart')
#24 C:/laragon/www/16Hanynur/vendor/symfony/console/Descriptor/ApplicationDescription.php(84): Symfony/Component/Console/Application->all(NULL)
#25 C:/laragon/www/16Hanynur/vendor/symfony/console/Descriptor/ApplicationDescription.php(61): Symfony/Component/Console/Descriptor/ApplicationDescription->inspectApplication()
#26 C:/laragon/www/16Hanynur/vendor/symfony/console/Descriptor/TextDescriptor.php(185): Symfony/Component/Console/Descriptor/ApplicationDescription->getCommands()
#27 C:/laragon/www/16Hanynur/vendor/symfony/console/Descriptor/Descriptor.php(40): Symfony/Component/Console/Descriptor/TextDescriptor->describeApplication(Object(Illuminate/Console/Application), Array)
#28 C:/laragon/www/16Hanynur/vendor/symfony/console/Helper/DescriptorHelper.php(67): Symfony/Component/Console/Descriptor/Descriptor->describe(Object(Symfony/Component/Console/Output/ConsoleOutput), Object(Illuminate/Console/Application), Array)
#29 C:/laragon/www/16Hanynur/vendor/symfony/console/Command/ListCommand.php(63): Symfony/Component/Console/Helper/DescriptorHelper->describe(Object(Symfony/Component/Console/Output/ConsoleOutput), Object(Illuminate/Console/Application), Array)
#30 C:/laragon/www/16Hanynur/vendor/symfony/console/Command/Command.php(285): Symfony/Component/Console/Command/ListCommand->execute(Object(Symfony/Component/Console/Input/ArgvInput), Object(Symfony/Component/Console/Output/ConsoleOutput))
#31 C:/laragon/www/16Hanynur/vendor/symfony/console/Application.php(1144): Symfony/Component/Console/Command/Command->run(Object(Symfony/Component/Console/Input/ArgvInput), Object(Symfony/Component/Console/Output/ConsoleOutput))
#32 C:/laragon/www/16Hanynur/vendor/symfony/console/Application.php(379): Symfony/Component/Console/Application->doRunCommand(Object(Symfony/Component/Console/Command/ListCommand), Object(Symfony/Component/Console/Input/ArgvInput), Object(Symfony/Component/Console/Output/ConsoleOutput))
#33 C:/laragon/www/16Hanynur/vendor/symfony/console/Application.php(218): Symfony/Component/Console/Application->doRun(Object(Symfony/Component/Console/Input/ArgvInput), Object(Symfony/Component/Console/Output/ConsoleOutput))
#34 C:/laragon/www/16Hanynur/vendor/laravel/framework/src/Illuminate/Foundation/Console/Kernel.php(198): Symfony/Component/Console/Application->run(Object(Symfony/Component/Console/Input/ArgvInput), Object(Symfony/Component/Console/Output/ConsoleOutput))
#35 Command line code(1): Illuminate/Foundation/Console/Kernel->handle(Object(Symfony/Component/Console/Input/ArgvInput), Object(Symfony/Component/Console/Output/ConsoleOutput))
#36 {main}
"} 
[2026-09-24 02:28:56] local.ERROR: The database configuration URL is malformed. {"exception":"[object] (InvalidArgumentException(code: 0): The database configuration URL is malformed. at C:/laragon/www/16Hanynur/vendor/laravel/framework/src/Illuminate/Support/ConfigurationUrlParser.php:148)
[stacktrace]
#0 C:/laragon/www/16Hanynur/vendor/laravel/framework/src/Illuminate/Support/ConfigurationUrlParser.php(51): Illuminate/Support/ConfigurationUrlParser->parseUrl('postgresql://po...')
#1 C:/laragon/www/16Hanynur/vendor/laravel/framework/src/Illuminate/Database/DatabaseManager.php(230): Illuminate/Support/ConfigurationUrlParser->parseConfiguration(Array)
#2 C:/laragon/www/16Hanynur/vendor/laravel/framework/src/Illuminate/Database/DatabaseManager.php(192): Illuminate/Database/DatabaseManager->configuration('pgsql')
#3 C:/laragon/www/16Hanynur/vendor/laravel/framework/src/Illuminate/Database/DatabaseManager.php(103): Illuminate/Database/DatabaseManager->makeConnection('pgsql')
#4 C:/laragon/www/16Hanynur/vendor/laravel/framework/src/Illuminate/Cache/CacheManager.php(200): Illuminate/Database/DatabaseManager->connection('pgsql')
#5 C:/laragon/www/16Hanynur/vendor/laravel/framework/src/Illuminate/Cache/CacheManager.php(148): Illuminate/Cache/CacheManager->createDatabaseDriver(Array)
#6 C:/laragon/www/16Hanynur/vendor/laravel/framework/src/Illuminate/Cache/CacheManager.php(126): Illuminate/Cache/CacheManager->build(Array)
#7 C:/laragon/www/16Hanynur/vendor/laravel/framework/src/Illuminate/Cache/CacheManager.php(69): Illuminate/Cache/CacheManager->resolve('database')
#8 C:/laragon/www/16Hanynur/vendor/laravel/framework/src/Illuminate/Cache/CacheManager.php(80): Illuminate/Cache/CacheManager->store('database')
#9 C:/laragon/www/16Hanynur/vendor/laravel/framework/src/Illuminate/Cache/CacheServiceProvider.php(23): Illuminate/Cache/CacheManager->driver()
#10 C:/laragon/www/16Hanynur/vendor/laravel/framework/src/Illuminate/Container/Container.php(1140): Illuminate/Cache/CacheServiceProvider->{closure:Illuminate/Cache/CacheServiceProvider::register():22}(Object(Illuminate/Foundation/Application), Array)
#11 C:/laragon/www/16Hanynur/vendor/laravel/framework/src/Illuminate/Container/Container.php(939): Illuminate/Container/Container->build(Object(Closure))
#12 C:/laragon/www/16Hanynur/vendor/laravel/framework/src/Illuminate/Foundation/Application.php(1085): Illuminate/Container/Container->resolve('cache.store', Array, true)
#13 C:/laragon/www/16Hanynur/vendor/laravel/framework/src/Illuminate/Container/Container.php(867): Illuminate/Foundation/Application->resolve('cache.store', Array)
#14 C:/laragon/www/16Hanynur/vendor/laravel/framework/src/Illuminate/Foundation/Application.php(1065): Illuminate/Container/Container->make('cache.store', Array)
#15 C:/laragon/www/16Hanynur/vendor/laravel/framework/src/Illuminate/Container/Container.php(1846): Illuminate/Foundation/Application->make('cache.store')
#16 C:/laragon/www/16Hanynur/vendor/laravel/framework/src/Illuminate/Foundation/Providers/ArtisanServiceProvider.php(735): Illuminate/Container/Container->offsetGet('cache.store')
#17 C:/laragon/www/16Hanynur/vendor/laravel/framework/src/Illuminate/Container/Container.php(1140): Illuminate/Foundation/Providers/ArtisanServiceProvider->{closure:Illuminate/Foundation/Providers/ArtisanServiceProvider::registerQueueRestartCommand():734}(Object(Illuminate/Foundation/Application), Array)
#18 C:/laragon/www/16Hanynur/vendor/laravel/framework/src/Illuminate/Container/Container.php(939): Illuminate/Container/Container->build(Object(Closure))
#19 C:/laragon/www/16Hanynur/vendor/laravel/framework/src/Illuminate/Foundation/Application.php(1085): Illuminate/Container/Container->resolve('Illuminate//Queu...', Array, true)
#20 C:/laragon/www/16Hanynur/vendor/laravel/framework/src/Illuminate/Container/Container.php(884): Illuminate/Foundation/Application->resolve('Illuminate//Queu...')
#21 C:/laragon/www/16Hanynur/vendor/laravel/framework/src/Illuminate/Console/ContainerCommandLoader.php(52): Illuminate/Container/Container->get('Illuminate//Queu...')
#22 C:/laragon/www/16Hanynur/vendor/symfony/console/Application.php(664): Illuminate/Console/ContainerCommandLoader->get('queue:restart')
#23 C:/laragon/www/16Hanynur/vendor/symfony/console/Application.php(873): Symfony/Component/Console/Application->has('queue:restart')
#24 C:/laragon/www/16Hanynur/vendor/symfony/console/Descriptor/ApplicationDescription.php(84): Symfony/Component/Console/Application->all(NULL)
#25 C:/laragon/www/16Hanynur/vendor/symfony/console/Descriptor/ApplicationDescription.php(61): Symfony/Component/Console/Descriptor/ApplicationDescription->inspectApplication()
#26 C:/laragon/www/16Hanynur/vendor/symfony/console/Descriptor/TextDescriptor.php(185): Symfony/Component/Console/Descriptor/ApplicationDescription->getCommands()
#27 C:/laragon/www/16Hanynur/vendor/symfony/console/Descriptor/Descriptor.php(40): Symfony/Component/Console/Descriptor/TextDescriptor->describeApplication(Object(Illuminate/Console/Application), Array)
#28 C:/laragon/www/16Hanynur/vendor/symfony/console/Helper/DescriptorHelper.php(67): Symfony/Component/Console/Descriptor/Descriptor->describe(Object(Symfony/Component/Console/Output/ConsoleOutput), Object(Illuminate/Console/Application), Array)
#29 C:/laragon/www/16Hanynur/vendor/symfony/console/Command/ListCommand.php(63): Symfony/Component/Console/Helper/DescriptorHelper->describe(Object(Symfony/Component/Console/Output/ConsoleOutput), Object(Illuminate/Console/Application), Array)
#30 C:/laragon/www/16Hanynur/vendor/symfony/console/Command/Command.php(285): Symfony/Component/Console/Command/ListCommand->execute(Object(Symfony/Component/Console/Input/ArgvInput), Object(Symfony/Component/Console/Output/ConsoleOutput))
#31 C:/laragon/www/16Hanynur/vendor/symfony/console/Application.php(1144): Symfony/Component/Console/Command/Command->run(Object(Symfony/Component/Console/Input/ArgvInput), Object(Symfony/Component/Console/Output/ConsoleOutput))
#32 C:/laragon/www/16Hanynur/vendor/symfony/console/Application.php(379): Symfony/Component/Console/Application->doRunCommand(Object(Symfony/Component/Console/Command/ListCommand), Object(Symfony/Component/Console/Input/ArgvInput), Object(Symfony/Component/Console/Output/ConsoleOutput))
#33 C:/laragon/www/16Hanynur/vendor/symfony/console/Application.php(218): Symfony/Component/Console/Application->doRun(Object(Symfony/Component/Console/Input/ArgvInput), Object(Symfony/Component/Console/Output/ConsoleOutput))
#34 C:/laragon/www/16Hanynur/vendor/laravel/framework/src/Illuminate/Foundation/Console/Kernel.php(198): Symfony/Component/Console/Application->run(Object(Symfony/Component/Console/Input/ArgvInput), Object(Symfony/Component/Console/Output/ConsoleOutput))
#35 Command line code(1): Illuminate/Foundation/Console/Kernel->handle(Object(Symfony/Component/Console/Input/ArgvInput), Object(Symfony/Component/Console/Output/ConsoleOutput))
#36 {main}
"} 
[2026-09-24 02:28:56] local.ERROR: The database configuration URL is malformed. {"exception":"[object] (InvalidArgumentException(code: 0): The database configuration URL is malformed. at C:/laragon/www/16Hanynur/vendor/laravel/framework/src/Illuminate/Support/ConfigurationUrlParser.php:148)
[stacktrace]
#0 C:/laragon/www/16Hanynur/vendor/laravel/framework/src/Illuminate/Support/ConfigurationUrlParser.php(51): Illuminate/Support/ConfigurationUrlParser->parseUrl('postgresql://po...')
#1 C:/laragon/www/16Hanynur/vendor/laravel/framework/src/Illuminate/Database/DatabaseManager.php(230): Illuminate/Support/ConfigurationUrlParser->parseConfiguration(Array)
#2 C:/laragon/www/16Hanynur/vendor/laravel/framework/src/Illuminate/Database/DatabaseManager.php(192): Illuminate/Database/DatabaseManager->configuration('pgsql')
#3 C:/laragon/www/16Hanynur/vendor/laravel/framework/src/Illuminate/Database/DatabaseManager.php(103): Illuminate/Database/DatabaseManager->makeConnection('pgsql')
#4 C:/laragon/www/16Hanynur/vendor/laravel/framework/src/Illuminate/Cache/CacheManager.php(200): Illuminate/Database/DatabaseManager->connection('pgsql')
#5 C:/laragon/www/16Hanynur/vendor/laravel/framework/src/Illuminate/Cache/CacheManager.php(148): Illuminate/Cache/CacheManager->createDatabaseDriver(Array)
#6 C:/laragon/www/16Hanynur/vendor/laravel/framework/src/Illuminate/Cache/CacheManager.php(126): Illuminate/Cache/CacheManager->build(Array)
#7 C:/laragon/www/16Hanynur/vendor/laravel/framework/src/Illuminate/Cache/CacheManager.php(69): Illuminate/Cache/CacheManager->resolve('database')
#8 C:/laragon/www/16Hanynur/vendor/laravel/framework/src/Illuminate/Cache/CacheManager.php(80): Illuminate/Cache/CacheManager->store('database')
#9 C:/laragon/www/16Hanynur/vendor/laravel/framework/src/Illuminate/Cache/CacheServiceProvider.php(23): Illuminate/Cache/CacheManager->driver()
#10 C:/laragon/www/16Hanynur/vendor/laravel/framework/src/Illuminate/Container/Container.php(1140): Illuminate/Cache/CacheServiceProvider->{closure:Illuminate/Cache/CacheServiceProvider::register():22}(Object(Illuminate/Foundation/Application), Array)
#11 C:/laragon/www/16Hanynur/vendor/laravel/framework/src/Illuminate/Container/Container.php(939): Illuminate/Container/Container->build(Object(Closure))
#12 C:/laragon/www/16Hanynur/vendor/laravel/framework/src/Illuminate/Foundation/Application.php(1085): Illuminate/Container/Container->resolve('cache.store', Array, true)
#13 C:/laragon/www/16Hanynur/vendor/laravel/framework/src/Illuminate/Container/Container.php(867): Illuminate/Foundation/Application->resolve('cache.store', Array)
#14 C:/laragon/www/16Hanynur/vendor/laravel/framework/src/Illuminate/Foundation/Application.php(1065): Illuminate/Container/Container->make('cache.store', Array)
#15 C:/laragon/www/16Hanynur/vendor/laravel/framework/src/Illuminate/Container/Container.php(1846): Illuminate/Foundation/Application->make('cache.store')
#16 C:/laragon/www/16Hanynur/vendor/laravel/framework/src/Illuminate/Foundation/Providers/ArtisanServiceProvider.php(735): Illuminate/Container/Container->offsetGet('cache.store')
#17 C:/laragon/www/16Hanynur/vendor/laravel/framework/src/Illuminate/Container/Container.php(1140): Illuminate/Foundation/Providers/ArtisanServiceProvider->{closure:Illuminate/Foundation/Providers/ArtisanServiceProvider::registerQueueRestartCommand():734}(Object(Illuminate/Foundation/Application), Array)
#18 C:/laragon/www/16Hanynur/vendor/laravel/framework/src/Illuminate/Container/Container.php(939): Illuminate/Container/Container->build(Object(Closure))
#19 C:/laragon/www/16Hanynur/vendor/laravel/framework/src/Illuminate/Foundation/Application.php(1085): Illuminate/Container/Container->resolve('Illuminate//Queu...', Array, true)
#20 C:/laragon/www/16Hanynur/vendor/laravel/framework/src/Illuminate/Container/Container.php(884): Illuminate/Foundation/Application->resolve('Illuminate//Queu...')
#21 C:/laragon/www/16Hanynur/vendor/laravel/framework/src/Illuminate/Console/ContainerCommandLoader.php(52): Illuminate/Container/Container->get('Illuminate//Queu...')
#22 C:/laragon/www/16Hanynur/vendor/symfony/console/Application.php(664): Illuminate/Console/ContainerCommandLoader->get('queue:restart')
#23 C:/laragon/www/16Hanynur/vendor/symfony/console/Application.php(873): Symfony/Component/Console/Application->has('queue:restart')
#24 C:/laragon/www/16Hanynur/vendor/symfony/console/Descriptor/ApplicationDescription.php(84): Symfony/Component/Console/Application->all(NULL)
#25 C:/laragon/www/16Hanynur/vendor/symfony/console/Descriptor/ApplicationDescription.php(61): Symfony/Component/Console/Descriptor/ApplicationDescription->inspectApplication()
#26 C:/laragon/www/16Hanynur/vendor/symfony/console/Descriptor/TextDescriptor.php(185): Symfony/Component/Console/Descriptor/ApplicationDescription->getCommands()
#27 C:/laragon/www/16Hanynur/vendor/symfony/console/Descriptor/Descriptor.php(40): Symfony/Component/Console/Descriptor/TextDescriptor->describeApplication(Object(Illuminate/Console/Application), Array)
#28 C:/laragon/www/16Hanynur/vendor/symfony/console/Helper/DescriptorHelper.php(67): Symfony/Component/Console/Descriptor/Descriptor->describe(Object(Symfony/Component/Console/Output/ConsoleOutput), Object(Illuminate/Console/Application), Array)
#29 C:/laragon/www/16Hanynur/vendor/symfony/console/Command/ListCommand.php(63): Symfony/Component/Console/Helper/DescriptorHelper->describe(Object(Symfony/Component/Console/Output/ConsoleOutput), Object(Illuminate/Console/Application), Array)
#30 C:/laragon/www/16Hanynur/vendor/symfony/console/Command/Command.php(285): Symfony/Component/Console/Command/ListCommand->execute(Object(Symfony/Component/Console/Input/ArgvInput), Object(Symfony/Component/Console/Output/ConsoleOutput))
#31 C:/laragon/www/16Hanynur/vendor/symfony/console/Application.php(1144): Symfony/Component/Console/Command/Command->run(Object(Symfony/Component/Console/Input/ArgvInput), Object(Symfony/Component/Console/Output/ConsoleOutput))
#32 C:/laragon/www/16Hanynur/vendor/symfony/console/Application.php(379): Symfony/Component/Console/Application->doRunCommand(Object(Symfony/Component/Console/Command/ListCommand), Object(Symfony/Component/Console/Input/ArgvInput), Object(Symfony/Component/Console/Output/ConsoleOutput))
#33 C:/laragon/www/16Hanynur/vendor/symfony/console/Application.php(218): Symfony/Component/Console/Application->doRun(Object(Symfony/Component/Console/Input/ArgvInput), Object(Symfony/Component/Console/Output/ConsoleOutput))
#34 C:/laragon/www/16Hanynur/vendor/laravel/framework/src/Illuminate/Foundation/Console/Kernel.php(198): Symfony/Component/Console/Application->run(Object(Symfony/Component/Console/Input/ArgvInput), Object(Symfony/Component/Console/Output/ConsoleOutput))
#35 Command line code(1): Illuminate/Foundation/Console/Kernel->handle(Object(Symfony/Component/Console/Input/ArgvInput), Object(Symfony/Component/Console/Output/ConsoleOutput))
#36 {main}
"} 
[2026-09-24 02:28:57] local.ERROR: The database configuration URL is malformed. {"exception":"[object] (InvalidArgumentException(code: 0): The database configuration URL is malformed. at C:/laragon/www/16Hanynur/vendor/laravel/framework/src/Illuminate/Support/ConfigurationUrlParser.php:148)
[stacktrace]
#0 C:/laragon/www/16Hanynur/vendor/laravel/framework/src/Illuminate/Support/ConfigurationUrlParser.php(51): Illuminate/Support/ConfigurationUrlParser->parseUrl('postgresql://po...')
#1 C:/laragon/www/16Hanynur/vendor/laravel/framework/src/Illuminate/Database/DatabaseManager.php(230): Illuminate/Support/ConfigurationUrlParser->parseConfiguration(Array)
#2 C:/laragon/www/16Hanynur/vendor/laravel/framework/src/Illuminate/Database/DatabaseManager.php(192): Illuminate/Database/DatabaseManager->configuration('pgsql')
#3 C:/laragon/www/16Hanynur/vendor/laravel/framework/src/Illuminate/Database/DatabaseManager.php(103): Illuminate/Database/DatabaseManager->makeConnection('pgsql')
#4 C:/laragon/www/16Hanynur/vendor/laravel/framework/src/Illuminate/Cache/CacheManager.php(200): Illuminate/Database/DatabaseManager->connection('pgsql')
#5 C:/laragon/www/16Hanynur/vendor/laravel/framework/src/Illuminate/Cache/CacheManager.php(148): Illuminate/Cache/CacheManager->createDatabaseDriver(Array)
#6 C:/laragon/www/16Hanynur/vendor/laravel/framework/src/Illuminate/Cache/CacheManager.php(126): Illuminate/Cache/CacheManager->build(Array)
#7 C:/laragon/www/16Hanynur/vendor/laravel/framework/src/Illuminate/Cache/CacheManager.php(69): Illuminate/Cache/CacheManager->resolve('database')
#8 C:/laragon/www/16Hanynur/vendor/laravel/framework/src/Illuminate/Cache/CacheManager.php(80): Illuminate/Cache/CacheManager->store('database')
#9 C:/laragon/www/16Hanynur/vendor/laravel/framework/src/Illuminate/Cache/CacheServiceProvider.php(23): Illuminate/Cache/CacheManager->driver()
#10 C:/laragon/www/16Hanynur/vendor/laravel/framework/src/Illuminate/Container/Container.php(1140): Illuminate/Cache/CacheServiceProvider->{closure:Illuminate/Cache/CacheServiceProvider::register():22}(Object(Illuminate/Foundation/Application), Array)
#11 C:/laragon/www/16Hanynur/vendor/laravel/framework/src/Illuminate/Container/Container.php(939): Illuminate/Container/Container->build(Object(Closure))
#12 C:/laragon/www/16Hanynur/vendor/laravel/framework/src/Illuminate/Foundation/Application.php(1085): Illuminate/Container/Container->resolve('cache.store', Array, true)
#13 C:/laragon/www/16Hanynur/vendor/laravel/framework/src/Illuminate/Container/Container.php(867): Illuminate/Foundation/Application->resolve('cache.store', Array)
#14 C:/laragon/www/16Hanynur/vendor/laravel/framework/src/Illuminate/Foundation/Application.php(1065): Illuminate/Container/Container->make('cache.store', Array)
#15 C:/laragon/www/16Hanynur/vendor/laravel/framework/src/Illuminate/Container/Container.php(1846): Illuminate/Foundation/Application->make('cache.store')
#16 C:/laragon/www/16Hanynur/vendor/laravel/framework/src/Illuminate/Foundation/Providers/ArtisanServiceProvider.php(735): Illuminate/Container/Container->offsetGet('cache.store')
#17 C:/laragon/www/16Hanynur/vendor/laravel/framework/src/Illuminate/Container/Container.php(1140): Illuminate/Foundation/Providers/ArtisanServiceProvider->{closure:Illuminate/Foundation/Providers/ArtisanServiceProvider::registerQueueRestartCommand():734}(Object(Illuminate/Foundation/Application), Array)
#18 C:/laragon/www/16Hanynur/vendor/laravel/framework/src/Illuminate/Container/Container.php(939): Illuminate/Container/Container->build(Object(Closure))
#19 C:/laragon/www/16Hanynur/vendor/laravel/framework/src/Illuminate/Foundation/Application.php(1085): Illuminate/Container/Container->resolve('Illuminate//Queu...', Array, true)
#20 C:/laragon/www/16Hanynur/vendor/laravel/framework/src/Illuminate/Container/Container.php(884): Illuminate/Foundation/Application->resolve('Illuminate//Queu...')
#21 C:/laragon/www/16Hanynur/vendor/laravel/framework/src/Illuminate/Console/ContainerCommandLoader.php(52): Illuminate/Container/Container->get('Illuminate//Queu...')
#22 C:/laragon/www/16Hanynur/vendor/symfony/console/Application.php(664): Illuminate/Console/ContainerCommandLoader->get('queue:restart')
#23 C:/laragon/www/16Hanynur/vendor/symfony/console/Application.php(873): Symfony/Component/Console/Application->has('queue:restart')
#24 C:/laragon/www/16Hanynur/vendor/symfony/console/Descriptor/ApplicationDescription.php(84): Symfony/Component/Console/Application->all(NULL)
#25 C:/laragon/www/16Hanynur/vendor/symfony/console/Descriptor/ApplicationDescription.php(61): Symfony/Component/Console/Descriptor/ApplicationDescription->inspectApplication()
#26 C:/laragon/www/16Hanynur/vendor/symfony/console/Descriptor/TextDescriptor.php(185): Symfony/Component/Console/Descriptor/ApplicationDescription->getCommands()
#27 C:/laragon/www/16Hanynur/vendor/symfony/console/Descriptor/Descriptor.php(40): Symfony/Component/Console/Descriptor/TextDescriptor->describeApplication(Object(Illuminate/Console/Application), Array)
#28 C:/laragon/www/16Hanynur/vendor/symfony/console/Helper/DescriptorHelper.php(67): Symfony/Component/Console/Descriptor/Descriptor->describe(Object(Symfony/Component/Console/Output/ConsoleOutput), Object(Illuminate/Console/Application), Array)
#29 C:/laragon/www/16Hanynur/vendor/symfony/console/Command/ListCommand.php(63): Symfony/Component/Console/Helper/DescriptorHelper->describe(Object(Symfony/Component/Console/Output/ConsoleOutput), Object(Illuminate/Console/Application), Array)
#30 C:/laragon/www/16Hanynur/vendor/symfony/console/Command/Command.php(285): Symfony/Component/Console/Command/ListCommand->execute(Object(Symfony/Component/Console/Input/ArgvInput), Object(Symfony/Component/Console/Output/ConsoleOutput))
#31 C:/laragon/www/16Hanynur/vendor/symfony/console/Application.php(1144): Symfony/Component/Console/Command/Command->run(Object(Symfony/Component/Console/Input/ArgvInput), Object(Symfony/Component/Console/Output/ConsoleOutput))
#32 C:/laragon/www/16Hanynur/vendor/symfony/console/Application.php(379): Symfony/Component/Console/Application->doRunCommand(Object(Symfony/Component/Console/Command/ListCommand), Object(Symfony/Component/Console/Input/ArgvInput), Object(Symfony/Component/Console/Output/ConsoleOutput))
#33 C:/laragon/www/16Hanynur/vendor/symfony/console/Application.php(218): Symfony/Component/Console/Application->doRun(Object(Symfony/Component/Console/Input/ArgvInput), Object(Symfony/Component/Console/Output/ConsoleOutput))
#34 C:/laragon/www/16Hanynur/vendor/laravel/framework/src/Illuminate/Foundation/Console/Kernel.php(198): Symfony/Component/Console/Application->run(Object(Symfony/Component/Console/Input/ArgvInput), Object(Symfony/Component/Console/Output/ConsoleOutput))
#35 Command line code(1): Illuminate/Foundation/Console/Kernel->handle(Object(Symfony/Component/Console/Input/ArgvInput), Object(Symfony/Component/Console/Output/ConsoleOutput))
#36 {main}
"} 
[2026-09-24 02:28:57] local.ERROR: The database configuration URL is malformed. {"exception":"[object] (InvalidArgumentException(code: 0): The database configuration URL is malformed. at C:/laragon/www/16Hanynur/vendor/laravel/framework/src/Illuminate/Support/ConfigurationUrlParser.php:148)
[stacktrace]
#0 C:/laragon/www/16Hanynur/vendor/laravel/framework/src/Illuminate/Support/ConfigurationUrlParser.php(51): Illuminate/Support/ConfigurationUrlParser->parseUrl('postgresql://po...')
#1 C:/laragon/www/16Hanynur/vendor/laravel/framework/src/Illuminate/Database/DatabaseManager.php(230): Illuminate/Support/ConfigurationUrlParser->parseConfiguration(Array)
#2 C:/laragon/www/16Hanynur/vendor/laravel/framework/src/Illuminate/Database/DatabaseManager.php(192): Illuminate/Database/DatabaseManager->configuration('pgsql')
#3 C:/laragon/www/16Hanynur/vendor/laravel/framework/src/Illuminate/Database/DatabaseManager.php(103): Illuminate/Database/DatabaseManager->makeConnection('pgsql')
#4 C:/laragon/www/16Hanynur/vendor/laravel/framework/src/Illuminate/Cache/CacheManager.php(200): Illuminate/Database/DatabaseManager->connection('pgsql')
#5 C:/laragon/www/16Hanynur/vendor/laravel/framework/src/Illuminate/Cache/CacheManager.php(148): Illuminate/Cache/CacheManager->createDatabaseDriver(Array)
#6 C:/laragon/www/16Hanynur/vendor/laravel/framework/src/Illuminate/Cache/CacheManager.php(126): Illuminate/Cache/CacheManager->build(Array)
#7 C:/laragon/www/16Hanynur/vendor/laravel/framework/src/Illuminate/Cache/CacheManager.php(69): Illuminate/Cache/CacheManager->resolve('database')
#8 C:/laragon/www/16Hanynur/vendor/laravel/framework/src/Illuminate/Cache/CacheManager.php(80): Illuminate/Cache/CacheManager->store('database')
#9 C:/laragon/www/16Hanynur/vendor/laravel/framework/src/Illuminate/Cache/CacheServiceProvider.php(23): Illuminate/Cache/CacheManager->driver()
#10 C:/laragon/www/16Hanynur/vendor/laravel/framework/src/Illuminate/Container/Container.php(1140): Illuminate/Cache/CacheServiceProvider->{closure:Illuminate/Cache/CacheServiceProvider::register():22}(Object(Illuminate/Foundation/Application), Array)
#11 C:/laragon/www/16Hanynur/vendor/laravel/framework/src/Illuminate/Container/Container.php(939): Illuminate/Container/Container->build(Object(Closure))
#12 C:/laragon/www/16Hanynur/vendor/laravel/framework/src/Illuminate/Foundation/Application.php(1085): Illuminate/Container/Container->resolve('cache.store', Array, true)
#13 C:/laragon/www/16Hanynur/vendor/laravel/framework/src/Illuminate/Container/Container.php(867): Illuminate/Foundation/Application->resolve('cache.store', Array)
#14 C:/laragon/www/16Hanynur/vendor/laravel/framework/src/Illuminate/Foundation/Application.php(1065): Illuminate/Container/Container->make('cache.store', Array)
#15 C:/laragon/www/16Hanynur/vendor/laravel/framework/src/Illuminate/Container/Container.php(1846): Illuminate/Foundation/Application->make('cache.store')
#16 C:/laragon/www/16Hanynur/vendor/laravel/framework/src/Illuminate/Foundation/Providers/ArtisanServiceProvider.php(735): Illuminate/Container/Container->offsetGet('cache.store')
#17 C:/laragon/www/16Hanynur/vendor/laravel/framework/src/Illuminate/Container/Container.php(1140): Illuminate/Foundation/Providers/ArtisanServiceProvider->{closure:Illuminate/Foundation/Providers/ArtisanServiceProvider::registerQueueRestartCommand():734}(Object(Illuminate/Foundation/Application), Array)
#18 C:/laragon/www/16Hanynur/vendor/laravel/framework/src/Illuminate/Container/Container.php(939): Illuminate/Container/Container->build(Object(Closure))
#19 C:/laragon/www/16Hanynur/vendor/laravel/framework/src/Illuminate/Foundation/Application.php(1085): Illuminate/Container/Container->resolve('Illuminate//Queu...', Array, true)
#20 C:/laragon/www/16Hanynur/vendor/laravel/framework/src/Illuminate/Container/Container.php(884): Illuminate/Foundation/Application->resolve('Illuminate//Queu...')
#21 C:/laragon/www/16Hanynur/vendor/laravel/framework/src/Illuminate/Console/ContainerCommandLoader.php(52): Illuminate/Container/Container->get('Illuminate//Queu...')
#22 C:/laragon/www/16Hanynur/vendor/symfony/console/Application.php(664): Illuminate/Console/ContainerCommandLoader->get('queue:restart')
#23 C:/laragon/www/16Hanynur/vendor/symfony/console/Application.php(873): Symfony/Component/Console/Application->has('queue:restart')
#24 C:/laragon/www/16Hanynur/vendor/symfony/console/Descriptor/ApplicationDescription.php(84): Symfony/Component/Console/Application->all(NULL)
#25 C:/laragon/www/16Hanynur/vendor/symfony/console/Descriptor/ApplicationDescription.php(61): Symfony/Component/Console/Descriptor/ApplicationDescription->inspectApplication()
#26 C:/laragon/www/16Hanynur/vendor/symfony/console/Descriptor/TextDescriptor.php(185): Symfony/Component/Console/Descriptor/ApplicationDescription->getCommands()
#27 C:/laragon/www/16Hanynur/vendor/symfony/console/Descriptor/Descriptor.php(40): Symfony/Component/Console/Descriptor/TextDescriptor->describeApplication(Object(Illuminate/Console/Application), Array)
#28 C:/laragon/www/16Hanynur/vendor/symfony/console/Helper/DescriptorHelper.php(67): Symfony/Component/Console/Descriptor/Descriptor->describe(Object(Symfony/Component/Console/Output/ConsoleOutput), Object(Illuminate/Console/Application), Array)
#29 C:/laragon/www/16Hanynur/vendor/symfony/console/Command/ListCommand.php(63): Symfony/Component/Console/Helper/DescriptorHelper->describe(Object(Symfony/Component/Console/Output/ConsoleOutput), Object(Illuminate/Console/Application), Array)
#30 C:/laragon/www/16Hanynur/vendor/symfony/console/Command/Command.php(285): Symfony/Component/Console/Command/ListCommand->execute(Object(Symfony/Component/Console/Input/ArgvInput), Object(Symfony/Component/Console/Output/ConsoleOutput))
#31 C:/laragon/www/16Hanynur/vendor/symfony/console/Application.php(1144): Symfony/Component/Console/Command/Command->run(Object(Symfony/Component/Console/Input/ArgvInput), Object(Symfony/Component/Console/Output/ConsoleOutput))
#32 C:/laragon/www/16Hanynur/vendor/symfony/console/Application.php(379): Symfony/Component/Console/Application->doRunCommand(Object(Symfony/Component/Console/Command/ListCommand), Object(Symfony/Component/Console/Input/ArgvInput), Object(Symfony/Component/Console/Output/ConsoleOutput))
#33 C:/laragon/www/16Hanynur/vendor/symfony/console/Application.php(218): Symfony/Component/Console/Application->doRun(Object(Symfony/Component/Console/Input/ArgvInput), Object(Symfony/Component/Console/Output/ConsoleOutput))
#34 C:/laragon/www/16Hanynur/vendor/laravel/framework/src/Illuminate/Foundation/Console/Kernel.php(198): Symfony/Component/Console/Application->run(Object(Symfony/Component/Console/Input/ArgvInput), Object(Symfony/Component/Console/Output/ConsoleOutput))
#35 Command line code(1): Illuminate/Foundation/Console/Kernel->handle(Object(Symfony/Component/Console/Input/ArgvInput), Object(Symfony/Component/Console/Output/ConsoleOutput))
#36 {main}
"} 
[2026-09-24 02:28:57] local.ERROR: The database configuration URL is malformed. {"exception":"[object] (InvalidArgumentException(code: 0): The database configuration URL is malformed. at C:/laragon/www/16Hanynur/vendor/laravel/framework/src/Illuminate/Support/ConfigurationUrlParser.php:148)
[stacktrace]
#0 C:/laragon/www/16Hanynur/vendor/laravel/framework/src/Illuminate/Support/ConfigurationUrlParser.php(51): Illuminate/Support/ConfigurationUrlParser->parseUrl('postgresql://po...')
#1 C:/laragon/www/16Hanynur/vendor/laravel/framework/src/Illuminate/Database/DatabaseManager.php(230): Illuminate/Support/ConfigurationUrlParser->parseConfiguration(Array)
#2 C:/laragon/www/16Hanynur/vendor/laravel/framework/src/Illuminate/Database/DatabaseManager.php(192): Illuminate/Database/DatabaseManager->configuration('pgsql')
#3 C:/laragon/www/16Hanynur/vendor/laravel/framework/src/Illuminate/Database/DatabaseManager.php(103): Illuminate/Database/DatabaseManager->makeConnection('pgsql')
#4 C:/laragon/www/16Hanynur/vendor/laravel/framework/src/Illuminate/Cache/CacheManager.php(200): Illuminate/Database/DatabaseManager->connection('pgsql')
#5 C:/laragon/www/16Hanynur/vendor/laravel/framework/src/Illuminate/Cache/CacheManager.php(148): Illuminate/Cache/CacheManager->createDatabaseDriver(Array)
#6 C:/laragon/www/16Hanynur/vendor/laravel/framework/src/Illuminate/Cache/CacheManager.php(126): Illuminate/Cache/CacheManager->build(Array)
#7 C:/laragon/www/16Hanynur/vendor/laravel/framework/src/Illuminate/Cache/CacheManager.php(69): Illuminate/Cache/CacheManager->resolve('database')
#8 C:/laragon/www/16Hanynur/vendor/laravel/framework/src/Illuminate/Cache/CacheManager.php(80): Illuminate/Cache/CacheManager->store('database')
#9 C:/laragon/www/16Hanynur/vendor/laravel/framework/src/Illuminate/Cache/CacheServiceProvider.php(23): Illuminate/Cache/CacheManager->driver()
#10 C:/laragon/www/16Hanynur/vendor/laravel/framework/src/Illuminate/Container/Container.php(1140): Illuminate/Cache/CacheServiceProvider->{closure:Illuminate/Cache/CacheServiceProvider::register():22}(Object(Illuminate/Foundation/Application), Array)
#11 C:/laragon/www/16Hanynur/vendor/laravel/framework/src/Illuminate/Container/Container.php(939): Illuminate/Container/Container->build(Object(Closure))
#12 C:/laragon/www/16Hanynur/vendor/laravel/framework/src/Illuminate/Foundation/Application.php(1085): Illuminate/Container/Container->resolve('cache.store', Array, true)
#13 C:/laragon/www/16Hanynur/vendor/laravel/framework/src/Illuminate/Container/Container.php(867): Illuminate/Foundation/Application->resolve('cache.store', Array)
#14 C:/laragon/www/16Hanynur/vendor/laravel/framework/src/Illuminate/Foundation/Application.php(1065): Illuminate/Container/Container->make('cache.store', Array)
#15 C:/laragon/www/16Hanynur/vendor/laravel/framework/src/Illuminate/Container/Container.php(1846): Illuminate/Foundation/Application->make('cache.store')
#16 C:/laragon/www/16Hanynur/vendor/laravel/framework/src/Illuminate/Foundation/Providers/ArtisanServiceProvider.php(735): Illuminate/Container/Container->offsetGet('cache.store')
#17 C:/laragon/www/16Hanynur/vendor/laravel/framework/src/Illuminate/Container/Container.php(1140): Illuminate/Foundation/Providers/ArtisanServiceProvider->{closure:Illuminate/Foundation/Providers/ArtisanServiceProvider::registerQueueRestartCommand():734}(Object(Illuminate/Foundation/Application), Array)
#18 C:/laragon/www/16Hanynur/vendor/laravel/framework/src/Illuminate/Container/Container.php(939): Illuminate/Container/Container->build(Object(Closure))
#19 C:/laragon/www/16Hanynur/vendor/laravel/framework/src/Illuminate/Foundation/Application.php(1085): Illuminate/Container/Container->resolve('Illuminate//Queu...', Array, true)
#20 C:/laragon/www/16Hanynur/vendor/laravel/framework/src/Illuminate/Container/Container.php(884): Illuminate/Foundation/Application->resolve('Illuminate//Queu...')
#21 C:/laragon/www/16Hanynur/vendor/laravel/framework/src/Illuminate/Console/ContainerCommandLoader.php(52): Illuminate/Container/Container->get('Illuminate//Queu...')
#22 C:/laragon/www/16Hanynur/vendor/symfony/console/Application.php(664): Illuminate/Console/ContainerCommandLoader->get('queue:restart')
#23 C:/laragon/www/16Hanynur/vendor/symfony/console/Application.php(873): Symfony/Component/Console/Application->has('queue:restart')
#24 C:/laragon/www/16Hanynur/vendor/symfony/console/Descriptor/ApplicationDescription.php(84): Symfony/Component/Console/Application->all(NULL)
#25 C:/laragon/www/16Hanynur/vendor/symfony/console/Descriptor/ApplicationDescription.php(61): Symfony/Component/Console/Descriptor/ApplicationDescription->inspectApplication()
#26 C:/laragon/www/16Hanynur/vendor/symfony/console/Descriptor/TextDescriptor.php(185): Symfony/Component/Console/Descriptor/ApplicationDescription->getCommands()
#27 C:/laragon/www/16Hanynur/vendor/symfony/console/Descriptor/Descriptor.php(40): Symfony/Component/Console/Descriptor/TextDescriptor->describeApplication(Object(Illuminate/Console/Application), Array)
#28 C:/laragon/www/16Hanynur/vendor/symfony/console/Helper/DescriptorHelper.php(67): Symfony/Component/Console/Descriptor/Descriptor->describe(Object(Symfony/Component/Console/Output/ConsoleOutput), Object(Illuminate/Console/Application), Array)
#29 C:/laragon/www/16Hanynur/vendor/symfony/console/Command/ListCommand.php(63): Symfony/Component/Console/Helper/DescriptorHelper->describe(Object(Symfony/Component/Console/Output/ConsoleOutput), Object(Illuminate/Console/Application), Array)
#30 C:/laragon/www/16Hanynur/vendor/symfony/console/Command/Command.php(285): Symfony/Component/Console/Command/ListCommand->execute(Object(Symfony/Component/Console/Input/ArgvInput), Object(Symfony/Component/Console/Output/ConsoleOutput))
#31 C:/laragon/www/16Hanynur/vendor/symfony/console/Application.php(1144): Symfony/Component/Console/Command/Command->run(Object(Symfony/Component/Console/Input/ArgvInput), Object(Symfony/Component/Console/Output/ConsoleOutput))
#32 C:/laragon/www/16Hanynur/vendor/symfony/console/Application.php(379): Symfony/Component/Console/Application->doRunCommand(Object(Symfony/Component/Console/Command/ListCommand), Object(Symfony/Component/Console/Input/ArgvInput), Object(Symfony/Component/Console/Output/ConsoleOutput))
#33 C:/laragon/www/16Hanynur/vendor/symfony/console/Application.php(218): Symfony/Component/Console/Application->doRun(Object(Symfony/Component/Console/Input/ArgvInput), Object(Symfony/Component/Console/Output/ConsoleOutput))
#34 C:/laragon/www/16Hanynur/vendor/laravel/framework/src/Illuminate/Foundation/Console/Kernel.php(198): Symfony/Component/Console/Application->run(Object(Symfony/Component/Console/Input/ArgvInput), Object(Symfony/Component/Console/Output/ConsoleOutput))
#35 Command line code(1): Illuminate/Foundation/Console/Kernel->handle(Object(Symfony/Component/Console/Input/ArgvInput), Object(Symfony/Component/Console/Output/ConsoleOutput))
#36 {main}
"} 
[2026-09-24 02:28:57] local.ERROR: The database configuration URL is malformed. {"exception":"[object] (InvalidArgumentException(code: 0): The database configuration URL is malformed. at C:/laragon/www/16Hanynur/vendor/laravel/framework/src/Illuminate/Support/ConfigurationUrlParser.php:148)
[stacktrace]
#0 C:/laragon/www/16Hanynur/vendor/laravel/framework/src/Illuminate/Support/ConfigurationUrlParser.php(51): Illuminate/Support/ConfigurationUrlParser->parseUrl('postgresql://po...')
#1 C:/laragon/www/16Hanynur/vendor/laravel/framework/src/Illuminate/Database/DatabaseManager.php(230): Illuminate/Support/ConfigurationUrlParser->parseConfiguration(Array)
#2 C:/laragon/www/16Hanynur/vendor/laravel/framework/src/Illuminate/Database/DatabaseManager.php(192): Illuminate/Database/DatabaseManager->configuration('pgsql')
#3 C:/laragon/www/16Hanynur/vendor/laravel/framework/src/Illuminate/Database/DatabaseManager.php(103): Illuminate/Database/DatabaseManager->makeConnection('pgsql')
#4 C:/laragon/www/16Hanynur/vendor/laravel/framework/src/Illuminate/Cache/CacheManager.php(200): Illuminate/Database/DatabaseManager->connection('pgsql')
#5 C:/laragon/www/16Hanynur/vendor/laravel/framework/src/Illuminate/Cache/CacheManager.php(148): Illuminate/Cache/CacheManager->createDatabaseDriver(Array)
#6 C:/laragon/www/16Hanynur/vendor/laravel/framework/src/Illuminate/Cache/CacheManager.php(126): Illuminate/Cache/CacheManager->build(Array)
#7 C:/laragon/www/16Hanynur/vendor/laravel/framework/src/Illuminate/Cache/CacheManager.php(69): Illuminate/Cache/CacheManager->resolve('database')
#8 C:/laragon/www/16Hanynur/vendor/laravel/framework/src/Illuminate/Cache/CacheManager.php(80): Illuminate/Cache/CacheManager->store('database')
#9 C:/laragon/www/16Hanynur/vendor/laravel/framework/src/Illuminate/Cache/CacheServiceProvider.php(23): Illuminate/Cache/CacheManager->driver()
#10 C:/laragon/www/16Hanynur/vendor/laravel/framework/src/Illuminate/Container/Container.php(1140): Illuminate/Cache/CacheServiceProvider->{closure:Illuminate/Cache/CacheServiceProvider::register():22}(Object(Illuminate/Foundation/Application), Array)
#11 C:/laragon/www/16Hanynur/vendor/laravel/framework/src/Illuminate/Container/Container.php(939): Illuminate/Container/Container->build(Object(Closure))
#12 C:/laragon/www/16Hanynur/vendor/laravel/framework/src/Illuminate/Foundation/Application.php(1085): Illuminate/Container/Container->resolve('cache.store', Array, true)
#13 C:/laragon/www/16Hanynur/vendor/laravel/framework/src/Illuminate/Container/Container.php(867): Illuminate/Foundation/Application->resolve('cache.store', Array)
#14 C:/laragon/www/16Hanynur/vendor/laravel/framework/src/Illuminate/Foundation/Application.php(1065): Illuminate/Container/Container->make('cache.store', Array)
#15 C:/laragon/www/16Hanynur/vendor/laravel/framework/src/Illuminate/Container/Container.php(1846): Illuminate/Foundation/Application->make('cache.store')
#16 C:/laragon/www/16Hanynur/vendor/laravel/framework/src/Illuminate/Foundation/Providers/ArtisanServiceProvider.php(735): Illuminate/Container/Container->offsetGet('cache.store')
#17 C:/laragon/www/16Hanynur/vendor/laravel/framework/src/Illuminate/Container/Container.php(1140): Illuminate/Foundation/Providers/ArtisanServiceProvider->{closure:Illuminate/Foundation/Providers/ArtisanServiceProvider::registerQueueRestartCommand():734}(Object(Illuminate/Foundation/Application), Array)
#18 C:/laragon/www/16Hanynur/vendor/laravel/framework/src/Illuminate/Container/Container.php(939): Illuminate/Container/Container->build(Object(Closure))
#19 C:/laragon/www/16Hanynur/vendor/laravel/framework/src/Illuminate/Foundation/Application.php(1085): Illuminate/Container/Container->resolve('Illuminate//Queu...', Array, true)
#20 C:/laragon/www/16Hanynur/vendor/laravel/framework/src/Illuminate/Container/Container.php(884): Illuminate/Foundation/Application->resolve('Illuminate//Queu...')
#21 C:/laragon/www/16Hanynur/vendor/laravel/framework/src/Illuminate/Console/ContainerCommandLoader.php(52): Illuminate/Container/Container->get('Illuminate//Queu...')
#22 C:/laragon/www/16Hanynur/vendor/symfony/console/Application.php(664): Illuminate/Console/ContainerCommandLoader->get('queue:restart')
#23 C:/laragon/www/16Hanynur/vendor/symfony/console/Application.php(873): Symfony/Component/Console/Application->has('queue:restart')
#24 C:/laragon/www/16Hanynur/vendor/symfony/console/Descriptor/ApplicationDescription.php(84): Symfony/Component/Console/Application->all(NULL)
#25 C:/laragon/www/16Hanynur/vendor/symfony/console/Descriptor/ApplicationDescription.php(61): Symfony/Component/Console/Descriptor/ApplicationDescription->inspectApplication()
#26 C:/laragon/www/16Hanynur/vendor/symfony/console/Descriptor/TextDescriptor.php(185): Symfony/Component/Console/Descriptor/ApplicationDescription->getCommands()
#27 C:/laragon/www/16Hanynur/vendor/symfony/console/Descriptor/Descriptor.php(40): Symfony/Component/Console/Descriptor/TextDescriptor->describeApplication(Object(Illuminate/Console/Application), Array)
#28 C:/laragon/www/16Hanynur/vendor/symfony/console/Helper/DescriptorHelper.php(67): Symfony/Component/Console/Descriptor/Descriptor->describe(Object(Symfony/Component/Console/Output/ConsoleOutput), Object(Illuminate/Console/Application), Array)
#29 C:/laragon/www/16Hanynur/vendor/symfony/console/Command/ListCommand.php(63): Symfony/Component/Console/Helper/DescriptorHelper->describe(Object(Symfony/Component/Console/Output/ConsoleOutput), Object(Illuminate/Console/Application), Array)
#30 C:/laragon/www/16Hanynur/vendor/symfony/console/Command/Command.php(285): Symfony/Component/Console/Command/ListCommand->execute(Object(Symfony/Component/Console/Input/ArgvInput), Object(Symfony/Component/Console/Output/ConsoleOutput))
#31 C:/laragon/www/16Hanynur/vendor/symfony/console/Application.php(1144): Symfony/Component/Console/Command/Command->run(Object(Symfony/Component/Console/Input/ArgvInput), Object(Symfony/Component/Console/Output/ConsoleOutput))
#32 C:/laragon/www/16Hanynur/vendor/symfony/console/Application.php(379): Symfony/Component/Console/Application->doRunCommand(Object(Symfony/Component/Console/Command/ListCommand), Object(Symfony/Component/Console/Input/ArgvInput), Object(Symfony/Component/Console/Output/ConsoleOutput))
#33 C:/laragon/www/16Hanynur/vendor/symfony/console/Application.php(218): Symfony/Component/Console/Application->doRun(Object(Symfony/Component/Console/Input/ArgvInput), Object(Symfony/Component/Console/Output/ConsoleOutput))
#34 C:/laragon/www/16Hanynur/vendor/laravel/framework/src/Illuminate/Foundation/Console/Kernel.php(198): Symfony/Component/Console/Application->run(Object(Symfony/Component/Console/Input/ArgvInput), Object(Symfony/Component/Console/Output/ConsoleOutput))
#35 Command line code(1): Illuminate/Foundation/Console/Kernel->handle(Object(Symfony/Component/Console/Input/ArgvInput), Object(Symfony/Component/Console/Output/ConsoleOutput))
#36 {main}
"} 
[2026-09-24 02:28:58] local.ERROR: The database configuration URL is malformed. {"exception":"[object] (InvalidArgumentException(code: 0): The database configuration URL is malformed. at C:/laragon/www/16Hanynur/vendor/laravel/framework/src/Illuminate/Support/ConfigurationUrlParser.php:148)
[stacktrace]
#0 C:/laragon/www/16Hanynur/vendor/laravel/framework/src/Illuminate/Support/ConfigurationUrlParser.php(51): Illuminate/Support/ConfigurationUrlParser->parseUrl('postgresql://po...')
#1 C:/laragon/www/16Hanynur/vendor/laravel/framework/src/Illuminate/Database/DatabaseManager.php(230): Illuminate/Support/ConfigurationUrlParser->parseConfiguration(Array)
#2 C:/laragon/www/16Hanynur/vendor/laravel/framework/src/Illuminate/Database/DatabaseManager.php(192): Illuminate/Database/DatabaseManager->configuration('pgsql')
#3 C:/laragon/www/16Hanynur/vendor/laravel/framework/src/Illuminate/Database/DatabaseManager.php(103): Illuminate/Database/DatabaseManager->makeConnection('pgsql')
#4 C:/laragon/www/16Hanynur/vendor/laravel/framework/src/Illuminate/Database/Migrations/Migrator.php(747): Illuminate/Database/DatabaseManager->connection('pgsql')
#5 C:/laragon/www/16Hanynur/vendor/laravel/framework/src/Illuminate/Database/Migrations/Migrator.php(691): Illuminate/Database/Migrations/Migrator->directConnectionName('pgsql')
#6 C:/laragon/www/16Hanynur/vendor/laravel/framework/src/Illuminate/Database/Migrations/Migrator.php(669): Illuminate/Database/Migrations/Migrator->setConnection(NULL)
#7 C:/laragon/www/16Hanynur/vendor/laravel/framework/src/Illuminate/Database/Console/Migrations/FreshCommand.php(75): Illuminate/Database/Migrations/Migrator->usingConnection(NULL, Object(Closure))
#8 C:/laragon/www/16Hanynur/vendor/laravel/framework/src/Illuminate/Container/BoundMethod.php(36): Illuminate/Database/Console/Migrations/FreshCommand->handle()
#9 C:/laragon/www/16Hanynur/vendor/laravel/framework/src/Illuminate/Container/Util.php(43): Illuminate/Container/BoundMethod::{closure:Illuminate/Container/BoundMethod::call():35}()
#10 C:/laragon/www/16Hanynur/vendor/laravel/framework/src/Illuminate/Container/BoundMethod.php(96): Illuminate/Container/Util::unwrapIfClosure(Object(Closure))
#11 C:/laragon/www/16Hanynur/vendor/laravel/framework/src/Illuminate/Container/BoundMethod.php(35): Illuminate/Container/BoundMethod::callBoundMethod(Object(Illuminate/Foundation/Application), Array, Object(Closure))
#12 C:/laragon/www/16Hanynur/vendor/laravel/framework/src/Illuminate/Container/Container.php(803): Illuminate/Container/BoundMethod::call(Object(Illuminate/Foundation/Application), Array, Array, NULL)
#13 C:/laragon/www/16Hanynur/vendor/laravel/framework/src/Illuminate/Console/Command.php(292): Illuminate/Container/Container->call(Array)
#14 C:/laragon/www/16Hanynur/vendor/symfony/console/Command/Command.php(285): Illuminate/Console/Command->execute(Object(Symfony/Component/Console/Input/ArgvInput), Object(Illuminate/Console/OutputStyle))
#15 C:/laragon/www/16Hanynur/vendor/laravel/framework/src/Illuminate/Console/Command.php(261): Symfony/Component/Console/Command/Command->run(Object(Symfony/Component/Console/Input/ArgvInput), Object(Illuminate/Console/OutputStyle))
#16 C:/laragon/www/16Hanynur/vendor/symfony/console/Application.php(1144): Illuminate/Console/Command->run(Object(Symfony/Component/Console/Input/ArgvInput), Object(Symfony/Component/Console/Output/ConsoleOutput))
#17 C:/laragon/www/16Hanynur/vendor/symfony/console/Application.php(379): Symfony/Component/Console/Application->doRunCommand(Object(Illuminate/Database/Console/Migrations/FreshCommand), Object(Symfony/Component/Console/Input/ArgvInput), Object(Symfony/Component/Console/Output/ConsoleOutput))
#18 C:/laragon/www/16Hanynur/vendor/symfony/console/Application.php(218): Symfony/Component/Console/Application->doRun(Object(Symfony/Component/Console/Input/ArgvInput), Object(Symfony/Component/Console/Output/ConsoleOutput))
#19 C:/laragon/www/16Hanynur/vendor/laravel/framework/src/Illuminate/Foundation/Console/Kernel.php(198): Symfony/Component/Console/Application->run(Object(Symfony/Component/Console/Input/ArgvInput), Object(Symfony/Component/Console/Output/ConsoleOutput))
#20 C:/laragon/www/16Hanynur/vendor/laravel/framework/src/Illuminate/Foundation/Application.php(1242): Illuminate/Foundation/Console/Kernel->handle(Object(Symfony/Component/Console/Input/ArgvInput), Object(Symfony/Component/Console/Output/ConsoleOutput))
#21 C:/laragon/www/16Hanynur/artisan(16): Illuminate/Foundation/Application->handleCommand(Object(Symfony/Component/Console/Input/ArgvInput))
#22 {main}
"} 
[2026-09-24 02:29:56] local.ERROR: The database configuration URL is malformed. {"exception":"[object] (InvalidArgumentException(code: 0): The database configuration URL is malformed. at C:/laragon/www/16Hanynur/vendor/laravel/framework/src/Illuminate/Support/ConfigurationUrlParser.php:148)
[stacktrace]
#0 C:/laragon/www/16Hanynur/vendor/laravel/framework/src/Illuminate/Support/ConfigurationUrlParser.php(51): Illuminate/Support/ConfigurationUrlParser->parseUrl('postgresql://po...')
#1 C:/laragon/www/16Hanynur/vendor/laravel/framework/src/Illuminate/Database/DatabaseManager.php(230): Illuminate/Support/ConfigurationUrlParser->parseConfiguration(Array)
#2 C:/laragon/www/16Hanynur/vendor/laravel/framework/src/Illuminate/Database/DatabaseManager.php(192): Illuminate/Database/DatabaseManager->configuration('pgsql')
#3 C:/laragon/www/16Hanynur/vendor/laravel/framework/src/Illuminate/Database/DatabaseManager.php(103): Illuminate/Database/DatabaseManager->makeConnection('pgsql')
#4 C:/laragon/www/16Hanynur/vendor/laravel/framework/src/Illuminate/Cache/CacheManager.php(200): Illuminate/Database/DatabaseManager->connection('pgsql')
#5 C:/laragon/www/16Hanynur/vendor/laravel/framework/src/Illuminate/Cache/CacheManager.php(148): Illuminate/Cache/CacheManager->createDatabaseDriver(Array)
#6 C:/laragon/www/16Hanynur/vendor/laravel/framework/src/Illuminate/Cache/CacheManager.php(126): Illuminate/Cache/CacheManager->build(Array)
#7 C:/laragon/www/16Hanynur/vendor/laravel/framework/src/Illuminate/Cache/CacheManager.php(69): Illuminate/Cache/CacheManager->resolve('database')
#8 C:/laragon/www/16Hanynur/vendor/laravel/framework/src/Illuminate/Cache/CacheManager.php(80): Illuminate/Cache/CacheManager->store('database')
#9 C:/laragon/www/16Hanynur/vendor/laravel/framework/src/Illuminate/Cache/CacheServiceProvider.php(23): Illuminate/Cache/CacheManager->driver()
#10 C:/laragon/www/16Hanynur/vendor/laravel/framework/src/Illuminate/Container/Container.php(1140): Illuminate/Cache/CacheServiceProvider->{closure:Illuminate/Cache/CacheServiceProvider::register():22}(Object(Illuminate/Foundation/Application), Array)
#11 C:/laragon/www/16Hanynur/vendor/laravel/framework/src/Illuminate/Container/Container.php(939): Illuminate/Container/Container->build(Object(Closure))
#12 C:/laragon/www/16Hanynur/vendor/laravel/framework/src/Illuminate/Foundation/Application.php(1085): Illuminate/Container/Container->resolve('cache.store', Array, true)
#13 C:/laragon/www/16Hanynur/vendor/laravel/framework/src/Illuminate/Container/Container.php(867): Illuminate/Foundation/Application->resolve('cache.store', Array)
#14 C:/laragon/www/16Hanynur/vendor/laravel/framework/src/Illuminate/Foundation/Application.php(1065): Illuminate/Container/Container->make('cache.store', Array)
#15 C:/laragon/www/16Hanynur/vendor/laravel/framework/src/Illuminate/Container/Container.php(1846): Illuminate/Foundation/Application->make('cache.store')
#16 C:/laragon/www/16Hanynur/vendor/laravel/framework/src/Illuminate/Foundation/Providers/ArtisanServiceProvider.php(735): Illuminate/Container/Container->offsetGet('cache.store')
#17 C:/laragon/www/16Hanynur/vendor/laravel/framework/src/Illuminate/Container/Container.php(1140): Illuminate/Foundation/Providers/ArtisanServiceProvider->{closure:Illuminate/Foundation/Providers/ArtisanServiceProvider::registerQueueRestartCommand():734}(Object(Illuminate/Foundation/Application), Array)
#18 C:/laragon/www/16Hanynur/vendor/laravel/framework/src/Illuminate/Container/Container.php(939): Illuminate/Container/Container->build(Object(Closure))
#19 C:/laragon/www/16Hanynur/vendor/laravel/framework/src/Illuminate/Foundation/Application.php(1085): Illuminate/Container/Container->resolve('Illuminate//Queu...', Array, true)
#20 C:/laragon/www/16Hanynur/vendor/laravel/framework/src/Illuminate/Container/Container.php(884): Illuminate/Foundation/Application->resolve('Illuminate//Queu...')
#21 C:/laragon/www/16Hanynur/vendor/laravel/framework/src/Illuminate/Console/ContainerCommandLoader.php(52): Illuminate/Container/Container->get('Illuminate//Queu...')
#22 C:/laragon/www/16Hanynur/vendor/symfony/console/Application.php(664): Illuminate/Console/ContainerCommandLoader->get('queue:restart')
#23 C:/laragon/www/16Hanynur/vendor/symfony/console/Application.php(873): Symfony/Component/Console/Application->has('queue:restart')
#24 C:/laragon/www/16Hanynur/vendor/symfony/console/Descriptor/ApplicationDescription.php(84): Symfony/Component/Console/Application->all(NULL)
#25 C:/laragon/www/16Hanynur/vendor/symfony/console/Descriptor/ApplicationDescription.php(61): Symfony/Component/Console/Descriptor/ApplicationDescription->inspectApplication()
#26 C:/laragon/www/16Hanynur/vendor/symfony/console/Descriptor/TextDescriptor.php(185): Symfony/Component/Console/Descriptor/ApplicationDescription->getCommands()
#27 C:/laragon/www/16Hanynur/vendor/symfony/console/Descriptor/Descriptor.php(40): Symfony/Component/Console/Descriptor/TextDescriptor->describeApplication(Object(Illuminate/Console/Application), Array)
#28 C:/laragon/www/16Hanynur/vendor/symfony/console/Helper/DescriptorHelper.php(67): Symfony/Component/Console/Descriptor/Descriptor->describe(Object(Symfony/Component/Console/Output/ConsoleOutput), Object(Illuminate/Console/Application), Array)
#29 C:/laragon/www/16Hanynur/vendor/symfony/console/Command/ListCommand.php(63): Symfony/Component/Console/Helper/DescriptorHelper->describe(Object(Symfony/Component/Console/Output/ConsoleOutput), Object(Illuminate/Console/Application), Array)
#30 C:/laragon/www/16Hanynur/vendor/symfony/console/Command/Command.php(285): Symfony/Component/Console/Command/ListCommand->execute(Object(Symfony/Component/Console/Input/ArgvInput), Object(Symfony/Component/Console/Output/ConsoleOutput))
#31 C:/laragon/www/16Hanynur/vendor/symfony/console/Application.php(1144): Symfony/Component/Console/Command/Command->run(Object(Symfony/Component/Console/Input/ArgvInput), Object(Symfony/Component/Console/Output/ConsoleOutput))
#32 C:/laragon/www/16Hanynur/vendor/symfony/console/Application.php(379): Symfony/Component/Console/Application->doRunCommand(Object(Symfony/Component/Console/Command/ListCommand), Object(Symfony/Component/Console/Input/ArgvInput), Object(Symfony/Component/Console/Output/ConsoleOutput))
#33 C:/laragon/www/16Hanynur/vendor/symfony/console/Application.php(218): Symfony/Component/Console/Application->doRun(Object(Symfony/Component/Console/Input/ArgvInput), Object(Symfony/Component/Console/Output/ConsoleOutput))
#34 C:/laragon/www/16Hanynur/vendor/laravel/framework/src/Illuminate/Foundation/Console/Kernel.php(198): Symfony/Component/Console/Application->run(Object(Symfony/Component/Console/Input/ArgvInput), Object(Symfony/Component/Console/Output/ConsoleOutput))
#35 Command line code(1): Illuminate/Foundation/Console/Kernel->handle(Object(Symfony/Component/Console/Input/ArgvInput), Object(Symfony/Component/Console/Output/ConsoleOutput))
#36 {main}
"} 
[2026-09-24 02:29:56] local.ERROR: The database configuration URL is malformed. {"exception":"[object] (InvalidArgumentException(code: 0): The database configuration URL is malformed. at C:/laragon/www/16Hanynur/vendor/laravel/framework/src/Illuminate/Support/ConfigurationUrlParser.php:148)
[stacktrace]
#0 C:/laragon/www/16Hanynur/vendor/laravel/framework/src/Illuminate/Support/ConfigurationUrlParser.php(51): Illuminate/Support/ConfigurationUrlParser->parseUrl('postgresql://po...')
#1 C:/laragon/www/16Hanynur/vendor/laravel/framework/src/Illuminate/Database/DatabaseManager.php(230): Illuminate/Support/ConfigurationUrlParser->parseConfiguration(Array)
#2 C:/laragon/www/16Hanynur/vendor/laravel/framework/src/Illuminate/Database/DatabaseManager.php(192): Illuminate/Database/DatabaseManager->configuration('pgsql')
#3 C:/laragon/www/16Hanynur/vendor/laravel/framework/src/Illuminate/Database/DatabaseManager.php(103): Illuminate/Database/DatabaseManager->makeConnection('pgsql')
#4 C:/laragon/www/16Hanynur/vendor/laravel/framework/src/Illuminate/Cache/CacheManager.php(200): Illuminate/Database/DatabaseManager->connection('pgsql')
#5 C:/laragon/www/16Hanynur/vendor/laravel/framework/src/Illuminate/Cache/CacheManager.php(148): Illuminate/Cache/CacheManager->createDatabaseDriver(Array)
#6 C:/laragon/www/16Hanynur/vendor/laravel/framework/src/Illuminate/Cache/CacheManager.php(126): Illuminate/Cache/CacheManager->build(Array)
#7 C:/laragon/www/16Hanynur/vendor/laravel/framework/src/Illuminate/Cache/CacheManager.php(69): Illuminate/Cache/CacheManager->resolve('database')
#8 C:/laragon/www/16Hanynur/vendor/laravel/framework/src/Illuminate/Cache/CacheManager.php(80): Illuminate/Cache/CacheManager->store('database')
#9 C:/laragon/www/16Hanynur/vendor/laravel/framework/src/Illuminate/Cache/CacheServiceProvider.php(23): Illuminate/Cache/CacheManager->driver()
#10 C:/laragon/www/16Hanynur/vendor/laravel/framework/src/Illuminate/Container/Container.php(1140): Illuminate/Cache/CacheServiceProvider->{closure:Illuminate/Cache/CacheServiceProvider::register():22}(Object(Illuminate/Foundation/Application), Array)
#11 C:/laragon/www/16Hanynur/vendor/laravel/framework/src/Illuminate/Container/Container.php(939): Illuminate/Container/Container->build(Object(Closure))
#12 C:/laragon/www/16Hanynur/vendor/laravel/framework/src/Illuminate/Foundation/Application.php(1085): Illuminate/Container/Container->resolve('cache.store', Array, true)
#13 C:/laragon/www/16Hanynur/vendor/laravel/framework/src/Illuminate/Container/Container.php(867): Illuminate/Foundation/Application->resolve('cache.store', Array)
#14 C:/laragon/www/16Hanynur/vendor/laravel/framework/src/Illuminate/Foundation/Application.php(1065): Illuminate/Container/Container->make('cache.store', Array)
#15 C:/laragon/www/16Hanynur/vendor/laravel/framework/src/Illuminate/Container/Container.php(1846): Illuminate/Foundation/Application->make('cache.store')
#16 C:/laragon/www/16Hanynur/vendor/laravel/framework/src/Illuminate/Foundation/Providers/ArtisanServiceProvider.php(735): Illuminate/Container/Container->offsetGet('cache.store')
#17 C:/laragon/www/16Hanynur/vendor/laravel/framework/src/Illuminate/Container/Container.php(1140): Illuminate/Foundation/Providers/ArtisanServiceProvider->{closure:Illuminate/Foundation/Providers/ArtisanServiceProvider::registerQueueRestartCommand():734}(Object(Illuminate/Foundation/Application), Array)
#18 C:/laragon/www/16Hanynur/vendor/laravel/framework/src/Illuminate/Container/Container.php(939): Illuminate/Container/Container->build(Object(Closure))
#19 C:/laragon/www/16Hanynur/vendor/laravel/framework/src/Illuminate/Foundation/Application.php(1085): Illuminate/Container/Container->resolve('Illuminate//Queu...', Array, true)
#20 C:/laragon/www/16Hanynur/vendor/laravel/framework/src/Illuminate/Container/Container.php(884): Illuminate/Foundation/Application->resolve('Illuminate//Queu...')
#21 C:/laragon/www/16Hanynur/vendor/laravel/framework/src/Illuminate/Console/ContainerCommandLoader.php(52): Illuminate/Container/Container->get('Illuminate//Queu...')
#22 C:/laragon/www/16Hanynur/vendor/symfony/console/Application.php(664): Illuminate/Console/ContainerCommandLoader->get('queue:restart')
#23 C:/laragon/www/16Hanynur/vendor/symfony/console/Application.php(873): Symfony/Component/Console/Application->has('queue:restart')
#24 C:/laragon/www/16Hanynur/vendor/symfony/console/Descriptor/ApplicationDescription.php(84): Symfony/Component/Console/Application->all(NULL)
#25 C:/laragon/www/16Hanynur/vendor/symfony/console/Descriptor/ApplicationDescription.php(61): Symfony/Component/Console/Descriptor/ApplicationDescription->inspectApplication()
#26 C:/laragon/www/16Hanynur/vendor/symfony/console/Descriptor/TextDescriptor.php(185): Symfony/Component/Console/Descriptor/ApplicationDescription->getCommands()
#27 C:/laragon/www/16Hanynur/vendor/symfony/console/Descriptor/Descriptor.php(40): Symfony/Component/Console/Descriptor/TextDescriptor->describeApplication(Object(Illuminate/Console/Application), Array)
#28 C:/laragon/www/16Hanynur/vendor/symfony/console/Helper/DescriptorHelper.php(67): Symfony/Component/Console/Descriptor/Descriptor->describe(Object(Symfony/Component/Console/Output/ConsoleOutput), Object(Illuminate/Console/Application), Array)
#29 C:/laragon/www/16Hanynur/vendor/symfony/console/Command/ListCommand.php(63): Symfony/Component/Console/Helper/DescriptorHelper->describe(Object(Symfony/Component/Console/Output/ConsoleOutput), Object(Illuminate/Console/Application), Array)
#30 C:/laragon/www/16Hanynur/vendor/symfony/console/Command/Command.php(285): Symfony/Component/Console/Command/ListCommand->execute(Object(Symfony/Component/Console/Input/ArgvInput), Object(Symfony/Component/Console/Output/ConsoleOutput))
#31 C:/laragon/www/16Hanynur/vendor/symfony/console/Application.php(1144): Symfony/Component/Console/Command/Command->run(Object(Symfony/Component/Console/Input/ArgvInput), Object(Symfony/Component/Console/Output/ConsoleOutput))
#32 C:/laragon/www/16Hanynur/vendor/symfony/console/Application.php(379): Symfony/Component/Console/Application->doRunCommand(Object(Symfony/Component/Console/Command/ListCommand), Object(Symfony/Component/Console/Input/ArgvInput), Object(Symfony/Component/Console/Output/ConsoleOutput))
#33 C:/laragon/www/16Hanynur/vendor/symfony/console/Application.php(218): Symfony/Component/Console/Application->doRun(Object(Symfony/Component/Console/Input/ArgvInput), Object(Symfony/Component/Console/Output/ConsoleOutput))
#34 C:/laragon/www/16Hanynur/vendor/laravel/framework/src/Illuminate/Foundation/Console/Kernel.php(198): Symfony/Component/Console/Application->run(Object(Symfony/Component/Console/Input/ArgvInput), Object(Symfony/Component/Console/Output/ConsoleOutput))
#35 Command line code(1): Illuminate/Foundation/Console/Kernel->handle(Object(Symfony/Component/Console/Input/ArgvInput), Object(Symfony/Component/Console/Output/ConsoleOutput))
#36 {main}
"} 
[2026-09-24 02:30:56] local.ERROR: The database configuration URL is malformed. {"exception":"[object] (InvalidArgumentException(code: 0): The database configuration URL is malformed. at C:/laragon/www/16Hanynur/vendor/laravel/framework/src/Illuminate/Support/ConfigurationUrlParser.php:148)
[stacktrace]
#0 C:/laragon/www/16Hanynur/vendor/laravel/framework/src/Illuminate/Support/ConfigurationUrlParser.php(51): Illuminate/Support/ConfigurationUrlParser->parseUrl('postgresql://po...')
#1 C:/laragon/www/16Hanynur/vendor/laravel/framework/src/Illuminate/Database/DatabaseManager.php(230): Illuminate/Support/ConfigurationUrlParser->parseConfiguration(Array)
#2 C:/laragon/www/16Hanynur/vendor/laravel/framework/src/Illuminate/Database/DatabaseManager.php(192): Illuminate/Database/DatabaseManager->configuration('pgsql')
#3 C:/laragon/www/16Hanynur/vendor/laravel/framework/src/Illuminate/Database/DatabaseManager.php(103): Illuminate/Database/DatabaseManager->makeConnection('pgsql')
#4 C:/laragon/www/16Hanynur/vendor/laravel/framework/src/Illuminate/Cache/CacheManager.php(200): Illuminate/Database/DatabaseManager->connection('pgsql')
#5 C:/laragon/www/16Hanynur/vendor/laravel/framework/src/Illuminate/Cache/CacheManager.php(148): Illuminate/Cache/CacheManager->createDatabaseDriver(Array)
#6 C:/laragon/www/16Hanynur/vendor/laravel/framework/src/Illuminate/Cache/CacheManager.php(126): Illuminate/Cache/CacheManager->build(Array)
#7 C:/laragon/www/16Hanynur/vendor/laravel/framework/src/Illuminate/Cache/CacheManager.php(69): Illuminate/Cache/CacheManager->resolve('database')
#8 C:/laragon/www/16Hanynur/vendor/laravel/framework/src/Illuminate/Cache/CacheManager.php(80): Illuminate/Cache/CacheManager->store('database')
#9 C:/laragon/www/16Hanynur/vendor/laravel/framework/src/Illuminate/Cache/CacheServiceProvider.php(23): Illuminate/Cache/CacheManager->driver()
#10 C:/laragon/www/16Hanynur/vendor/laravel/framework/src/Illuminate/Container/Container.php(1140): Illuminate/Cache/CacheServiceProvider->{closure:Illuminate/Cache/CacheServiceProvider::register():22}(Object(Illuminate/Foundation/Application), Array)
#11 C:/laragon/www/16Hanynur/vendor/laravel/framework/src/Illuminate/Container/Container.php(939): Illuminate/Container/Container->build(Object(Closure))
#12 C:/laragon/www/16Hanynur/vendor/laravel/framework/src/Illuminate/Foundation/Application.php(1085): Illuminate/Container/Container->resolve('cache.store', Array, true)
#13 C:/laragon/www/16Hanynur/vendor/laravel/framework/src/Illuminate/Container/Container.php(867): Illuminate/Foundation/Application->resolve('cache.store', Array)
#14 C:/laragon/www/16Hanynur/vendor/laravel/framework/src/Illuminate/Foundation/Application.php(1065): Illuminate/Container/Container->make('cache.store', Array)
#15 C:/laragon/www/16Hanynur/vendor/laravel/framework/src/Illuminate/Container/Container.php(1846): Illuminate/Foundation/Application->make('cache.store')
#16 C:/laragon/www/16Hanynur/vendor/laravel/framework/src/Illuminate/Foundation/Providers/ArtisanServiceProvider.php(735): Illuminate/Container/Container->offsetGet('cache.store')
#17 C:/laragon/www/16Hanynur/vendor/laravel/framework/src/Illuminate/Container/Container.php(1140): Illuminate/Foundation/Providers/ArtisanServiceProvider->{closure:Illuminate/Foundation/Providers/ArtisanServiceProvider::registerQueueRestartCommand():734}(Object(Illuminate/Foundation/Application), Array)
#18 C:/laragon/www/16Hanynur/vendor/laravel/framework/src/Illuminate/Container/Container.php(939): Illuminate/Container/Container->build(Object(Closure))
#19 C:/laragon/www/16Hanynur/vendor/laravel/framework/src/Illuminate/Foundation/Application.php(1085): Illuminate/Container/Container->resolve('Illuminate//Queu...', Array, true)
#20 C:/laragon/www/16Hanynur/vendor/laravel/framework/src/Illuminate/Container/Container.php(884): Illuminate/Foundation/Application->resolve('Illuminate//Queu...')
#21 C:/laragon/www/16Hanynur/vendor/laravel/framework/src/Illuminate/Console/ContainerCommandLoader.php(52): Illuminate/Container/Container->get('Illuminate//Queu...')
#22 C:/laragon/www/16Hanynur/vendor/symfony/console/Application.php(664): Illuminate/Console/ContainerCommandLoader->get('queue:restart')
#23 C:/laragon/www/16Hanynur/vendor/symfony/console/Application.php(873): Symfony/Component/Console/Application->has('queue:restart')
#24 C:/laragon/www/16Hanynur/vendor/symfony/console/Descriptor/ApplicationDescription.php(84): Symfony/Component/Console/Application->all(NULL)
#25 C:/laragon/www/16Hanynur/vendor/symfony/console/Descriptor/ApplicationDescription.php(61): Symfony/Component/Console/Descriptor/ApplicationDescription->inspectApplication()
#26 C:/laragon/www/16Hanynur/vendor/symfony/console/Descriptor/TextDescriptor.php(185): Symfony/Component/Console/Descriptor/ApplicationDescription->getCommands()
#27 C:/laragon/www/16Hanynur/vendor/symfony/console/Descriptor/Descriptor.php(40): Symfony/Component/Console/Descriptor/TextDescriptor->describeApplication(Object(Illuminate/Console/Application), Array)
#28 C:/laragon/www/16Hanynur/vendor/symfony/console/Helper/DescriptorHelper.php(67): Symfony/Component/Console/Descriptor/Descriptor->describe(Object(Symfony/Component/Console/Output/ConsoleOutput), Object(Illuminate/Console/Application), Array)
#29 C:/laragon/www/16Hanynur/vendor/symfony/console/Command/ListCommand.php(63): Symfony/Component/Console/Helper/DescriptorHelper->describe(Object(Symfony/Component/Console/Output/ConsoleOutput), Object(Illuminate/Console/Application), Array)
#30 C:/laragon/www/16Hanynur/vendor/symfony/console/Command/Command.php(285): Symfony/Component/Console/Command/ListCommand->execute(Object(Symfony/Component/Console/Input/ArgvInput), Object(Symfony/Component/Console/Output/ConsoleOutput))
#31 C:/laragon/www/16Hanynur/vendor/symfony/console/Application.php(1144): Symfony/Component/Console/Command/Command->run(Object(Symfony/Component/Console/Input/ArgvInput), Object(Symfony/Component/Console/Output/ConsoleOutput))
#32 C:/laragon/www/16Hanynur/vendor/symfony/console/Application.php(379): Symfony/Component/Console/Application->doRunCommand(Object(Symfony/Component/Console/Command/ListCommand), Object(Symfony/Component/Console/Input/ArgvInput), Object(Symfony/Component/Console/Output/ConsoleOutput))
#33 C:/laragon/www/16Hanynur/vendor/symfony/console/Application.php(218): Symfony/Component/Console/Application->doRun(Object(Symfony/Component/Console/Input/ArgvInput), Object(Symfony/Component/Console/Output/ConsoleOutput))
#34 C:/laragon/www/16Hanynur/vendor/laravel/framework/src/Illuminate/Foundation/Console/Kernel.php(198): Symfony/Component/Console/Application->run(Object(Symfony/Component/Console/Input/ArgvInput), Object(Symfony/Component/Console/Output/ConsoleOutput))
#35 Command line code(1): Illuminate/Foundation/Console/Kernel->handle(Object(Symfony/Component/Console/Input/ArgvInput), Object(Symfony/Component/Console/Output/ConsoleOutput))
#36 {main}
"} 
[2026-09-24 02:30:56] local.ERROR: The database configuration URL is malformed. {"exception":"[object] (InvalidArgumentException(code: 0): The database configuration URL is malformed. at C:/laragon/www/16Hanynur/vendor/laravel/framework/src/Illuminate/Support/ConfigurationUrlParser.php:148)
[stacktrace]
#0 C:/laragon/www/16Hanynur/vendor/laravel/framework/src/Illuminate/Support/ConfigurationUrlParser.php(51): Illuminate/Support/ConfigurationUrlParser->parseUrl('postgresql://po...')
#1 C:/laragon/www/16Hanynur/vendor/laravel/framework/src/Illuminate/Database/DatabaseManager.php(230): Illuminate/Support/ConfigurationUrlParser->parseConfiguration(Array)
#2 C:/laragon/www/16Hanynur/vendor/laravel/framework/src/Illuminate/Database/DatabaseManager.php(192): Illuminate/Database/DatabaseManager->configuration('pgsql')
#3 C:/laragon/www/16Hanynur/vendor/laravel/framework/src/Illuminate/Database/DatabaseManager.php(103): Illuminate/Database/DatabaseManager->makeConnection('pgsql')
#4 C:/laragon/www/16Hanynur/vendor/laravel/framework/src/Illuminate/Cache/CacheManager.php(200): Illuminate/Database/DatabaseManager->connection('pgsql')
#5 C:/laragon/www/16Hanynur/vendor/laravel/framework/src/Illuminate/Cache/CacheManager.php(148): Illuminate/Cache/CacheManager->createDatabaseDriver(Array)
#6 C:/laragon/www/16Hanynur/vendor/laravel/framework/src/Illuminate/Cache/CacheManager.php(126): Illuminate/Cache/CacheManager->build(Array)
#7 C:/laragon/www/16Hanynur/vendor/laravel/framework/src/Illuminate/Cache/CacheManager.php(69): Illuminate/Cache/CacheManager->resolve('database')
#8 C:/laragon/www/16Hanynur/vendor/laravel/framework/src/Illuminate/Cache/CacheManager.php(80): Illuminate/Cache/CacheManager->store('database')
#9 C:/laragon/www/16Hanynur/vendor/laravel/framework/src/Illuminate/Cache/CacheServiceProvider.php(23): Illuminate/Cache/CacheManager->driver()
#10 C:/laragon/www/16Hanynur/vendor/laravel/framework/src/Illuminate/Container/Container.php(1140): Illuminate/Cache/CacheServiceProvider->{closure:Illuminate/Cache/CacheServiceProvider::register():22}(Object(Illuminate/Foundation/Application), Array)
#11 C:/laragon/www/16Hanynur/vendor/laravel/framework/src/Illuminate/Container/Container.php(939): Illuminate/Container/Container->build(Object(Closure))
#12 C:/laragon/www/16Hanynur/vendor/laravel/framework/src/Illuminate/Foundation/Application.php(1085): Illuminate/Container/Container->resolve('cache.store', Array, true)
#13 C:/laragon/www/16Hanynur/vendor/laravel/framework/src/Illuminate/Container/Container.php(867): Illuminate/Foundation/Application->resolve('cache.store', Array)
#14 C:/laragon/www/16Hanynur/vendor/laravel/framework/src/Illuminate/Foundation/Application.php(1065): Illuminate/Container/Container->make('cache.store', Array)
#15 C:/laragon/www/16Hanynur/vendor/laravel/framework/src/Illuminate/Container/Container.php(1846): Illuminate/Foundation/Application->make('cache.store')
#16 C:/laragon/www/16Hanynur/vendor/laravel/framework/src/Illuminate/Foundation/Providers/ArtisanServiceProvider.php(735): Illuminate/Container/Container->offsetGet('cache.store')
#17 C:/laragon/www/16Hanynur/vendor/laravel/framework/src/Illuminate/Container/Container.php(1140): Illuminate/Foundation/Providers/ArtisanServiceProvider->{closure:Illuminate/Foundation/Providers/ArtisanServiceProvider::registerQueueRestartCommand():734}(Object(Illuminate/Foundation/Application), Array)
#18 C:/laragon/www/16Hanynur/vendor/laravel/framework/src/Illuminate/Container/Container.php(939): Illuminate/Container/Container->build(Object(Closure))
#19 C:/laragon/www/16Hanynur/vendor/laravel/framework/src/Illuminate/Foundation/Application.php(1085): Illuminate/Container/Container->resolve('Illuminate//Queu...', Array, true)
#20 C:/laragon/www/16Hanynur/vendor/laravel/framework/src/Illuminate/Container/Container.php(884): Illuminate/Foundation/Application->resolve('Illuminate//Queu...')
#21 C:/laragon/www/16Hanynur/vendor/laravel/framework/src/Illuminate/Console/ContainerCommandLoader.php(52): Illuminate/Container/Container->get('Illuminate//Queu...')
#22 C:/laragon/www/16Hanynur/vendor/symfony/console/Application.php(664): Illuminate/Console/ContainerCommandLoader->get('queue:restart')
#23 C:/laragon/www/16Hanynur/vendor/symfony/console/Application.php(873): Symfony/Component/Console/Application->has('queue:restart')
#24 C:/laragon/www/16Hanynur/vendor/symfony/console/Descriptor/ApplicationDescription.php(84): Symfony/Component/Console/Application->all(NULL)
#25 C:/laragon/www/16Hanynur/vendor/symfony/console/Descriptor/ApplicationDescription.php(61): Symfony/Component/Console/Descriptor/ApplicationDescription->inspectApplication()
#26 C:/laragon/www/16Hanynur/vendor/symfony/console/Descriptor/TextDescriptor.php(185): Symfony/Component/Console/Descriptor/ApplicationDescription->getCommands()
#27 C:/laragon/www/16Hanynur/vendor/symfony/console/Descriptor/Descriptor.php(40): Symfony/Component/Console/Descriptor/TextDescriptor->describeApplication(Object(Illuminate/Console/Application), Array)
#28 C:/laragon/www/16Hanynur/vendor/symfony/console/Helper/DescriptorHelper.php(67): Symfony/Component/Console/Descriptor/Descriptor->describe(Object(Symfony/Component/Console/Output/ConsoleOutput), Object(Illuminate/Console/Application), Array)
#29 C:/laragon/www/16Hanynur/vendor/symfony/console/Command/ListCommand.php(63): Symfony/Component/Console/Helper/DescriptorHelper->describe(Object(Symfony/Component/Console/Output/ConsoleOutput), Object(Illuminate/Console/Application), Array)
#30 C:/laragon/www/16Hanynur/vendor/symfony/console/Command/Command.php(285): Symfony/Component/Console/Command/ListCommand->execute(Object(Symfony/Component/Console/Input/ArgvInput), Object(Symfony/Component/Console/Output/ConsoleOutput))
#31 C:/laragon/www/16Hanynur/vendor/symfony/console/Application.php(1144): Symfony/Component/Console/Command/Command->run(Object(Symfony/Component/Console/Input/ArgvInput), Object(Symfony/Component/Console/Output/ConsoleOutput))
#32 C:/laragon/www/16Hanynur/vendor/symfony/console/Application.php(379): Symfony/Component/Console/Application->doRunCommand(Object(Symfony/Component/Console/Command/ListCommand), Object(Symfony/Component/Console/Input/ArgvInput), Object(Symfony/Component/Console/Output/ConsoleOutput))
#33 C:/laragon/www/16Hanynur/vendor/symfony/console/Application.php(218): Symfony/Component/Console/Application->doRun(Object(Symfony/Component/Console/Input/ArgvInput), Object(Symfony/Component/Console/Output/ConsoleOutput))
#34 C:/laragon/www/16Hanynur/vendor/laravel/framework/src/Illuminate/Foundation/Console/Kernel.php(198): Symfony/Component/Console/Application->run(Object(Symfony/Component/Console/Input/ArgvInput), Object(Symfony/Component/Console/Output/ConsoleOutput))
#35 Command line code(1): Illuminate/Foundation/Console/Kernel->handle(Object(Symfony/Component/Console/Input/ArgvInput), Object(Symfony/Component/Console/Output/ConsoleOutput))
#36 {main}
"} 
[2026-09-24 02:31:56] local.ERROR: The database configuration URL is malformed. {"exception":"[object] (InvalidArgumentException(code: 0): The database configuration URL is malformed. at C:/laragon/www/16Hanynur/vendor/laravel/framework/src/Illuminate/Support/ConfigurationUrlParser.php:148)
[stacktrace]
#0 C:/laragon/www/16Hanynur/vendor/laravel/framework/src/Illuminate/Support/ConfigurationUrlParser.php(51): Illuminate/Support/ConfigurationUrlParser->parseUrl('postgresql://po...')
#1 C:/laragon/www/16Hanynur/vendor/laravel/framework/src/Illuminate/Database/DatabaseManager.php(230): Illuminate/Support/ConfigurationUrlParser->parseConfiguration(Array)
#2 C:/laragon/www/16Hanynur/vendor/laravel/framework/src/Illuminate/Database/DatabaseManager.php(192): Illuminate/Database/DatabaseManager->configuration('pgsql')
#3 C:/laragon/www/16Hanynur/vendor/laravel/framework/src/Illuminate/Database/DatabaseManager.php(103): Illuminate/Database/DatabaseManager->makeConnection('pgsql')
#4 C:/laragon/www/16Hanynur/vendor/laravel/framework/src/Illuminate/Cache/CacheManager.php(200): Illuminate/Database/DatabaseManager->connection('pgsql')
#5 C:/laragon/www/16Hanynur/vendor/laravel/framework/src/Illuminate/Cache/CacheManager.php(148): Illuminate/Cache/CacheManager->createDatabaseDriver(Array)
#6 C:/laragon/www/16Hanynur/vendor/laravel/framework/src/Illuminate/Cache/CacheManager.php(126): Illuminate/Cache/CacheManager->build(Array)
#7 C:/laragon/www/16Hanynur/vendor/laravel/framework/src/Illuminate/Cache/CacheManager.php(69): Illuminate/Cache/CacheManager->resolve('database')
#8 C:/laragon/www/16Hanynur/vendor/laravel/framework/src/Illuminate/Cache/CacheManager.php(80): Illuminate/Cache/CacheManager->store('database')
#9 C:/laragon/www/16Hanynur/vendor/laravel/framework/src/Illuminate/Cache/CacheServiceProvider.php(23): Illuminate/Cache/CacheManager->driver()
#10 C:/laragon/www/16Hanynur/vendor/laravel/framework/src/Illuminate/Container/Container.php(1140): Illuminate/Cache/CacheServiceProvider->{closure:Illuminate/Cache/CacheServiceProvider::register():22}(Object(Illuminate/Foundation/Application), Array)
#11 C:/laragon/www/16Hanynur/vendor/laravel/framework/src/Illuminate/Container/Container.php(939): Illuminate/Container/Container->build(Object(Closure))
#12 C:/laragon/www/16Hanynur/vendor/laravel/framework/src/Illuminate/Foundation/Application.php(1085): Illuminate/Container/Container->resolve('cache.store', Array, true)
#13 C:/laragon/www/16Hanynur/vendor/laravel/framework/src/Illuminate/Container/Container.php(867): Illuminate/Foundation/Application->resolve('cache.store', Array)
#14 C:/laragon/www/16Hanynur/vendor/laravel/framework/src/Illuminate/Foundation/Application.php(1065): Illuminate/Container/Container->make('cache.store', Array)
#15 C:/laragon/www/16Hanynur/vendor/laravel/framework/src/Illuminate/Container/Container.php(1846): Illuminate/Foundation/Application->make('cache.store')
#16 C:/laragon/www/16Hanynur/vendor/laravel/framework/src/Illuminate/Foundation/Providers/ArtisanServiceProvider.php(735): Illuminate/Container/Container->offsetGet('cache.store')
#17 C:/laragon/www/16Hanynur/vendor/laravel/framework/src/Illuminate/Container/Container.php(1140): Illuminate/Foundation/Providers/ArtisanServiceProvider->{closure:Illuminate/Foundation/Providers/ArtisanServiceProvider::registerQueueRestartCommand():734}(Object(Illuminate/Foundation/Application), Array)
#18 C:/laragon/www/16Hanynur/vendor/laravel/framework/src/Illuminate/Container/Container.php(939): Illuminate/Container/Container->build(Object(Closure))
#19 C:/laragon/www/16Hanynur/vendor/laravel/framework/src/Illuminate/Foundation/Application.php(1085): Illuminate/Container/Container->resolve('Illuminate//Queu...', Array, true)
#20 C:/laragon/www/16Hanynur/vendor/laravel/framework/src/Illuminate/Container/Container.php(884): Illuminate/Foundation/Application->resolve('Illuminate//Queu...')
#21 C:/laragon/www/16Hanynur/vendor/laravel/framework/src/Illuminate/Console/ContainerCommandLoader.php(52): Illuminate/Container/Container->get('Illuminate//Queu...')
#22 C:/laragon/www/16Hanynur/vendor/symfony/console/Application.php(664): Illuminate/Console/ContainerCommandLoader->get('queue:restart')
#23 C:/laragon/www/16Hanynur/vendor/symfony/console/Application.php(873): Symfony/Component/Console/Application->has('queue:restart')
#24 C:/laragon/www/16Hanynur/vendor/symfony/console/Descriptor/ApplicationDescription.php(84): Symfony/Component/Console/Application->all(NULL)
#25 C:/laragon/www/16Hanynur/vendor/symfony/console/Descriptor/ApplicationDescription.php(61): Symfony/Component/Console/Descriptor/ApplicationDescription->inspectApplication()
#26 C:/laragon/www/16Hanynur/vendor/symfony/console/Descriptor/TextDescriptor.php(185): Symfony/Component/Console/Descriptor/ApplicationDescription->getCommands()
#27 C:/laragon/www/16Hanynur/vendor/symfony/console/Descriptor/Descriptor.php(40): Symfony/Component/Console/Descriptor/TextDescriptor->describeApplication(Object(Illuminate/Console/Application), Array)
#28 C:/laragon/www/16Hanynur/vendor/symfony/console/Helper/DescriptorHelper.php(67): Symfony/Component/Console/Descriptor/Descriptor->describe(Object(Symfony/Component/Console/Output/ConsoleOutput), Object(Illuminate/Console/Application), Array)
#29 C:/laragon/www/16Hanynur/vendor/symfony/console/Command/ListCommand.php(63): Symfony/Component/Console/Helper/DescriptorHelper->describe(Object(Symfony/Component/Console/Output/ConsoleOutput), Object(Illuminate/Console/Application), Array)
#30 C:/laragon/www/16Hanynur/vendor/symfony/console/Command/Command.php(285): Symfony/Component/Console/Command/ListCommand->execute(Object(Symfony/Component/Console/Input/ArgvInput), Object(Symfony/Component/Console/Output/ConsoleOutput))
#31 C:/laragon/www/16Hanynur/vendor/symfony/console/Application.php(1144): Symfony/Component/Console/Command/Command->run(Object(Symfony/Component/Console/Input/ArgvInput), Object(Symfony/Component/Console/Output/ConsoleOutput))
#32 C:/laragon/www/16Hanynur/vendor/symfony/console/Application.php(379): Symfony/Component/Console/Application->doRunCommand(Object(Symfony/Component/Console/Command/ListCommand), Object(Symfony/Component/Console/Input/ArgvInput), Object(Symfony/Component/Console/Output/ConsoleOutput))
#33 C:/laragon/www/16Hanynur/vendor/symfony/console/Application.php(218): Symfony/Component/Console/Application->doRun(Object(Symfony/Component/Console/Input/ArgvInput), Object(Symfony/Component/Console/Output/ConsoleOutput))
#34 C:/laragon/www/16Hanynur/vendor/laravel/framework/src/Illuminate/Foundation/Console/Kernel.php(198): Symfony/Component/Console/Application->run(Object(Symfony/Component/Console/Input/ArgvInput), Object(Symfony/Component/Console/Output/ConsoleOutput))
#35 Command line code(1): Illuminate/Foundation/Console/Kernel->handle(Object(Symfony/Component/Console/Input/ArgvInput), Object(Symfony/Component/Console/Output/ConsoleOutput))
#36 {main}
"} 
[2026-09-24 02:31:56] local.ERROR: The database configuration URL is malformed. {"exception":"[object] (InvalidArgumentException(code: 0): The database configuration URL is malformed. at C:/laragon/www/16Hanynur/vendor/laravel/framework/src/Illuminate/Support/ConfigurationUrlParser.php:148)
[stacktrace]
#0 C:/laragon/www/16Hanynur/vendor/laravel/framework/src/Illuminate/Support/ConfigurationUrlParser.php(51): Illuminate/Support/ConfigurationUrlParser->parseUrl('postgresql://po...')
#1 C:/laragon/www/16Hanynur/vendor/laravel/framework/src/Illuminate/Database/DatabaseManager.php(230): Illuminate/Support/ConfigurationUrlParser->parseConfiguration(Array)
#2 C:/laragon/www/16Hanynur/vendor/laravel/framework/src/Illuminate/Database/DatabaseManager.php(192): Illuminate/Database/DatabaseManager->configuration('pgsql')
#3 C:/laragon/www/16Hanynur/vendor/laravel/framework/src/Illuminate/Database/DatabaseManager.php(103): Illuminate/Database/DatabaseManager->makeConnection('pgsql')
#4 C:/laragon/www/16Hanynur/vendor/laravel/framework/src/Illuminate/Cache/CacheManager.php(200): Illuminate/Database/DatabaseManager->connection('pgsql')
#5 C:/laragon/www/16Hanynur/vendor/laravel/framework/src/Illuminate/Cache/CacheManager.php(148): Illuminate/Cache/CacheManager->createDatabaseDriver(Array)
#6 C:/laragon/www/16Hanynur/vendor/laravel/framework/src/Illuminate/Cache/CacheManager.php(126): Illuminate/Cache/CacheManager->build(Array)
#7 C:/laragon/www/16Hanynur/vendor/laravel/framework/src/Illuminate/Cache/CacheManager.php(69): Illuminate/Cache/CacheManager->resolve('database')
#8 C:/laragon/www/16Hanynur/vendor/laravel/framework/src/Illuminate/Cache/CacheManager.php(80): Illuminate/Cache/CacheManager->store('database')
#9 C:/laragon/www/16Hanynur/vendor/laravel/framework/src/Illuminate/Cache/CacheServiceProvider.php(23): Illuminate/Cache/CacheManager->driver()
#10 C:/laragon/www/16Hanynur/vendor/laravel/framework/src/Illuminate/Container/Container.php(1140): Illuminate/Cache/CacheServiceProvider->{closure:Illuminate/Cache/CacheServiceProvider::register():22}(Object(Illuminate/Foundation/Application), Array)
#11 C:/laragon/www/16Hanynur/vendor/laravel/framework/src/Illuminate/Container/Container.php(939): Illuminate/Container/Container->build(Object(Closure))
#12 C:/laragon/www/16Hanynur/vendor/laravel/framework/src/Illuminate/Foundation/Application.php(1085): Illuminate/Container/Container->resolve('cache.store', Array, true)
#13 C:/laragon/www/16Hanynur/vendor/laravel/framework/src/Illuminate/Container/Container.php(867): Illuminate/Foundation/Application->resolve('cache.store', Array)
#14 C:/laragon/www/16Hanynur/vendor/laravel/framework/src/Illuminate/Foundation/Application.php(1065): Illuminate/Container/Container->make('cache.store', Array)
#15 C:/laragon/www/16Hanynur/vendor/laravel/framework/src/Illuminate/Container/Container.php(1846): Illuminate/Foundation/Application->make('cache.store')
#16 C:/laragon/www/16Hanynur/vendor/laravel/framework/src/Illuminate/Foundation/Providers/ArtisanServiceProvider.php(735): Illuminate/Container/Container->offsetGet('cache.store')
#17 C:/laragon/www/16Hanynur/vendor/laravel/framework/src/Illuminate/Container/Container.php(1140): Illuminate/Foundation/Providers/ArtisanServiceProvider->{closure:Illuminate/Foundation/Providers/ArtisanServiceProvider::registerQueueRestartCommand():734}(Object(Illuminate/Foundation/Application), Array)
#18 C:/laragon/www/16Hanynur/vendor/laravel/framework/src/Illuminate/Container/Container.php(939): Illuminate/Container/Container->build(Object(Closure))
#19 C:/laragon/www/16Hanynur/vendor/laravel/framework/src/Illuminate/Foundation/Application.php(1085): Illuminate/Container/Container->resolve('Illuminate//Queu...', Array, true)
#20 C:/laragon/www/16Hanynur/vendor/laravel/framework/src/Illuminate/Container/Container.php(884): Illuminate/Foundation/Application->resolve('Illuminate//Queu...')
#21 C:/laragon/www/16Hanynur/vendor/laravel/framework/src/Illuminate/Console/ContainerCommandLoader.php(52): Illuminate/Container/Container->get('Illuminate//Queu...')
#22 C:/laragon/www/16Hanynur/vendor/symfony/console/Application.php(664): Illuminate/Console/ContainerCommandLoader->get('queue:restart')
#23 C:/laragon/www/16Hanynur/vendor/symfony/console/Application.php(873): Symfony/Component/Console/Application->has('queue:restart')
#24 C:/laragon/www/16Hanynur/vendor/symfony/console/Descriptor/ApplicationDescription.php(84): Symfony/Component/Console/Application->all(NULL)
#25 C:/laragon/www/16Hanynur/vendor/symfony/console/Descriptor/ApplicationDescription.php(61): Symfony/Component/Console/Descriptor/ApplicationDescription->inspectApplication()
#26 C:/laragon/www/16Hanynur/vendor/symfony/console/Descriptor/TextDescriptor.php(185): Symfony/Component/Console/Descriptor/ApplicationDescription->getCommands()
#27 C:/laragon/www/16Hanynur/vendor/symfony/console/Descriptor/Descriptor.php(40): Symfony/Component/Console/Descriptor/TextDescriptor->describeApplication(Object(Illuminate/Console/Application), Array)
#28 C:/laragon/www/16Hanynur/vendor/symfony/console/Helper/DescriptorHelper.php(67): Symfony/Component/Console/Descriptor/Descriptor->describe(Object(Symfony/Component/Console/Output/ConsoleOutput), Object(Illuminate/Console/Application), Array)
#29 C:/laragon/www/16Hanynur/vendor/symfony/console/Command/ListCommand.php(63): Symfony/Component/Console/Helper/DescriptorHelper->describe(Object(Symfony/Component/Console/Output/ConsoleOutput), Object(Illuminate/Console/Application), Array)
#30 C:/laragon/www/16Hanynur/vendor/symfony/console/Command/Command.php(285): Symfony/Component/Console/Command/ListCommand->execute(Object(Symfony/Component/Console/Input/ArgvInput), Object(Symfony/Component/Console/Output/ConsoleOutput))
#31 C:/laragon/www/16Hanynur/vendor/symfony/console/Application.php(1144): Symfony/Component/Console/Command/Command->run(Object(Symfony/Component/Console/Input/ArgvInput), Object(Symfony/Component/Console/Output/ConsoleOutput))
#32 C:/laragon/www/16Hanynur/vendor/symfony/console/Application.php(379): Symfony/Component/Console/Application->doRunCommand(Object(Symfony/Component/Console/Command/ListCommand), Object(Symfony/Component/Console/Input/ArgvInput), Object(Symfony/Component/Console/Output/ConsoleOutput))
#33 C:/laragon/www/16Hanynur/vendor/symfony/console/Application.php(218): Symfony/Component/Console/Application->doRun(Object(Symfony/Component/Console/Input/ArgvInput), Object(Symfony/Component/Console/Output/ConsoleOutput))
#34 C:/laragon/www/16Hanynur/vendor/laravel/framework/src/Illuminate/Foundation/Console/Kernel.php(198): Symfony/Component/Console/Application->run(Object(Symfony/Component/Console/Input/ArgvInput), Object(Symfony/Component/Console/Output/ConsoleOutput))
#35 Command line code(1): Illuminate/Foundation/Console/Kernel->handle(Object(Symfony/Component/Console/Input/ArgvInput), Object(Symfony/Component/Console/Output/ConsoleOutput))
#36 {main}
"} 
[2026-09-24 02:32:10] local.ERROR: The database configuration URL is malformed. {"exception":"[object] (InvalidArgumentException(code: 0): The database configuration URL is malformed. at C:/laragon/www/16Hanynur/vendor/laravel/framework/src/Illuminate/Support/ConfigurationUrlParser.php:148)
[stacktrace]
#0 C:/laragon/www/16Hanynur/vendor/laravel/framework/src/Illuminate/Support/ConfigurationUrlParser.php(51): Illuminate/Support/ConfigurationUrlParser->parseUrl('postgresql://po...')
#1 C:/laragon/www/16Hanynur/vendor/laravel/framework/src/Illuminate/Database/DatabaseManager.php(230): Illuminate/Support/ConfigurationUrlParser->parseConfiguration(Array)
#2 C:/laragon/www/16Hanynur/vendor/laravel/framework/src/Illuminate/Database/DatabaseManager.php(192): Illuminate/Database/DatabaseManager->configuration('pgsql')
#3 C:/laragon/www/16Hanynur/vendor/laravel/framework/src/Illuminate/Database/DatabaseManager.php(103): Illuminate/Database/DatabaseManager->makeConnection('pgsql')
#4 C:/laragon/www/16Hanynur/vendor/laravel/framework/src/Illuminate/Cache/CacheManager.php(200): Illuminate/Database/DatabaseManager->connection('pgsql')
#5 C:/laragon/www/16Hanynur/vendor/laravel/framework/src/Illuminate/Cache/CacheManager.php(148): Illuminate/Cache/CacheManager->createDatabaseDriver(Array)
#6 C:/laragon/www/16Hanynur/vendor/laravel/framework/src/Illuminate/Cache/CacheManager.php(126): Illuminate/Cache/CacheManager->build(Array)
#7 C:/laragon/www/16Hanynur/vendor/laravel/framework/src/Illuminate/Cache/CacheManager.php(69): Illuminate/Cache/CacheManager->resolve('database')
#8 C:/laragon/www/16Hanynur/vendor/laravel/framework/src/Illuminate/Cache/Console/ClearCommand.php(157): Illuminate/Cache/CacheManager->store('database')
#9 C:/laragon/www/16Hanynur/vendor/laravel/framework/src/Illuminate/Cache/Console/ClearCommand.php(81): Illuminate/Cache/Console/ClearCommand->cache()
#10 C:/laragon/www/16Hanynur/vendor/laravel/framework/src/Illuminate/Container/BoundMethod.php(36): Illuminate/Cache/Console/ClearCommand->handle()
#11 C:/laragon/www/16Hanynur/vendor/laravel/framework/src/Illuminate/Container/Util.php(43): Illuminate/Container/BoundMethod::{closure:Illuminate/Container/BoundMethod::call():35}()
#12 C:/laragon/www/16Hanynur/vendor/laravel/framework/src/Illuminate/Container/BoundMethod.php(96): Illuminate/Container/Util::unwrapIfClosure(Object(Closure))
#13 C:/laragon/www/16Hanynur/vendor/laravel/framework/src/Illuminate/Container/BoundMethod.php(35): Illuminate/Container/BoundMethod::callBoundMethod(Object(Illuminate/Foundation/Application), Array, Object(Closure))
#14 C:/laragon/www/16Hanynur/vendor/laravel/framework/src/Illuminate/Container/Container.php(803): Illuminate/Container/BoundMethod::call(Object(Illuminate/Foundation/Application), Array, Array, NULL)
#15 C:/laragon/www/16Hanynur/vendor/laravel/framework/src/Illuminate/Console/Command.php(292): Illuminate/Container/Container->call(Array)
#16 C:/laragon/www/16Hanynur/vendor/symfony/console/Command/Command.php(285): Illuminate/Console/Command->execute(Object(Symfony/Component/Console/Input/ArgvInput), Object(Illuminate/Console/OutputStyle))
#17 C:/laragon/www/16Hanynur/vendor/laravel/framework/src/Illuminate/Console/Command.php(261): Symfony/Component/Console/Command/Command->run(Object(Symfony/Component/Console/Input/ArgvInput), Object(Illuminate/Console/OutputStyle))
#18 C:/laragon/www/16Hanynur/vendor/symfony/console/Application.php(1144): Illuminate/Console/Command->run(Object(Symfony/Component/Console/Input/ArgvInput), Object(Symfony/Component/Console/Output/ConsoleOutput))
#19 C:/laragon/www/16Hanynur/vendor/symfony/console/Application.php(379): Symfony/Component/Console/Application->doRunCommand(Object(Illuminate/Cache/Console/ClearCommand), Object(Symfony/Component/Console/Input/ArgvInput), Object(Symfony/Component/Console/Output/ConsoleOutput))
#20 C:/laragon/www/16Hanynur/vendor/symfony/console/Application.php(218): Symfony/Component/Console/Application->doRun(Object(Symfony/Component/Console/Input/ArgvInput), Object(Symfony/Component/Console/Output/ConsoleOutput))
#21 C:/laragon/www/16Hanynur/vendor/laravel/framework/src/Illuminate/Foundation/Console/Kernel.php(198): Symfony/Component/Console/Application->run(Object(Symfony/Component/Console/Input/ArgvInput), Object(Symfony/Component/Console/Output/ConsoleOutput))
#22 C:/laragon/www/16Hanynur/vendor/laravel/framework/src/Illuminate/Foundation/Application.php(1242): Illuminate/Foundation/Console/Kernel->handle(Object(Symfony/Component/Console/Input/ArgvInput), Object(Symfony/Component/Console/Output/ConsoleOutput))
#23 C:/laragon/www/16Hanynur/artisan(16): Illuminate/Foundation/Application->handleCommand(Object(Symfony/Component/Console/Input/ArgvInput))
#24 {main}
"} 
[2026-09-24 02:32:11] local.ERROR: The database configuration URL is malformed. {"exception":"[object] (InvalidArgumentException(code: 0): The database configuration URL is malformed. at C:/laragon/www/16Hanynur/vendor/laravel/framework/src/Illuminate/Support/ConfigurationUrlParser.php:148)
[stacktrace]
#0 C:/laragon/www/16Hanynur/vendor/laravel/framework/src/Illuminate/Support/ConfigurationUrlParser.php(51): Illuminate/Support/ConfigurationUrlParser->parseUrl('postgresql://po...')
#1 C:/laragon/www/16Hanynur/vendor/laravel/framework/src/Illuminate/Database/DatabaseManager.php(230): Illuminate/Support/ConfigurationUrlParser->parseConfiguration(Array)
#2 C:/laragon/www/16Hanynur/vendor/laravel/framework/src/Illuminate/Database/DatabaseManager.php(192): Illuminate/Database/DatabaseManager->configuration('pgsql')
#3 C:/laragon/www/16Hanynur/vendor/laravel/framework/src/Illuminate/Database/DatabaseManager.php(103): Illuminate/Database/DatabaseManager->makeConnection('pgsql')
#4 C:/laragon/www/16Hanynur/vendor/laravel/framework/src/Illuminate/Database/Migrations/Migrator.php(747): Illuminate/Database/DatabaseManager->connection('pgsql')
#5 C:/laragon/www/16Hanynur/vendor/laravel/framework/src/Illuminate/Database/Migrations/Migrator.php(691): Illuminate/Database/Migrations/Migrator->directConnectionName('pgsql')
#6 C:/laragon/www/16Hanynur/vendor/laravel/framework/src/Illuminate/Database/Migrations/Migrator.php(669): Illuminate/Database/Migrations/Migrator->setConnection(NULL)
#7 C:/laragon/www/16Hanynur/vendor/laravel/framework/src/Illuminate/Database/Console/Migrations/MigrateCommand.php(111): Illuminate/Database/Migrations/Migrator->usingConnection(NULL, Object(Closure))
#8 C:/laragon/www/16Hanynur/vendor/laravel/framework/src/Illuminate/Database/Console/Migrations/MigrateCommand.php(90): Illuminate/Database/Console/Migrations/MigrateCommand->runMigrations()
#9 C:/laragon/www/16Hanynur/vendor/laravel/framework/src/Illuminate/Container/BoundMethod.php(36): Illuminate/Database/Console/Migrations/MigrateCommand->handle()
#10 C:/laragon/www/16Hanynur/vendor/laravel/framework/src/Illuminate/Container/Util.php(43): Illuminate/Container/BoundMethod::{closure:Illuminate/Container/BoundMethod::call():35}()
#11 C:/laragon/www/16Hanynur/vendor/laravel/framework/src/Illuminate/Container/BoundMethod.php(96): Illuminate/Container/Util::unwrapIfClosure(Object(Closure))
#12 C:/laragon/www/16Hanynur/vendor/laravel/framework/src/Illuminate/Container/BoundMethod.php(35): Illuminate/Container/BoundMethod::callBoundMethod(Object(Illuminate/Foundation/Application), Array, Object(Closure))
#13 C:/laragon/www/16Hanynur/vendor/laravel/framework/src/Illuminate/Container/Container.php(803): Illuminate/Container/BoundMethod::call(Object(Illuminate/Foundation/Application), Array, Array, NULL)
#14 C:/laragon/www/16Hanynur/vendor/laravel/framework/src/Illuminate/Console/Command.php(292): Illuminate/Container/Container->call(Array)
#15 C:/laragon/www/16Hanynur/vendor/symfony/console/Command/Command.php(285): Illuminate/Console/Command->execute(Object(Symfony/Component/Console/Input/ArgvInput), Object(Illuminate/Console/OutputStyle))
#16 C:/laragon/www/16Hanynur/vendor/laravel/framework/src/Illuminate/Console/Command.php(261): Symfony/Component/Console/Command/Command->run(Object(Symfony/Component/Console/Input/ArgvInput), Object(Illuminate/Console/OutputStyle))
#17 C:/laragon/www/16Hanynur/vendor/symfony/console/Application.php(1144): Illuminate/Console/Command->run(Object(Symfony/Component/Console/Input/ArgvInput), Object(Symfony/Component/Console/Output/ConsoleOutput))
#18 C:/laragon/www/16Hanynur/vendor/symfony/console/Application.php(379): Symfony/Component/Console/Application->doRunCommand(Object(Illuminate/Database/Console/Migrations/MigrateCommand), Object(Symfony/Component/Console/Input/ArgvInput), Object(Symfony/Component/Console/Output/ConsoleOutput))
#19 C:/laragon/www/16Hanynur/vendor/symfony/console/Application.php(218): Symfony/Component/Console/Application->doRun(Object(Symfony/Component/Console/Input/ArgvInput), Object(Symfony/Component/Console/Output/ConsoleOutput))
#20 C:/laragon/www/16Hanynur/vendor/laravel/framework/src/Illuminate/Foundation/Console/Kernel.php(198): Symfony/Component/Console/Application->run(Object(Symfony/Component/Console/Input/ArgvInput), Object(Symfony/Component/Console/Output/ConsoleOutput))
#21 C:/laragon/www/16Hanynur/vendor/laravel/framework/src/Illuminate/Foundation/Application.php(1242): Illuminate/Foundation/Console/Kernel->handle(Object(Symfony/Component/Console/Input/ArgvInput), Object(Symfony/Component/Console/Output/ConsoleOutput))
#22 C:/laragon/www/16Hanynur/artisan(16): Illuminate/Foundation/Application->handleCommand(Object(Symfony/Component/Console/Input/ArgvInput))
#23 {main}
"} 
[2026-09-24 02:32:55] local.ERROR: The database configuration URL is malformed. {"exception":"[object] (InvalidArgumentException(code: 0): The database configuration URL is malformed. at C:/laragon/www/16Hanynur/vendor/laravel/framework/src/Illuminate/Support/ConfigurationUrlParser.php:148)
[stacktrace]
#0 C:/laragon/www/16Hanynur/vendor/laravel/framework/src/Illuminate/Support/ConfigurationUrlParser.php(51): Illuminate/Support/ConfigurationUrlParser->parseUrl('postgresql://po...')
#1 C:/laragon/www/16Hanynur/vendor/laravel/framework/src/Illuminate/Database/DatabaseManager.php(230): Illuminate/Support/ConfigurationUrlParser->parseConfiguration(Array)
#2 C:/laragon/www/16Hanynur/vendor/laravel/framework/src/Illuminate/Database/DatabaseManager.php(192): Illuminate/Database/DatabaseManager->configuration('pgsql')
#3 C:/laragon/www/16Hanynur/vendor/laravel/framework/src/Illuminate/Database/DatabaseManager.php(103): Illuminate/Database/DatabaseManager->makeConnection('pgsql')
#4 C:/laragon/www/16Hanynur/vendor/laravel/framework/src/Illuminate/Database/Migrations/Migrator.php(747): Illuminate/Database/DatabaseManager->connection('pgsql')
#5 C:/laragon/www/16Hanynur/vendor/laravel/framework/src/Illuminate/Database/Migrations/Migrator.php(691): Illuminate/Database/Migrations/Migrator->directConnectionName('pgsql')
#6 C:/laragon/www/16Hanynur/vendor/laravel/framework/src/Illuminate/Database/Migrations/Migrator.php(669): Illuminate/Database/Migrations/Migrator->setConnection(NULL)
#7 C:/laragon/www/16Hanynur/vendor/laravel/framework/src/Illuminate/Database/Console/Migrations/MigrateCommand.php(111): Illuminate/Database/Migrations/Migrator->usingConnection(NULL, Object(Closure))
#8 C:/laragon/www/16Hanynur/vendor/laravel/framework/src/Illuminate/Database/Console/Migrations/MigrateCommand.php(90): Illuminate/Database/Console/Migrations/MigrateCommand->runMigrations()
#9 C:/laragon/www/16Hanynur/vendor/laravel/framework/src/Illuminate/Container/BoundMethod.php(36): Illuminate/Database/Console/Migrations/MigrateCommand->handle()
#10 C:/laragon/www/16Hanynur/vendor/laravel/framework/src/Illuminate/Container/Util.php(43): Illuminate/Container/BoundMethod::{closure:Illuminate/Container/BoundMethod::call():35}()
#11 C:/laragon/www/16Hanynur/vendor/laravel/framework/src/Illuminate/Container/BoundMethod.php(96): Illuminate/Container/Util::unwrapIfClosure(Object(Closure))
#12 C:/laragon/www/16Hanynur/vendor/laravel/framework/src/Illuminate/Container/BoundMethod.php(35): Illuminate/Container/BoundMethod::callBoundMethod(Object(Illuminate/Foundation/Application), Array, Object(Closure))
#13 C:/laragon/www/16Hanynur/vendor/laravel/framework/src/Illuminate/Container/Container.php(803): Illuminate/Container/BoundMethod::call(Object(Illuminate/Foundation/Application), Array, Array, NULL)
#14 C:/laragon/www/16Hanynur/vendor/laravel/framework/src/Illuminate/Console/Command.php(292): Illuminate/Container/Container->call(Array)
#15 C:/laragon/www/16Hanynur/vendor/symfony/console/Command/Command.php(285): Illuminate/Console/Command->execute(Object(Symfony/Component/Console/Input/ArgvInput), Object(Illuminate/Console/OutputStyle))
#16 C:/laragon/www/16Hanynur/vendor/laravel/framework/src/Illuminate/Console/Command.php(261): Symfony/Component/Console/Command/Command->run(Object(Symfony/Component/Console/Input/ArgvInput), Object(Illuminate/Console/OutputStyle))
#17 C:/laragon/www/16Hanynur/vendor/symfony/console/Application.php(1144): Illuminate/Console/Command->run(Object(Symfony/Component/Console/Input/ArgvInput), Object(Symfony/Component/Console/Output/ConsoleOutput))
#18 C:/laragon/www/16Hanynur/vendor/symfony/console/Application.php(379): Symfony/Component/Console/Application->doRunCommand(Object(Illuminate/Database/Console/Migrations/MigrateCommand), Object(Symfony/Component/Console/Input/ArgvInput), Object(Symfony/Component/Console/Output/ConsoleOutput))
#19 C:/laragon/www/16Hanynur/vendor/symfony/console/Application.php(218): Symfony/Component/Console/Application->doRun(Object(Symfony/Component/Console/Input/ArgvInput), Object(Symfony/Component/Console/Output/ConsoleOutput))
#20 C:/laragon/www/16Hanynur/vendor/laravel/framework/src/Illuminate/Foundation/Console/Kernel.php(198): Symfony/Component/Console/Application->run(Object(Symfony/Component/Console/Input/ArgvInput), Object(Symfony/Component/Console/Output/ConsoleOutput))
#21 C:/laragon/www/16Hanynur/vendor/laravel/framework/src/Illuminate/Foundation/Application.php(1242): Illuminate/Foundation/Console/Kernel->handle(Object(Symfony/Component/Console/Input/ArgvInput), Object(Symfony/Component/Console/Output/ConsoleOutput))
#22 C:/laragon/www/16Hanynur/artisan(16): Illuminate/Foundation/Application->handleCommand(Object(Symfony/Component/Console/Input/ArgvInput))
#23 {main}
"} 
[2026-09-24 02:32:56] local.ERROR: The database configuration URL is malformed. {"exception":"[object] (InvalidArgumentException(code: 0): The database configuration URL is malformed. at C:/laragon/www/16Hanynur/vendor/laravel/framework/src/Illuminate/Support/ConfigurationUrlParser.php:148)
[stacktrace]
#0 C:/laragon/www/16Hanynur/vendor/laravel/framework/src/Illuminate/Support/ConfigurationUrlParser.php(51): Illuminate/Support/ConfigurationUrlParser->parseUrl('postgresql://po...')
#1 C:/laragon/www/16Hanynur/vendor/laravel/framework/src/Illuminate/Database/DatabaseManager.php(230): Illuminate/Support/ConfigurationUrlParser->parseConfiguration(Array)
#2 C:/laragon/www/16Hanynur/vendor/laravel/framework/src/Illuminate/Database/DatabaseManager.php(192): Illuminate/Database/DatabaseManager->configuration('pgsql')
#3 C:/laragon/www/16Hanynur/vendor/laravel/framework/src/Illuminate/Database/DatabaseManager.php(103): Illuminate/Database/DatabaseManager->makeConnection('pgsql')
#4 C:/laragon/www/16Hanynur/vendor/laravel/framework/src/Illuminate/Cache/CacheManager.php(200): Illuminate/Database/DatabaseManager->connection('pgsql')
#5 C:/laragon/www/16Hanynur/vendor/laravel/framework/src/Illuminate/Cache/CacheManager.php(148): Illuminate/Cache/CacheManager->createDatabaseDriver(Array)
#6 C:/laragon/www/16Hanynur/vendor/laravel/framework/src/Illuminate/Cache/CacheManager.php(126): Illuminate/Cache/CacheManager->build(Array)
#7 C:/laragon/www/16Hanynur/vendor/laravel/framework/src/Illuminate/Cache/CacheManager.php(69): Illuminate/Cache/CacheManager->resolve('database')
#8 C:/laragon/www/16Hanynur/vendor/laravel/framework/src/Illuminate/Cache/CacheManager.php(80): Illuminate/Cache/CacheManager->store('database')
#9 C:/laragon/www/16Hanynur/vendor/laravel/framework/src/Illuminate/Cache/CacheServiceProvider.php(23): Illuminate/Cache/CacheManager->driver()
#10 C:/laragon/www/16Hanynur/vendor/laravel/framework/src/Illuminate/Container/Container.php(1140): Illuminate/Cache/CacheServiceProvider->{closure:Illuminate/Cache/CacheServiceProvider::register():22}(Object(Illuminate/Foundation/Application), Array)
#11 C:/laragon/www/16Hanynur/vendor/laravel/framework/src/Illuminate/Container/Container.php(939): Illuminate/Container/Container->build(Object(Closure))
#12 C:/laragon/www/16Hanynur/vendor/laravel/framework/src/Illuminate/Foundation/Application.php(1085): Illuminate/Container/Container->resolve('cache.store', Array, true)
#13 C:/laragon/www/16Hanynur/vendor/laravel/framework/src/Illuminate/Container/Container.php(867): Illuminate/Foundation/Application->resolve('cache.store', Array)
#14 C:/laragon/www/16Hanynur/vendor/laravel/framework/src/Illuminate/Foundation/Application.php(1065): Illuminate/Container/Container->make('cache.store', Array)
#15 C:/laragon/www/16Hanynur/vendor/laravel/framework/src/Illuminate/Container/Container.php(1846): Illuminate/Foundation/Application->make('cache.store')
#16 C:/laragon/www/16Hanynur/vendor/laravel/framework/src/Illuminate/Foundation/Providers/ArtisanServiceProvider.php(735): Illuminate/Container/Container->offsetGet('cache.store')
#17 C:/laragon/www/16Hanynur/vendor/laravel/framework/src/Illuminate/Container/Container.php(1140): Illuminate/Foundation/Providers/ArtisanServiceProvider->{closure:Illuminate/Foundation/Providers/ArtisanServiceProvider::registerQueueRestartCommand():734}(Object(Illuminate/Foundation/Application), Array)
#18 C:/laragon/www/16Hanynur/vendor/laravel/framework/src/Illuminate/Container/Container.php(939): Illuminate/Container/Container->build(Object(Closure))
#19 C:/laragon/www/16Hanynur/vendor/laravel/framework/src/Illuminate/Foundation/Application.php(1085): Illuminate/Container/Container->resolve('Illuminate//Queu...', Array, true)
#20 C:/laragon/www/16Hanynur/vendor/laravel/framework/src/Illuminate/Container/Container.php(884): Illuminate/Foundation/Application->resolve('Illuminate//Queu...')
#21 C:/laragon/www/16Hanynur/vendor/laravel/framework/src/Illuminate/Console/ContainerCommandLoader.php(52): Illuminate/Container/Container->get('Illuminate//Queu...')
#22 C:/laragon/www/16Hanynur/vendor/symfony/console/Application.php(664): Illuminate/Console/ContainerCommandLoader->get('queue:restart')
#23 C:/laragon/www/16Hanynur/vendor/symfony/console/Application.php(873): Symfony/Component/Console/Application->has('queue:restart')
#24 C:/laragon/www/16Hanynur/vendor/symfony/console/Descriptor/ApplicationDescription.php(84): Symfony/Component/Console/Application->all(NULL)
#25 C:/laragon/www/16Hanynur/vendor/symfony/console/Descriptor/ApplicationDescription.php(61): Symfony/Component/Console/Descriptor/ApplicationDescription->inspectApplication()
#26 C:/laragon/www/16Hanynur/vendor/symfony/console/Descriptor/TextDescriptor.php(185): Symfony/Component/Console/Descriptor/ApplicationDescription->getCommands()
#27 C:/laragon/www/16Hanynur/vendor/symfony/console/Descriptor/Descriptor.php(40): Symfony/Component/Console/Descriptor/TextDescriptor->describeApplication(Object(Illuminate/Console/Application), Array)
#28 C:/laragon/www/16Hanynur/vendor/symfony/console/Helper/DescriptorHelper.php(67): Symfony/Component/Console/Descriptor/Descriptor->describe(Object(Symfony/Component/Console/Output/ConsoleOutput), Object(Illuminate/Console/Application), Array)
#29 C:/laragon/www/16Hanynur/vendor/symfony/console/Command/ListCommand.php(63): Symfony/Component/Console/Helper/DescriptorHelper->describe(Object(Symfony/Component/Console/Output/ConsoleOutput), Object(Illuminate/Console/Application), Array)
#30 C:/laragon/www/16Hanynur/vendor/symfony/console/Command/Command.php(285): Symfony/Component/Console/Command/ListCommand->execute(Object(Symfony/Component/Console/Input/ArgvInput), Object(Symfony/Component/Console/Output/ConsoleOutput))
#31 C:/laragon/www/16Hanynur/vendor/symfony/console/Application.php(1144): Symfony/Component/Console/Command/Command->run(Object(Symfony/Component/Console/Input/ArgvInput), Object(Symfony/Component/Console/Output/ConsoleOutput))
#32 C:/laragon/www/16Hanynur/vendor/symfony/console/Application.php(379): Symfony/Component/Console/Application->doRunCommand(Object(Symfony/Component/Console/Command/ListCommand), Object(Symfony/Component/Console/Input/ArgvInput), Object(Symfony/Component/Console/Output/ConsoleOutput))
#33 C:/laragon/www/16Hanynur/vendor/symfony/console/Application.php(218): Symfony/Component/Console/Application->doRun(Object(Symfony/Component/Console/Input/ArgvInput), Object(Symfony/Component/Console/Output/ConsoleOutput))
#34 C:/laragon/www/16Hanynur/vendor/laravel/framework/src/Illuminate/Foundation/Console/Kernel.php(198): Symfony/Component/Console/Application->run(Object(Symfony/Component/Console/Input/ArgvInput), Object(Symfony/Component/Console/Output/ConsoleOutput))
#35 Command line code(1): Illuminate/Foundation/Console/Kernel->handle(Object(Symfony/Component/Console/Input/ArgvInput), Object(Symfony/Component/Console/Output/ConsoleOutput))
#36 {main}
"} 
[2026-09-24 02:32:56] local.ERROR: The database configuration URL is malformed. {"exception":"[object] (InvalidArgumentException(code: 0): The database configuration URL is malformed. at C:/laragon/www/16Hanynur/vendor/laravel/framework/src/Illuminate/Support/ConfigurationUrlParser.php:148)
[stacktrace]
#0 C:/laragon/www/16Hanynur/vendor/laravel/framework/src/Illuminate/Support/ConfigurationUrlParser.php(51): Illuminate/Support/ConfigurationUrlParser->parseUrl('postgresql://po...')
#1 C:/laragon/www/16Hanynur/vendor/laravel/framework/src/Illuminate/Database/DatabaseManager.php(230): Illuminate/Support/ConfigurationUrlParser->parseConfiguration(Array)
#2 C:/laragon/www/16Hanynur/vendor/laravel/framework/src/Illuminate/Database/DatabaseManager.php(192): Illuminate/Database/DatabaseManager->configuration('pgsql')
#3 C:/laragon/www/16Hanynur/vendor/laravel/framework/src/Illuminate/Database/DatabaseManager.php(103): Illuminate/Database/DatabaseManager->makeConnection('pgsql')
#4 C:/laragon/www/16Hanynur/vendor/laravel/framework/src/Illuminate/Cache/CacheManager.php(200): Illuminate/Database/DatabaseManager->connection('pgsql')
#5 C:/laragon/www/16Hanynur/vendor/laravel/framework/src/Illuminate/Cache/CacheManager.php(148): Illuminate/Cache/CacheManager->createDatabaseDriver(Array)
#6 C:/laragon/www/16Hanynur/vendor/laravel/framework/src/Illuminate/Cache/CacheManager.php(126): Illuminate/Cache/CacheManager->build(Array)
#7 C:/laragon/www/16Hanynur/vendor/laravel/framework/src/Illuminate/Cache/CacheManager.php(69): Illuminate/Cache/CacheManager->resolve('database')
#8 C:/laragon/www/16Hanynur/vendor/laravel/framework/src/Illuminate/Cache/CacheManager.php(80): Illuminate/Cache/CacheManager->store('database')
#9 C:/laragon/www/16Hanynur/vendor/laravel/framework/src/Illuminate/Cache/CacheServiceProvider.php(23): Illuminate/Cache/CacheManager->driver()
#10 C:/laragon/www/16Hanynur/vendor/laravel/framework/src/Illuminate/Container/Container.php(1140): Illuminate/Cache/CacheServiceProvider->{closure:Illuminate/Cache/CacheServiceProvider::register():22}(Object(Illuminate/Foundation/Application), Array)
#11 C:/laragon/www/16Hanynur/vendor/laravel/framework/src/Illuminate/Container/Container.php(939): Illuminate/Container/Container->build(Object(Closure))
#12 C:/laragon/www/16Hanynur/vendor/laravel/framework/src/Illuminate/Foundation/Application.php(1085): Illuminate/Container/Container->resolve('cache.store', Array, true)
#13 C:/laragon/www/16Hanynur/vendor/laravel/framework/src/Illuminate/Container/Container.php(867): Illuminate/Foundation/Application->resolve('cache.store', Array)
#14 C:/laragon/www/16Hanynur/vendor/laravel/framework/src/Illuminate/Foundation/Application.php(1065): Illuminate/Container/Container->make('cache.store', Array)
#15 C:/laragon/www/16Hanynur/vendor/laravel/framework/src/Illuminate/Container/Container.php(1846): Illuminate/Foundation/Application->make('cache.store')
#16 C:/laragon/www/16Hanynur/vendor/laravel/framework/src/Illuminate/Foundation/Providers/ArtisanServiceProvider.php(735): Illuminate/Container/Container->offsetGet('cache.store')
#17 C:/laragon/www/16Hanynur/vendor/laravel/framework/src/Illuminate/Container/Container.php(1140): Illuminate/Foundation/Providers/ArtisanServiceProvider->{closure:Illuminate/Foundation/Providers/ArtisanServiceProvider::registerQueueRestartCommand():734}(Object(Illuminate/Foundation/Application), Array)
#18 C:/laragon/www/16Hanynur/vendor/laravel/framework/src/Illuminate/Container/Container.php(939): Illuminate/Container/Container->build(Object(Closure))
#19 C:/laragon/www/16Hanynur/vendor/laravel/framework/src/Illuminate/Foundation/Application.php(1085): Illuminate/Container/Container->resolve('Illuminate//Queu...', Array, true)
#20 C:/laragon/www/16Hanynur/vendor/laravel/framework/src/Illuminate/Container/Container.php(884): Illuminate/Foundation/Application->resolve('Illuminate//Queu...')
#21 C:/laragon/www/16Hanynur/vendor/laravel/framework/src/Illuminate/Console/ContainerCommandLoader.php(52): Illuminate/Container/Container->get('Illuminate//Queu...')
#22 C:/laragon/www/16Hanynur/vendor/symfony/console/Application.php(664): Illuminate/Console/ContainerCommandLoader->get('queue:restart')
#23 C:/laragon/www/16Hanynur/vendor/symfony/console/Application.php(873): Symfony/Component/Console/Application->has('queue:restart')
#24 C:/laragon/www/16Hanynur/vendor/symfony/console/Descriptor/ApplicationDescription.php(84): Symfony/Component/Console/Application->all(NULL)
#25 C:/laragon/www/16Hanynur/vendor/symfony/console/Descriptor/ApplicationDescription.php(61): Symfony/Component/Console/Descriptor/ApplicationDescription->inspectApplication()
#26 C:/laragon/www/16Hanynur/vendor/symfony/console/Descriptor/TextDescriptor.php(185): Symfony/Component/Console/Descriptor/ApplicationDescription->getCommands()
#27 C:/laragon/www/16Hanynur/vendor/symfony/console/Descriptor/Descriptor.php(40): Symfony/Component/Console/Descriptor/TextDescriptor->describeApplication(Object(Illuminate/Console/Application), Array)
#28 C:/laragon/www/16Hanynur/vendor/symfony/console/Helper/DescriptorHelper.php(67): Symfony/Component/Console/Descriptor/Descriptor->describe(Object(Symfony/Component/Console/Output/ConsoleOutput), Object(Illuminate/Console/Application), Array)
#29 C:/laragon/www/16Hanynur/vendor/symfony/console/Command/ListCommand.php(63): Symfony/Component/Console/Helper/DescriptorHelper->describe(Object(Symfony/Component/Console/Output/ConsoleOutput), Object(Illuminate/Console/Application), Array)
#30 C:/laragon/www/16Hanynur/vendor/symfony/console/Command/Command.php(285): Symfony/Component/Console/Command/ListCommand->execute(Object(Symfony/Component/Console/Input/ArgvInput), Object(Symfony/Component/Console/Output/ConsoleOutput))
#31 C:/laragon/www/16Hanynur/vendor/symfony/console/Application.php(1144): Symfony/Component/Console/Command/Command->run(Object(Symfony/Component/Console/Input/ArgvInput), Object(Symfony/Component/Console/Output/ConsoleOutput))
#32 C:/laragon/www/16Hanynur/vendor/symfony/console/Application.php(379): Symfony/Component/Console/Application->doRunCommand(Object(Symfony/Component/Console/Command/ListCommand), Object(Symfony/Component/Console/Input/ArgvInput), Object(Symfony/Component/Console/Output/ConsoleOutput))
#33 C:/laragon/www/16Hanynur/vendor/symfony/console/Application.php(218): Symfony/Component/Console/Application->doRun(Object(Symfony/Component/Console/Input/ArgvInput), Object(Symfony/Component/Console/Output/ConsoleOutput))
#34 C:/laragon/www/16Hanynur/vendor/laravel/framework/src/Illuminate/Foundation/Console/Kernel.php(198): Symfony/Component/Console/Application->run(Object(Symfony/Component/Console/Input/ArgvInput), Object(Symfony/Component/Console/Output/ConsoleOutput))
#35 Command line code(1): Illuminate/Foundation/Console/Kernel->handle(Object(Symfony/Component/Console/Input/ArgvInput), Object(Symfony/Component/Console/Output/ConsoleOutput))
#36 {main}
"} 
[2026-09-24 02:33:10] local.ERROR: The database configuration URL is malformed. {"exception":"[object] (InvalidArgumentException(code: 0): The database configuration URL is malformed. at C:/laragon/www/16Hanynur/vendor/laravel/framework/src/Illuminate/Support/ConfigurationUrlParser.php:148)
[stacktrace]
#0 C:/laragon/www/16Hanynur/vendor/laravel/framework/src/Illuminate/Support/ConfigurationUrlParser.php(51): Illuminate/Support/ConfigurationUrlParser->parseUrl('postgresql://po...')
#1 C:/laragon/www/16Hanynur/vendor/laravel/framework/src/Illuminate/Database/DatabaseManager.php(230): Illuminate/Support/ConfigurationUrlParser->parseConfiguration(Array)
#2 C:/laragon/www/16Hanynur/vendor/laravel/framework/src/Illuminate/Database/DatabaseManager.php(192): Illuminate/Database/DatabaseManager->configuration('pgsql')
#3 C:/laragon/www/16Hanynur/vendor/laravel/framework/src/Illuminate/Database/DatabaseManager.php(103): Illuminate/Database/DatabaseManager->makeConnection('pgsql')
#4 C:/laragon/www/16Hanynur/vendor/laravel/framework/src/Illuminate/Cache/CacheManager.php(200): Illuminate/Database/DatabaseManager->connection('pgsql')
#5 C:/laragon/www/16Hanynur/vendor/laravel/framework/src/Illuminate/Cache/CacheManager.php(148): Illuminate/Cache/CacheManager->createDatabaseDriver(Array)
#6 C:/laragon/www/16Hanynur/vendor/laravel/framework/src/Illuminate/Cache/CacheManager.php(126): Illuminate/Cache/CacheManager->build(Array)
#7 C:/laragon/www/16Hanynur/vendor/laravel/framework/src/Illuminate/Cache/CacheManager.php(69): Illuminate/Cache/CacheManager->resolve('database')
#8 C:/laragon/www/16Hanynur/vendor/laravel/framework/src/Illuminate/Cache/Console/ClearCommand.php(157): Illuminate/Cache/CacheManager->store('database')
#9 C:/laragon/www/16Hanynur/vendor/laravel/framework/src/Illuminate/Cache/Console/ClearCommand.php(81): Illuminate/Cache/Console/ClearCommand->cache()
#10 C:/laragon/www/16Hanynur/vendor/laravel/framework/src/Illuminate/Container/BoundMethod.php(36): Illuminate/Cache/Console/ClearCommand->handle()
#11 C:/laragon/www/16Hanynur/vendor/laravel/framework/src/Illuminate/Container/Util.php(43): Illuminate/Container/BoundMethod::{closure:Illuminate/Container/BoundMethod::call():35}()
#12 C:/laragon/www/16Hanynur/vendor/laravel/framework/src/Illuminate/Container/BoundMethod.php(96): Illuminate/Container/Util::unwrapIfClosure(Object(Closure))
#13 C:/laragon/www/16Hanynur/vendor/laravel/framework/src/Illuminate/Container/BoundMethod.php(35): Illuminate/Container/BoundMethod::callBoundMethod(Object(Illuminate/Foundation/Application), Array, Object(Closure))
#14 C:/laragon/www/16Hanynur/vendor/laravel/framework/src/Illuminate/Container/Container.php(803): Illuminate/Container/BoundMethod::call(Object(Illuminate/Foundation/Application), Array, Array, NULL)
#15 C:/laragon/www/16Hanynur/vendor/laravel/framework/src/Illuminate/Console/Command.php(292): Illuminate/Container/Container->call(Array)
#16 C:/laragon/www/16Hanynur/vendor/symfony/console/Command/Command.php(285): Illuminate/Console/Command->execute(Object(Symfony/Component/Console/Input/ArgvInput), Object(Illuminate/Console/OutputStyle))
#17 C:/laragon/www/16Hanynur/vendor/laravel/framework/src/Illuminate/Console/Command.php(261): Symfony/Component/Console/Command/Command->run(Object(Symfony/Component/Console/Input/ArgvInput), Object(Illuminate/Console/OutputStyle))
#18 C:/laragon/www/16Hanynur/vendor/symfony/console/Application.php(1144): Illuminate/Console/Command->run(Object(Symfony/Component/Console/Input/ArgvInput), Object(Symfony/Component/Console/Output/ConsoleOutput))
#19 C:/laragon/www/16Hanynur/vendor/symfony/console/Application.php(379): Symfony/Component/Console/Application->doRunCommand(Object(Illuminate/Cache/Console/ClearCommand), Object(Symfony/Component/Console/Input/ArgvInput), Object(Symfony/Component/Console/Output/ConsoleOutput))
#20 C:/laragon/www/16Hanynur/vendor/symfony/console/Application.php(218): Symfony/Component/Console/Application->doRun(Object(Symfony/Component/Console/Input/ArgvInput), Object(Symfony/Component/Console/Output/ConsoleOutput))
#21 C:/laragon/www/16Hanynur/vendor/laravel/framework/src/Illuminate/Foundation/Console/Kernel.php(198): Symfony/Component/Console/Application->run(Object(Symfony/Component/Console/Input/ArgvInput), Object(Symfony/Component/Console/Output/ConsoleOutput))
#22 C:/laragon/www/16Hanynur/vendor/laravel/framework/src/Illuminate/Foundation/Application.php(1242): Illuminate/Foundation/Console/Kernel->handle(Object(Symfony/Component/Console/Input/ArgvInput), Object(Symfony/Component/Console/Output/ConsoleOutput))
#23 C:/laragon/www/16Hanynur/artisan(16): Illuminate/Foundation/Application->handleCommand(Object(Symfony/Component/Console/Input/ArgvInput))
#24 {main}
"} 
[2026-09-24 02:33:11] local.ERROR: The database configuration URL is malformed. {"exception":"[object] (InvalidArgumentException(code: 0): The database configuration URL is malformed. at C:/laragon/www/16Hanynur/vendor/laravel/framework/src/Illuminate/Support/ConfigurationUrlParser.php:148)
[stacktrace]
#0 C:/laragon/www/16Hanynur/vendor/laravel/framework/src/Illuminate/Support/ConfigurationUrlParser.php(51): Illuminate/Support/ConfigurationUrlParser->parseUrl('postgresql://po...')
#1 C:/laragon/www/16Hanynur/vendor/laravel/framework/src/Illuminate/Database/DatabaseManager.php(230): Illuminate/Support/ConfigurationUrlParser->parseConfiguration(Array)
#2 C:/laragon/www/16Hanynur/vendor/laravel/framework/src/Illuminate/Database/DatabaseManager.php(192): Illuminate/Database/DatabaseManager->configuration('pgsql')
#3 C:/laragon/www/16Hanynur/vendor/laravel/framework/src/Illuminate/Database/DatabaseManager.php(103): Illuminate/Database/DatabaseManager->makeConnection('pgsql')
#4 C:/laragon/www/16Hanynur/vendor/laravel/framework/src/Illuminate/Database/Migrations/Migrator.php(747): Illuminate/Database/DatabaseManager->connection('pgsql')
#5 C:/laragon/www/16Hanynur/vendor/laravel/framework/src/Illuminate/Database/Migrations/Migrator.php(691): Illuminate/Database/Migrations/Migrator->directConnectionName('pgsql')
#6 C:/laragon/www/16Hanynur/vendor/laravel/framework/src/Illuminate/Database/Migrations/Migrator.php(669): Illuminate/Database/Migrations/Migrator->setConnection(NULL)
#7 C:/laragon/www/16Hanynur/vendor/laravel/framework/src/Illuminate/Database/Console/Migrations/MigrateCommand.php(111): Illuminate/Database/Migrations/Migrator->usingConnection(NULL, Object(Closure))
#8 C:/laragon/www/16Hanynur/vendor/laravel/framework/src/Illuminate/Database/Console/Migrations/MigrateCommand.php(90): Illuminate/Database/Console/Migrations/MigrateCommand->runMigrations()
#9 C:/laragon/www/16Hanynur/vendor/laravel/framework/src/Illuminate/Container/BoundMethod.php(36): Illuminate/Database/Console/Migrations/MigrateCommand->handle()
#10 C:/laragon/www/16Hanynur/vendor/laravel/framework/src/Illuminate/Container/Util.php(43): Illuminate/Container/BoundMethod::{closure:Illuminate/Container/BoundMethod::call():35}()
#11 C:/laragon/www/16Hanynur/vendor/laravel/framework/src/Illuminate/Container/BoundMethod.php(96): Illuminate/Container/Util::unwrapIfClosure(Object(Closure))
#12 C:/laragon/www/16Hanynur/vendor/laravel/framework/src/Illuminate/Container/BoundMethod.php(35): Illuminate/Container/BoundMethod::callBoundMethod(Object(Illuminate/Foundation/Application), Array, Object(Closure))
#13 C:/laragon/www/16Hanynur/vendor/laravel/framework/src/Illuminate/Container/Container.php(803): Illuminate/Container/BoundMethod::call(Object(Illuminate/Foundation/Application), Array, Array, NULL)
#14 C:/laragon/www/16Hanynur/vendor/laravel/framework/src/Illuminate/Console/Command.php(292): Illuminate/Container/Container->call(Array)
#15 C:/laragon/www/16Hanynur/vendor/symfony/console/Command/Command.php(285): Illuminate/Console/Command->execute(Object(Symfony/Component/Console/Input/ArgvInput), Object(Illuminate/Console/OutputStyle))
#16 C:/laragon/www/16Hanynur/vendor/laravel/framework/src/Illuminate/Console/Command.php(261): Symfony/Component/Console/Command/Command->run(Object(Symfony/Component/Console/Input/ArgvInput), Object(Illuminate/Console/OutputStyle))
#17 C:/laragon/www/16Hanynur/vendor/symfony/console/Application.php(1144): Illuminate/Console/Command->run(Object(Symfony/Component/Console/Input/ArgvInput), Object(Symfony/Component/Console/Output/ConsoleOutput))
#18 C:/laragon/www/16Hanynur/vendor/symfony/console/Application.php(379): Symfony/Component/Console/Application->doRunCommand(Object(Illuminate/Database/Console/Migrations/MigrateCommand), Object(Symfony/Component/Console/Input/ArgvInput), Object(Symfony/Component/Console/Output/ConsoleOutput))
#19 C:/laragon/www/16Hanynur/vendor/symfony/console/Application.php(218): Symfony/Component/Console/Application->doRun(Object(Symfony/Component/Console/Input/ArgvInput), Object(Symfony/Component/Console/Output/ConsoleOutput))
#20 C:/laragon/www/16Hanynur/vendor/laravel/framework/src/Illuminate/Foundation/Console/Kernel.php(198): Symfony/Component/Console/Application->run(Object(Symfony/Component/Console/Input/ArgvInput), Object(Symfony/Component/Console/Output/ConsoleOutput))
#21 C:/laragon/www/16Hanynur/vendor/laravel/framework/src/Illuminate/Foundation/Application.php(1242): Illuminate/Foundation/Console/Kernel->handle(Object(Symfony/Component/Console/Input/ArgvInput), Object(Symfony/Component/Console/Output/ConsoleOutput))
#22 C:/laragon/www/16Hanynur/artisan(16): Illuminate/Foundation/Application->handleCommand(Object(Symfony/Component/Console/Input/ArgvInput))
#23 {main}
"} 
[2026-09-24 02:33:35] local.ERROR: The database configuration URL is malformed. {"exception":"[object] (InvalidArgumentException(code: 0): The database configuration URL is malformed. at C:/laragon/www/16Hanynur/vendor/laravel/framework/src/Illuminate/Support/ConfigurationUrlParser.php:148)
[stacktrace]
#0 C:/laragon/www/16Hanynur/vendor/laravel/framework/src/Illuminate/Support/ConfigurationUrlParser.php(51): Illuminate/Support/ConfigurationUrlParser->parseUrl('postgresql://po...')
#1 C:/laragon/www/16Hanynur/vendor/laravel/framework/src/Illuminate/Database/DatabaseManager.php(230): Illuminate/Support/ConfigurationUrlParser->parseConfiguration(Array)
#2 C:/laragon/www/16Hanynur/vendor/laravel/framework/src/Illuminate/Database/DatabaseManager.php(192): Illuminate/Database/DatabaseManager->configuration('pgsql')
#3 C:/laragon/www/16Hanynur/vendor/laravel/framework/src/Illuminate/Database/DatabaseManager.php(103): Illuminate/Database/DatabaseManager->makeConnection('pgsql')
#4 C:/laragon/www/16Hanynur/vendor/laravel/framework/src/Illuminate/Database/Migrations/Migrator.php(747): Illuminate/Database/DatabaseManager->connection('pgsql')
#5 C:/laragon/www/16Hanynur/vendor/laravel/framework/src/Illuminate/Database/Migrations/Migrator.php(691): Illuminate/Database/Migrations/Migrator->directConnectionName('pgsql')
#6 C:/laragon/www/16Hanynur/vendor/laravel/framework/src/Illuminate/Database/Migrations/Migrator.php(669): Illuminate/Database/Migrations/Migrator->setConnection(NULL)
#7 C:/laragon/www/16Hanynur/vendor/laravel/framework/src/Illuminate/Database/Console/Migrations/FreshCommand.php(75): Illuminate/Database/Migrations/Migrator->usingConnection(NULL, Object(Closure))
#8 C:/laragon/www/16Hanynur/vendor/laravel/framework/src/Illuminate/Container/BoundMethod.php(36): Illuminate/Database/Console/Migrations/FreshCommand->handle()
#9 C:/laragon/www/16Hanynur/vendor/laravel/framework/src/Illuminate/Container/Util.php(43): Illuminate/Container/BoundMethod::{closure:Illuminate/Container/BoundMethod::call():35}()
#10 C:/laragon/www/16Hanynur/vendor/laravel/framework/src/Illuminate/Container/BoundMethod.php(96): Illuminate/Container/Util::unwrapIfClosure(Object(Closure))
#11 C:/laragon/www/16Hanynur/vendor/laravel/framework/src/Illuminate/Container/BoundMethod.php(35): Illuminate/Container/BoundMethod::callBoundMethod(Object(Illuminate/Foundation/Application), Array, Object(Closure))
#12 C:/laragon/www/16Hanynur/vendor/laravel/framework/src/Illuminate/Container/Container.php(803): Illuminate/Container/BoundMethod::call(Object(Illuminate/Foundation/Application), Array, Array, NULL)
#13 C:/laragon/www/16Hanynur/vendor/laravel/framework/src/Illuminate/Console/Command.php(292): Illuminate/Container/Container->call(Array)
#14 C:/laragon/www/16Hanynur/vendor/symfony/console/Command/Command.php(285): Illuminate/Console/Command->execute(Object(Symfony/Component/Console/Input/ArgvInput), Object(Illuminate/Console/OutputStyle))
#15 C:/laragon/www/16Hanynur/vendor/laravel/framework/src/Illuminate/Console/Command.php(261): Symfony/Component/Console/Command/Command->run(Object(Symfony/Component/Console/Input/ArgvInput), Object(Illuminate/Console/OutputStyle))
#16 C:/laragon/www/16Hanynur/vendor/symfony/console/Application.php(1144): Illuminate/Console/Command->run(Object(Symfony/Component/Console/Input/ArgvInput), Object(Symfony/Component/Console/Output/ConsoleOutput))
#17 C:/laragon/www/16Hanynur/vendor/symfony/console/Application.php(379): Symfony/Component/Console/Application->doRunCommand(Object(Illuminate/Database/Console/Migrations/FreshCommand), Object(Symfony/Component/Console/Input/ArgvInput), Object(Symfony/Component/Console/Output/ConsoleOutput))
#18 C:/laragon/www/16Hanynur/vendor/symfony/console/Application.php(218): Symfony/Component/Console/Application->doRun(Object(Symfony/Component/Console/Input/ArgvInput), Object(Symfony/Component/Console/Output/ConsoleOutput))
#19 C:/laragon/www/16Hanynur/vendor/laravel/framework/src/Illuminate/Foundation/Console/Kernel.php(198): Symfony/Component/Console/Application->run(Object(Symfony/Component/Console/Input/ArgvInput), Object(Symfony/Component/Console/Output/ConsoleOutput))
#20 C:/laragon/www/16Hanynur/vendor/laravel/framework/src/Illuminate/Foundation/Application.php(1242): Illuminate/Foundation/Console/Kernel->handle(Object(Symfony/Component/Console/Input/ArgvInput), Object(Symfony/Component/Console/Output/ConsoleOutput))
#21 C:/laragon/www/16Hanynur/artisan(16): Illuminate/Foundation/Application->handleCommand(Object(Symfony/Component/Console/Input/ArgvInput))
#22 {main}
"} 
[2026-09-24 02:33:56] local.ERROR: The database configuration URL is malformed. {"exception":"[object] (InvalidArgumentException(code: 0): The database configuration URL is malformed. at C:/laragon/www/16Hanynur/vendor/laravel/framework/src/Illuminate/Support/ConfigurationUrlParser.php:148)
[stacktrace]
#0 C:/laragon/www/16Hanynur/vendor/laravel/framework/src/Illuminate/Support/ConfigurationUrlParser.php(51): Illuminate/Support/ConfigurationUrlParser->parseUrl('postgresql://po...')
#1 C:/laragon/www/16Hanynur/vendor/laravel/framework/src/Illuminate/Database/DatabaseManager.php(230): Illuminate/Support/ConfigurationUrlParser->parseConfiguration(Array)
#2 C:/laragon/www/16Hanynur/vendor/laravel/framework/src/Illuminate/Database/DatabaseManager.php(192): Illuminate/Database/DatabaseManager->configuration('pgsql')
#3 C:/laragon/www/16Hanynur/vendor/laravel/framework/src/Illuminate/Database/DatabaseManager.php(103): Illuminate/Database/DatabaseManager->makeConnection('pgsql')
#4 C:/laragon/www/16Hanynur/vendor/laravel/framework/src/Illuminate/Cache/CacheManager.php(200): Illuminate/Database/DatabaseManager->connection('pgsql')
#5 C:/laragon/www/16Hanynur/vendor/laravel/framework/src/Illuminate/Cache/CacheManager.php(148): Illuminate/Cache/CacheManager->createDatabaseDriver(Array)
#6 C:/laragon/www/16Hanynur/vendor/laravel/framework/src/Illuminate/Cache/CacheManager.php(126): Illuminate/Cache/CacheManager->build(Array)
#7 C:/laragon/www/16Hanynur/vendor/laravel/framework/src/Illuminate/Cache/CacheManager.php(69): Illuminate/Cache/CacheManager->resolve('database')
#8 C:/laragon/www/16Hanynur/vendor/laravel/framework/src/Illuminate/Cache/CacheManager.php(80): Illuminate/Cache/CacheManager->store('database')
#9 C:/laragon/www/16Hanynur/vendor/laravel/framework/src/Illuminate/Cache/CacheServiceProvider.php(23): Illuminate/Cache/CacheManager->driver()
#10 C:/laragon/www/16Hanynur/vendor/laravel/framework/src/Illuminate/Container/Container.php(1140): Illuminate/Cache/CacheServiceProvider->{closure:Illuminate/Cache/CacheServiceProvider::register():22}(Object(Illuminate/Foundation/Application), Array)
#11 C:/laragon/www/16Hanynur/vendor/laravel/framework/src/Illuminate/Container/Container.php(939): Illuminate/Container/Container->build(Object(Closure))
#12 C:/laragon/www/16Hanynur/vendor/laravel/framework/src/Illuminate/Foundation/Application.php(1085): Illuminate/Container/Container->resolve('cache.store', Array, true)
#13 C:/laragon/www/16Hanynur/vendor/laravel/framework/src/Illuminate/Container/Container.php(867): Illuminate/Foundation/Application->resolve('cache.store', Array)
#14 C:/laragon/www/16Hanynur/vendor/laravel/framework/src/Illuminate/Foundation/Application.php(1065): Illuminate/Container/Container->make('cache.store', Array)
#15 C:/laragon/www/16Hanynur/vendor/laravel/framework/src/Illuminate/Container/Container.php(1846): Illuminate/Foundation/Application->make('cache.store')
#16 C:/laragon/www/16Hanynur/vendor/laravel/framework/src/Illuminate/Foundation/Providers/ArtisanServiceProvider.php(735): Illuminate/Container/Container->offsetGet('cache.store')
#17 C:/laragon/www/16Hanynur/vendor/laravel/framework/src/Illuminate/Container/Container.php(1140): Illuminate/Foundation/Providers/ArtisanServiceProvider->{closure:Illuminate/Foundation/Providers/ArtisanServiceProvider::registerQueueRestartCommand():734}(Object(Illuminate/Foundation/Application), Array)
#18 C:/laragon/www/16Hanynur/vendor/laravel/framework/src/Illuminate/Container/Container.php(939): Illuminate/Container/Container->build(Object(Closure))
#19 C:/laragon/www/16Hanynur/vendor/laravel/framework/src/Illuminate/Foundation/Application.php(1085): Illuminate/Container/Container->resolve('Illuminate//Queu...', Array, true)
#20 C:/laragon/www/16Hanynur/vendor/laravel/framework/src/Illuminate/Container/Container.php(884): Illuminate/Foundation/Application->resolve('Illuminate//Queu...')
#21 C:/laragon/www/16Hanynur/vendor/laravel/framework/src/Illuminate/Console/ContainerCommandLoader.php(52): Illuminate/Container/Container->get('Illuminate//Queu...')
#22 C:/laragon/www/16Hanynur/vendor/symfony/console/Application.php(664): Illuminate/Console/ContainerCommandLoader->get('queue:restart')
#23 C:/laragon/www/16Hanynur/vendor/symfony/console/Application.php(873): Symfony/Component/Console/Application->has('queue:restart')
#24 C:/laragon/www/16Hanynur/vendor/symfony/console/Descriptor/ApplicationDescription.php(84): Symfony/Component/Console/Application->all(NULL)
#25 C:/laragon/www/16Hanynur/vendor/symfony/console/Descriptor/ApplicationDescription.php(61): Symfony/Component/Console/Descriptor/ApplicationDescription->inspectApplication()
#26 C:/laragon/www/16Hanynur/vendor/symfony/console/Descriptor/TextDescriptor.php(185): Symfony/Component/Console/Descriptor/ApplicationDescription->getCommands()
#27 C:/laragon/www/16Hanynur/vendor/symfony/console/Descriptor/Descriptor.php(40): Symfony/Component/Console/Descriptor/TextDescriptor->describeApplication(Object(Illuminate/Console/Application), Array)
#28 C:/laragon/www/16Hanynur/vendor/symfony/console/Helper/DescriptorHelper.php(67): Symfony/Component/Console/Descriptor/Descriptor->describe(Object(Symfony/Component/Console/Output/ConsoleOutput), Object(Illuminate/Console/Application), Array)
#29 C:/laragon/www/16Hanynur/vendor/symfony/console/Command/ListCommand.php(63): Symfony/Component/Console/Helper/DescriptorHelper->describe(Object(Symfony/Component/Console/Output/ConsoleOutput), Object(Illuminate/Console/Application), Array)
#30 C:/laragon/www/16Hanynur/vendor/symfony/console/Command/Command.php(285): Symfony/Component/Console/Command/ListCommand->execute(Object(Symfony/Component/Console/Input/ArgvInput), Object(Symfony/Component/Console/Output/ConsoleOutput))
#31 C:/laragon/www/16Hanynur/vendor/symfony/console/Application.php(1144): Symfony/Component/Console/Command/Command->run(Object(Symfony/Component/Console/Input/ArgvInput), Object(Symfony/Component/Console/Output/ConsoleOutput))
#32 C:/laragon/www/16Hanynur/vendor/symfony/console/Application.php(379): Symfony/Component/Console/Application->doRunCommand(Object(Symfony/Component/Console/Command/ListCommand), Object(Symfony/Component/Console/Input/ArgvInput), Object(Symfony/Component/Console/Output/ConsoleOutput))
#33 C:/laragon/www/16Hanynur/vendor/symfony/console/Application.php(218): Symfony/Component/Console/Application->doRun(Object(Symfony/Component/Console/Input/ArgvInput), Object(Symfony/Component/Console/Output/ConsoleOutput))
#34 C:/laragon/www/16Hanynur/vendor/laravel/framework/src/Illuminate/Foundation/Console/Kernel.php(198): Symfony/Component/Console/Application->run(Object(Symfony/Component/Console/Input/ArgvInput), Object(Symfony/Component/Console/Output/ConsoleOutput))
#35 Command line code(1): Illuminate/Foundation/Console/Kernel->handle(Object(Symfony/Component/Console/Input/ArgvInput), Object(Symfony/Component/Console/Output/ConsoleOutput))
#36 {main}
"} 
[2026-09-24 02:33:56] local.ERROR: The database configuration URL is malformed. {"exception":"[object] (InvalidArgumentException(code: 0): The database configuration URL is malformed. at C:/laragon/www/16Hanynur/vendor/laravel/framework/src/Illuminate/Support/ConfigurationUrlParser.php:148)
[stacktrace]
#0 C:/laragon/www/16Hanynur/vendor/laravel/framework/src/Illuminate/Support/ConfigurationUrlParser.php(51): Illuminate/Support/ConfigurationUrlParser->parseUrl('postgresql://po...')
#1 C:/laragon/www/16Hanynur/vendor/laravel/framework/src/Illuminate/Database/DatabaseManager.php(230): Illuminate/Support/ConfigurationUrlParser->parseConfiguration(Array)
#2 C:/laragon/www/16Hanynur/vendor/laravel/framework/src/Illuminate/Database/DatabaseManager.php(192): Illuminate/Database/DatabaseManager->configuration('pgsql')
#3 C:/laragon/www/16Hanynur/vendor/laravel/framework/src/Illuminate/Database/DatabaseManager.php(103): Illuminate/Database/DatabaseManager->makeConnection('pgsql')
#4 C:/laragon/www/16Hanynur/vendor/laravel/framework/src/Illuminate/Cache/CacheManager.php(200): Illuminate/Database/DatabaseManager->connection('pgsql')
#5 C:/laragon/www/16Hanynur/vendor/laravel/framework/src/Illuminate/Cache/CacheManager.php(148): Illuminate/Cache/CacheManager->createDatabaseDriver(Array)
#6 C:/laragon/www/16Hanynur/vendor/laravel/framework/src/Illuminate/Cache/CacheManager.php(126): Illuminate/Cache/CacheManager->build(Array)
#7 C:/laragon/www/16Hanynur/vendor/laravel/framework/src/Illuminate/Cache/CacheManager.php(69): Illuminate/Cache/CacheManager->resolve('database')
#8 C:/laragon/www/16Hanynur/vendor/laravel/framework/src/Illuminate/Cache/CacheManager.php(80): Illuminate/Cache/CacheManager->store('database')
#9 C:/laragon/www/16Hanynur/vendor/laravel/framework/src/Illuminate/Cache/CacheServiceProvider.php(23): Illuminate/Cache/CacheManager->driver()
#10 C:/laragon/www/16Hanynur/vendor/laravel/framework/src/Illuminate/Container/Container.php(1140): Illuminate/Cache/CacheServiceProvider->{closure:Illuminate/Cache/CacheServiceProvider::register():22}(Object(Illuminate/Foundation/Application), Array)
#11 C:/laragon/www/16Hanynur/vendor/laravel/framework/src/Illuminate/Container/Container.php(939): Illuminate/Container/Container->build(Object(Closure))
#12 C:/laragon/www/16Hanynur/vendor/laravel/framework/src/Illuminate/Foundation/Application.php(1085): Illuminate/Container/Container->resolve('cache.store', Array, true)
#13 C:/laragon/www/16Hanynur/vendor/laravel/framework/src/Illuminate/Container/Container.php(867): Illuminate/Foundation/Application->resolve('cache.store', Array)
#14 C:/laragon/www/16Hanynur/vendor/laravel/framework/src/Illuminate/Foundation/Application.php(1065): Illuminate/Container/Container->make('cache.store', Array)
#15 C:/laragon/www/16Hanynur/vendor/laravel/framework/src/Illuminate/Container/Container.php(1846): Illuminate/Foundation/Application->make('cache.store')
#16 C:/laragon/www/16Hanynur/vendor/laravel/framework/src/Illuminate/Foundation/Providers/ArtisanServiceProvider.php(735): Illuminate/Container/Container->offsetGet('cache.store')
#17 C:/laragon/www/16Hanynur/vendor/laravel/framework/src/Illuminate/Container/Container.php(1140): Illuminate/Foundation/Providers/ArtisanServiceProvider->{closure:Illuminate/Foundation/Providers/ArtisanServiceProvider::registerQueueRestartCommand():734}(Object(Illuminate/Foundation/Application), Array)
#18 C:/laragon/www/16Hanynur/vendor/laravel/framework/src/Illuminate/Container/Container.php(939): Illuminate/Container/Container->build(Object(Closure))
#19 C:/laragon/www/16Hanynur/vendor/laravel/framework/src/Illuminate/Foundation/Application.php(1085): Illuminate/Container/Container->resolve('Illuminate//Queu...', Array, true)
#20 C:/laragon/www/16Hanynur/vendor/laravel/framework/src/Illuminate/Container/Container.php(884): Illuminate/Foundation/Application->resolve('Illuminate//Queu...')
#21 C:/laragon/www/16Hanynur/vendor/laravel/framework/src/Illuminate/Console/ContainerCommandLoader.php(52): Illuminate/Container/Container->get('Illuminate//Queu...')
#22 C:/laragon/www/16Hanynur/vendor/symfony/console/Application.php(664): Illuminate/Console/ContainerCommandLoader->get('queue:restart')
#23 C:/laragon/www/16Hanynur/vendor/symfony/console/Application.php(873): Symfony/Component/Console/Application->has('queue:restart')
#24 C:/laragon/www/16Hanynur/vendor/symfony/console/Descriptor/ApplicationDescription.php(84): Symfony/Component/Console/Application->all(NULL)
#25 C:/laragon/www/16Hanynur/vendor/symfony/console/Descriptor/ApplicationDescription.php(61): Symfony/Component/Console/Descriptor/ApplicationDescription->inspectApplication()
#26 C:/laragon/www/16Hanynur/vendor/symfony/console/Descriptor/TextDescriptor.php(185): Symfony/Component/Console/Descriptor/ApplicationDescription->getCommands()
#27 C:/laragon/www/16Hanynur/vendor/symfony/console/Descriptor/Descriptor.php(40): Symfony/Component/Console/Descriptor/TextDescriptor->describeApplication(Object(Illuminate/Console/Application), Array)
#28 C:/laragon/www/16Hanynur/vendor/symfony/console/Helper/DescriptorHelper.php(67): Symfony/Component/Console/Descriptor/Descriptor->describe(Object(Symfony/Component/Console/Output/ConsoleOutput), Object(Illuminate/Console/Application), Array)
#29 C:/laragon/www/16Hanynur/vendor/symfony/console/Command/ListCommand.php(63): Symfony/Component/Console/Helper/DescriptorHelper->describe(Object(Symfony/Component/Console/Output/ConsoleOutput), Object(Illuminate/Console/Application), Array)
#30 C:/laragon/www/16Hanynur/vendor/symfony/console/Command/Command.php(285): Symfony/Component/Console/Command/ListCommand->execute(Object(Symfony/Component/Console/Input/ArgvInput), Object(Symfony/Component/Console/Output/ConsoleOutput))
#31 C:/laragon/www/16Hanynur/vendor/symfony/console/Application.php(1144): Symfony/Component/Console/Command/Command->run(Object(Symfony/Component/Console/Input/ArgvInput), Object(Symfony/Component/Console/Output/ConsoleOutput))
#32 C:/laragon/www/16Hanynur/vendor/symfony/console/Application.php(379): Symfony/Component/Console/Application->doRunCommand(Object(Symfony/Component/Console/Command/ListCommand), Object(Symfony/Component/Console/Input/ArgvInput), Object(Symfony/Component/Console/Output/ConsoleOutput))
#33 C:/laragon/www/16Hanynur/vendor/symfony/console/Application.php(218): Symfony/Component/Console/Application->doRun(Object(Symfony/Component/Console/Input/ArgvInput), Object(Symfony/Component/Console/Output/ConsoleOutput))
#34 C:/laragon/www/16Hanynur/vendor/laravel/framework/src/Illuminate/Foundation/Console/Kernel.php(198): Symfony/Component/Console/Application->run(Object(Symfony/Component/Console/Input/ArgvInput), Object(Symfony/Component/Console/Output/ConsoleOutput))
#35 Command line code(1): Illuminate/Foundation/Console/Kernel->handle(Object(Symfony/Component/Console/Input/ArgvInput), Object(Symfony/Component/Console/Output/ConsoleOutput))
#36 {main}
"} 
[2026-09-24 02:34:56] local.ERROR: The database configuration URL is malformed. {"exception":"[object] (InvalidArgumentException(code: 0): The database configuration URL is malformed. at C:/laragon/www/16Hanynur/vendor/laravel/framework/src/Illuminate/Support/ConfigurationUrlParser.php:148)
[stacktrace]
#0 C:/laragon/www/16Hanynur/vendor/laravel/framework/src/Illuminate/Support/ConfigurationUrlParser.php(51): Illuminate/Support/ConfigurationUrlParser->parseUrl('postgresql://po...')
#1 C:/laragon/www/16Hanynur/vendor/laravel/framework/src/Illuminate/Database/DatabaseManager.php(230): Illuminate/Support/ConfigurationUrlParser->parseConfiguration(Array)
#2 C:/laragon/www/16Hanynur/vendor/laravel/framework/src/Illuminate/Database/DatabaseManager.php(192): Illuminate/Database/DatabaseManager->configuration('pgsql')
#3 C:/laragon/www/16Hanynur/vendor/laravel/framework/src/Illuminate/Database/DatabaseManager.php(103): Illuminate/Database/DatabaseManager->makeConnection('pgsql')
#4 C:/laragon/www/16Hanynur/vendor/laravel/framework/src/Illuminate/Cache/CacheManager.php(200): Illuminate/Database/DatabaseManager->connection('pgsql')
#5 C:/laragon/www/16Hanynur/vendor/laravel/framework/src/Illuminate/Cache/CacheManager.php(148): Illuminate/Cache/CacheManager->createDatabaseDriver(Array)
#6 C:/laragon/www/16Hanynur/vendor/laravel/framework/src/Illuminate/Cache/CacheManager.php(126): Illuminate/Cache/CacheManager->build(Array)
#7 C:/laragon/www/16Hanynur/vendor/laravel/framework/src/Illuminate/Cache/CacheManager.php(69): Illuminate/Cache/CacheManager->resolve('database')
#8 C:/laragon/www/16Hanynur/vendor/laravel/framework/src/Illuminate/Cache/CacheManager.php(80): Illuminate/Cache/CacheManager->store('database')
#9 C:/laragon/www/16Hanynur/vendor/laravel/framework/src/Illuminate/Cache/CacheServiceProvider.php(23): Illuminate/Cache/CacheManager->driver()
#10 C:/laragon/www/16Hanynur/vendor/laravel/framework/src/Illuminate/Container/Container.php(1140): Illuminate/Cache/CacheServiceProvider->{closure:Illuminate/Cache/CacheServiceProvider::register():22}(Object(Illuminate/Foundation/Application), Array)
#11 C:/laragon/www/16Hanynur/vendor/laravel/framework/src/Illuminate/Container/Container.php(939): Illuminate/Container/Container->build(Object(Closure))
#12 C:/laragon/www/16Hanynur/vendor/laravel/framework/src/Illuminate/Foundation/Application.php(1085): Illuminate/Container/Container->resolve('cache.store', Array, true)
#13 C:/laragon/www/16Hanynur/vendor/laravel/framework/src/Illuminate/Container/Container.php(867): Illuminate/Foundation/Application->resolve('cache.store', Array)
#14 C:/laragon/www/16Hanynur/vendor/laravel/framework/src/Illuminate/Foundation/Application.php(1065): Illuminate/Container/Container->make('cache.store', Array)
#15 C:/laragon/www/16Hanynur/vendor/laravel/framework/src/Illuminate/Container/Container.php(1846): Illuminate/Foundation/Application->make('cache.store')
#16 C:/laragon/www/16Hanynur/vendor/laravel/framework/src/Illuminate/Foundation/Providers/ArtisanServiceProvider.php(735): Illuminate/Container/Container->offsetGet('cache.store')
#17 C:/laragon/www/16Hanynur/vendor/laravel/framework/src/Illuminate/Container/Container.php(1140): Illuminate/Foundation/Providers/ArtisanServiceProvider->{closure:Illuminate/Foundation/Providers/ArtisanServiceProvider::registerQueueRestartCommand():734}(Object(Illuminate/Foundation/Application), Array)
#18 C:/laragon/www/16Hanynur/vendor/laravel/framework/src/Illuminate/Container/Container.php(939): Illuminate/Container/Container->build(Object(Closure))
#19 C:/laragon/www/16Hanynur/vendor/laravel/framework/src/Illuminate/Foundation/Application.php(1085): Illuminate/Container/Container->resolve('Illuminate//Queu...', Array, true)
#20 C:/laragon/www/16Hanynur/vendor/laravel/framework/src/Illuminate/Container/Container.php(884): Illuminate/Foundation/Application->resolve('Illuminate//Queu...')
#21 C:/laragon/www/16Hanynur/vendor/laravel/framework/src/Illuminate/Console/ContainerCommandLoader.php(52): Illuminate/Container/Container->get('Illuminate//Queu...')
#22 C:/laragon/www/16Hanynur/vendor/symfony/console/Application.php(664): Illuminate/Console/ContainerCommandLoader->get('queue:restart')
#23 C:/laragon/www/16Hanynur/vendor/symfony/console/Application.php(873): Symfony/Component/Console/Application->has('queue:restart')
#24 C:/laragon/www/16Hanynur/vendor/symfony/console/Descriptor/ApplicationDescription.php(84): Symfony/Component/Console/Application->all(NULL)
#25 C:/laragon/www/16Hanynur/vendor/symfony/console/Descriptor/ApplicationDescription.php(61): Symfony/Component/Console/Descriptor/ApplicationDescription->inspectApplication()
#26 C:/laragon/www/16Hanynur/vendor/symfony/console/Descriptor/TextDescriptor.php(185): Symfony/Component/Console/Descriptor/ApplicationDescription->getCommands()
#27 C:/laragon/www/16Hanynur/vendor/symfony/console/Descriptor/Descriptor.php(40): Symfony/Component/Console/Descriptor/TextDescriptor->describeApplication(Object(Illuminate/Console/Application), Array)
#28 C:/laragon/www/16Hanynur/vendor/symfony/console/Helper/DescriptorHelper.php(67): Symfony/Component/Console/Descriptor/Descriptor->describe(Object(Symfony/Component/Console/Output/ConsoleOutput), Object(Illuminate/Console/Application), Array)
#29 C:/laragon/www/16Hanynur/vendor/symfony/console/Command/ListCommand.php(63): Symfony/Component/Console/Helper/DescriptorHelper->describe(Object(Symfony/Component/Console/Output/ConsoleOutput), Object(Illuminate/Console/Application), Array)
#30 C:/laragon/www/16Hanynur/vendor/symfony/console/Command/Command.php(285): Symfony/Component/Console/Command/ListCommand->execute(Object(Symfony/Component/Console/Input/ArgvInput), Object(Symfony/Component/Console/Output/ConsoleOutput))
#31 C:/laragon/www/16Hanynur/vendor/symfony/console/Application.php(1144): Symfony/Component/Console/Command/Command->run(Object(Symfony/Component/Console/Input/ArgvInput), Object(Symfony/Component/Console/Output/ConsoleOutput))
#32 C:/laragon/www/16Hanynur/vendor/symfony/console/Application.php(379): Symfony/Component/Console/Application->doRunCommand(Object(Symfony/Component/Console/Command/ListCommand), Object(Symfony/Component/Console/Input/ArgvInput), Object(Symfony/Component/Console/Output/ConsoleOutput))
#33 C:/laragon/www/16Hanynur/vendor/symfony/console/Application.php(218): Symfony/Component/Console/Application->doRun(Object(Symfony/Component/Console/Input/ArgvInput), Object(Symfony/Component/Console/Output/ConsoleOutput))
#34 C:/laragon/www/16Hanynur/vendor/laravel/framework/src/Illuminate/Foundation/Console/Kernel.php(198): Symfony/Component/Console/Application->run(Object(Symfony/Component/Console/Input/ArgvInput), Object(Symfony/Component/Console/Output/ConsoleOutput))
#35 Command line code(1): Illuminate/Foundation/Console/Kernel->handle(Object(Symfony/Component/Console/Input/ArgvInput), Object(Symfony/Component/Console/Output/ConsoleOutput))
#36 {main}
"} 
[2026-09-24 02:34:56] local.ERROR: The database configuration URL is malformed. {"exception":"[object] (InvalidArgumentException(code: 0): The database configuration URL is malformed. at C:/laragon/www/16Hanynur/vendor/laravel/framework/src/Illuminate/Support/ConfigurationUrlParser.php:148)
[stacktrace]
#0 C:/laragon/www/16Hanynur/vendor/laravel/framework/src/Illuminate/Support/ConfigurationUrlParser.php(51): Illuminate/Support/ConfigurationUrlParser->parseUrl('postgresql://po...')
#1 C:/laragon/www/16Hanynur/vendor/laravel/framework/src/Illuminate/Database/DatabaseManager.php(230): Illuminate/Support/ConfigurationUrlParser->parseConfiguration(Array)
#2 C:/laragon/www/16Hanynur/vendor/laravel/framework/src/Illuminate/Database/DatabaseManager.php(192): Illuminate/Database/DatabaseManager->configuration('pgsql')
#3 C:/laragon/www/16Hanynur/vendor/laravel/framework/src/Illuminate/Database/DatabaseManager.php(103): Illuminate/Database/DatabaseManager->makeConnection('pgsql')
#4 C:/laragon/www/16Hanynur/vendor/laravel/framework/src/Illuminate/Cache/CacheManager.php(200): Illuminate/Database/DatabaseManager->connection('pgsql')
#5 C:/laragon/www/16Hanynur/vendor/laravel/framework/src/Illuminate/Cache/CacheManager.php(148): Illuminate/Cache/CacheManager->createDatabaseDriver(Array)
#6 C:/laragon/www/16Hanynur/vendor/laravel/framework/src/Illuminate/Cache/CacheManager.php(126): Illuminate/Cache/CacheManager->build(Array)
#7 C:/laragon/www/16Hanynur/vendor/laravel/framework/src/Illuminate/Cache/CacheManager.php(69): Illuminate/Cache/CacheManager->resolve('database')
#8 C:/laragon/www/16Hanynur/vendor/laravel/framework/src/Illuminate/Cache/CacheManager.php(80): Illuminate/Cache/CacheManager->store('database')
#9 C:/laragon/www/16Hanynur/vendor/laravel/framework/src/Illuminate/Cache/CacheServiceProvider.php(23): Illuminate/Cache/CacheManager->driver()
#10 C:/laragon/www/16Hanynur/vendor/laravel/framework/src/Illuminate/Container/Container.php(1140): Illuminate/Cache/CacheServiceProvider->{closure:Illuminate/Cache/CacheServiceProvider::register():22}(Object(Illuminate/Foundation/Application), Array)
#11 C:/laragon/www/16Hanynur/vendor/laravel/framework/src/Illuminate/Container/Container.php(939): Illuminate/Container/Container->build(Object(Closure))
#12 C:/laragon/www/16Hanynur/vendor/laravel/framework/src/Illuminate/Foundation/Application.php(1085): Illuminate/Container/Container->resolve('cache.store', Array, true)
#13 C:/laragon/www/16Hanynur/vendor/laravel/framework/src/Illuminate/Container/Container.php(867): Illuminate/Foundation/Application->resolve('cache.store', Array)
#14 C:/laragon/www/16Hanynur/vendor/laravel/framework/src/Illuminate/Foundation/Application.php(1065): Illuminate/Container/Container->make('cache.store', Array)
#15 C:/laragon/www/16Hanynur/vendor/laravel/framework/src/Illuminate/Container/Container.php(1846): Illuminate/Foundation/Application->make('cache.store')
#16 C:/laragon/www/16Hanynur/vendor/laravel/framework/src/Illuminate/Foundation/Providers/ArtisanServiceProvider.php(735): Illuminate/Container/Container->offsetGet('cache.store')
#17 C:/laragon/www/16Hanynur/vendor/laravel/framework/src/Illuminate/Container/Container.php(1140): Illuminate/Foundation/Providers/ArtisanServiceProvider->{closure:Illuminate/Foundation/Providers/ArtisanServiceProvider::registerQueueRestartCommand():734}(Object(Illuminate/Foundation/Application), Array)
#18 C:/laragon/www/16Hanynur/vendor/laravel/framework/src/Illuminate/Container/Container.php(939): Illuminate/Container/Container->build(Object(Closure))
#19 C:/laragon/www/16Hanynur/vendor/laravel/framework/src/Illuminate/Foundation/Application.php(1085): Illuminate/Container/Container->resolve('Illuminate//Queu...', Array, true)
#20 C:/laragon/www/16Hanynur/vendor/laravel/framework/src/Illuminate/Container/Container.php(884): Illuminate/Foundation/Application->resolve('Illuminate//Queu...')
#21 C:/laragon/www/16Hanynur/vendor/laravel/framework/src/Illuminate/Console/ContainerCommandLoader.php(52): Illuminate/Container/Container->get('Illuminate//Queu...')
#22 C:/laragon/www/16Hanynur/vendor/symfony/console/Application.php(664): Illuminate/Console/ContainerCommandLoader->get('queue:restart')
#23 C:/laragon/www/16Hanynur/vendor/symfony/console/Application.php(873): Symfony/Component/Console/Application->has('queue:restart')
#24 C:/laragon/www/16Hanynur/vendor/symfony/console/Descriptor/ApplicationDescription.php(84): Symfony/Component/Console/Application->all(NULL)
#25 C:/laragon/www/16Hanynur/vendor/symfony/console/Descriptor/ApplicationDescription.php(61): Symfony/Component/Console/Descriptor/ApplicationDescription->inspectApplication()
#26 C:/laragon/www/16Hanynur/vendor/symfony/console/Descriptor/TextDescriptor.php(185): Symfony/Component/Console/Descriptor/ApplicationDescription->getCommands()
#27 C:/laragon/www/16Hanynur/vendor/symfony/console/Descriptor/Descriptor.php(40): Symfony/Component/Console/Descriptor/TextDescriptor->describeApplication(Object(Illuminate/Console/Application), Array)
#28 C:/laragon/www/16Hanynur/vendor/symfony/console/Helper/DescriptorHelper.php(67): Symfony/Component/Console/Descriptor/Descriptor->describe(Object(Symfony/Component/Console/Output/ConsoleOutput), Object(Illuminate/Console/Application), Array)
#29 C:/laragon/www/16Hanynur/vendor/symfony/console/Command/ListCommand.php(63): Symfony/Component/Console/Helper/DescriptorHelper->describe(Object(Symfony/Component/Console/Output/ConsoleOutput), Object(Illuminate/Console/Application), Array)
#30 C:/laragon/www/16Hanynur/vendor/symfony/console/Command/Command.php(285): Symfony/Component/Console/Command/ListCommand->execute(Object(Symfony/Component/Console/Input/ArgvInput), Object(Symfony/Component/Console/Output/ConsoleOutput))
#31 C:/laragon/www/16Hanynur/vendor/symfony/console/Application.php(1144): Symfony/Component/Console/Command/Command->run(Object(Symfony/Component/Console/Input/ArgvInput), Object(Symfony/Component/Console/Output/ConsoleOutput))
#32 C:/laragon/www/16Hanynur/vendor/symfony/console/Application.php(379): Symfony/Component/Console/Application->doRunCommand(Object(Symfony/Component/Console/Command/ListCommand), Object(Symfony/Component/Console/Input/ArgvInput), Object(Symfony/Component/Console/Output/ConsoleOutput))
#33 C:/laragon/www/16Hanynur/vendor/symfony/console/Application.php(218): Symfony/Component/Console/Application->doRun(Object(Symfony/Component/Console/Input/ArgvInput), Object(Symfony/Component/Console/Output/ConsoleOutput))
#34 C:/laragon/www/16Hanynur/vendor/laravel/framework/src/Illuminate/Foundation/Console/Kernel.php(198): Symfony/Component/Console/Application->run(Object(Symfony/Component/Console/Input/ArgvInput), Object(Symfony/Component/Console/Output/ConsoleOutput))
#35 Command line code(1): Illuminate/Foundation/Console/Kernel->handle(Object(Symfony/Component/Console/Input/ArgvInput), Object(Symfony/Component/Console/Output/ConsoleOutput))
#36 {main}
"} 
[2026-09-24 02:35:56] local.ERROR: The database configuration URL is malformed. {"exception":"[object] (InvalidArgumentException(code: 0): The database configuration URL is malformed. at C:/laragon/www/16Hanynur/vendor/laravel/framework/src/Illuminate/Support/ConfigurationUrlParser.php:148)
[stacktrace]
#0 C:/laragon/www/16Hanynur/vendor/laravel/framework/src/Illuminate/Support/ConfigurationUrlParser.php(51): Illuminate/Support/ConfigurationUrlParser->parseUrl('postgresql://po...')
#1 C:/laragon/www/16Hanynur/vendor/laravel/framework/src/Illuminate/Database/DatabaseManager.php(230): Illuminate/Support/ConfigurationUrlParser->parseConfiguration(Array)
#2 C:/laragon/www/16Hanynur/vendor/laravel/framework/src/Illuminate/Database/DatabaseManager.php(192): Illuminate/Database/DatabaseManager->configuration('pgsql')
#3 C:/laragon/www/16Hanynur/vendor/laravel/framework/src/Illuminate/Database/DatabaseManager.php(103): Illuminate/Database/DatabaseManager->makeConnection('pgsql')
#4 C:/laragon/www/16Hanynur/vendor/laravel/framework/src/Illuminate/Cache/CacheManager.php(200): Illuminate/Database/DatabaseManager->connection('pgsql')
#5 C:/laragon/www/16Hanynur/vendor/laravel/framework/src/Illuminate/Cache/CacheManager.php(148): Illuminate/Cache/CacheManager->createDatabaseDriver(Array)
#6 C:/laragon/www/16Hanynur/vendor/laravel/framework/src/Illuminate/Cache/CacheManager.php(126): Illuminate/Cache/CacheManager->build(Array)
#7 C:/laragon/www/16Hanynur/vendor/laravel/framework/src/Illuminate/Cache/CacheManager.php(69): Illuminate/Cache/CacheManager->resolve('database')
#8 C:/laragon/www/16Hanynur/vendor/laravel/framework/src/Illuminate/Cache/CacheManager.php(80): Illuminate/Cache/CacheManager->store('database')
#9 C:/laragon/www/16Hanynur/vendor/laravel/framework/src/Illuminate/Cache/CacheServiceProvider.php(23): Illuminate/Cache/CacheManager->driver()
#10 C:/laragon/www/16Hanynur/vendor/laravel/framework/src/Illuminate/Container/Container.php(1140): Illuminate/Cache/CacheServiceProvider->{closure:Illuminate/Cache/CacheServiceProvider::register():22}(Object(Illuminate/Foundation/Application), Array)
#11 C:/laragon/www/16Hanynur/vendor/laravel/framework/src/Illuminate/Container/Container.php(939): Illuminate/Container/Container->build(Object(Closure))
#12 C:/laragon/www/16Hanynur/vendor/laravel/framework/src/Illuminate/Foundation/Application.php(1085): Illuminate/Container/Container->resolve('cache.store', Array, true)
#13 C:/laragon/www/16Hanynur/vendor/laravel/framework/src/Illuminate/Container/Container.php(867): Illuminate/Foundation/Application->resolve('cache.store', Array)
#14 C:/laragon/www/16Hanynur/vendor/laravel/framework/src/Illuminate/Foundation/Application.php(1065): Illuminate/Container/Container->make('cache.store', Array)
#15 C:/laragon/www/16Hanynur/vendor/laravel/framework/src/Illuminate/Container/Container.php(1846): Illuminate/Foundation/Application->make('cache.store')
#16 C:/laragon/www/16Hanynur/vendor/laravel/framework/src/Illuminate/Foundation/Providers/ArtisanServiceProvider.php(735): Illuminate/Container/Container->offsetGet('cache.store')
#17 C:/laragon/www/16Hanynur/vendor/laravel/framework/src/Illuminate/Container/Container.php(1140): Illuminate/Foundation/Providers/ArtisanServiceProvider->{closure:Illuminate/Foundation/Providers/ArtisanServiceProvider::registerQueueRestartCommand():734}(Object(Illuminate/Foundation/Application), Array)
#18 C:/laragon/www/16Hanynur/vendor/laravel/framework/src/Illuminate/Container/Container.php(939): Illuminate/Container/Container->build(Object(Closure))
#19 C:/laragon/www/16Hanynur/vendor/laravel/framework/src/Illuminate/Foundation/Application.php(1085): Illuminate/Container/Container->resolve('Illuminate//Queu...', Array, true)
#20 C:/laragon/www/16Hanynur/vendor/laravel/framework/src/Illuminate/Container/Container.php(884): Illuminate/Foundation/Application->resolve('Illuminate//Queu...')
#21 C:/laragon/www/16Hanynur/vendor/laravel/framework/src/Illuminate/Console/ContainerCommandLoader.php(52): Illuminate/Container/Container->get('Illuminate//Queu...')
#22 C:/laragon/www/16Hanynur/vendor/symfony/console/Application.php(664): Illuminate/Console/ContainerCommandLoader->get('queue:restart')
#23 C:/laragon/www/16Hanynur/vendor/symfony/console/Application.php(873): Symfony/Component/Console/Application->has('queue:restart')
#24 C:/laragon/www/16Hanynur/vendor/symfony/console/Descriptor/ApplicationDescription.php(84): Symfony/Component/Console/Application->all(NULL)
#25 C:/laragon/www/16Hanynur/vendor/symfony/console/Descriptor/ApplicationDescription.php(61): Symfony/Component/Console/Descriptor/ApplicationDescription->inspectApplication()
#26 C:/laragon/www/16Hanynur/vendor/symfony/console/Descriptor/TextDescriptor.php(185): Symfony/Component/Console/Descriptor/ApplicationDescription->getCommands()
#27 C:/laragon/www/16Hanynur/vendor/symfony/console/Descriptor/Descriptor.php(40): Symfony/Component/Console/Descriptor/TextDescriptor->describeApplication(Object(Illuminate/Console/Application), Array)
#28 C:/laragon/www/16Hanynur/vendor/symfony/console/Helper/DescriptorHelper.php(67): Symfony/Component/Console/Descriptor/Descriptor->describe(Object(Symfony/Component/Console/Output/ConsoleOutput), Object(Illuminate/Console/Application), Array)
#29 C:/laragon/www/16Hanynur/vendor/symfony/console/Command/ListCommand.php(63): Symfony/Component/Console/Helper/DescriptorHelper->describe(Object(Symfony/Component/Console/Output/ConsoleOutput), Object(Illuminate/Console/Application), Array)
#30 C:/laragon/www/16Hanynur/vendor/symfony/console/Command/Command.php(285): Symfony/Component/Console/Command/ListCommand->execute(Object(Symfony/Component/Console/Input/ArgvInput), Object(Symfony/Component/Console/Output/ConsoleOutput))
#31 C:/laragon/www/16Hanynur/vendor/symfony/console/Application.php(1144): Symfony/Component/Console/Command/Command->run(Object(Symfony/Component/Console/Input/ArgvInput), Object(Symfony/Component/Console/Output/ConsoleOutput))
#32 C:/laragon/www/16Hanynur/vendor/symfony/console/Application.php(379): Symfony/Component/Console/Application->doRunCommand(Object(Symfony/Component/Console/Command/ListCommand), Object(Symfony/Component/Console/Input/ArgvInput), Object(Symfony/Component/Console/Output/ConsoleOutput))
#33 C:/laragon/www/16Hanynur/vendor/symfony/console/Application.php(218): Symfony/Component/Console/Application->doRun(Object(Symfony/Component/Console/Input/ArgvInput), Object(Symfony/Component/Console/Output/ConsoleOutput))
#34 C:/laragon/www/16Hanynur/vendor/laravel/framework/src/Illuminate/Foundation/Console/Kernel.php(198): Symfony/Component/Console/Application->run(Object(Symfony/Component/Console/Input/ArgvInput), Object(Symfony/Component/Console/Output/ConsoleOutput))
#35 Command line code(1): Illuminate/Foundation/Console/Kernel->handle(Object(Symfony/Component/Console/Input/ArgvInput), Object(Symfony/Component/Console/Output/ConsoleOutput))
#36 {main}
"} 
[2026-09-24 02:35:56] local.ERROR: The database configuration URL is malformed. {"exception":"[object] (InvalidArgumentException(code: 0): The database configuration URL is malformed. at C:/laragon/www/16Hanynur/vendor/laravel/framework/src/Illuminate/Support/ConfigurationUrlParser.php:148)
[stacktrace]
#0 C:/laragon/www/16Hanynur/vendor/laravel/framework/src/Illuminate/Support/ConfigurationUrlParser.php(51): Illuminate/Support/ConfigurationUrlParser->parseUrl('postgresql://po...')
#1 C:/laragon/www/16Hanynur/vendor/laravel/framework/src/Illuminate/Database/DatabaseManager.php(230): Illuminate/Support/ConfigurationUrlParser->parseConfiguration(Array)
#2 C:/laragon/www/16Hanynur/vendor/laravel/framework/src/Illuminate/Database/DatabaseManager.php(192): Illuminate/Database/DatabaseManager->configuration('pgsql')
#3 C:/laragon/www/16Hanynur/vendor/laravel/framework/src/Illuminate/Database/DatabaseManager.php(103): Illuminate/Database/DatabaseManager->makeConnection('pgsql')
#4 C:/laragon/www/16Hanynur/vendor/laravel/framework/src/Illuminate/Cache/CacheManager.php(200): Illuminate/Database/DatabaseManager->connection('pgsql')
#5 C:/laragon/www/16Hanynur/vendor/laravel/framework/src/Illuminate/Cache/CacheManager.php(148): Illuminate/Cache/CacheManager->createDatabaseDriver(Array)
#6 C:/laragon/www/16Hanynur/vendor/laravel/framework/src/Illuminate/Cache/CacheManager.php(126): Illuminate/Cache/CacheManager->build(Array)
#7 C:/laragon/www/16Hanynur/vendor/laravel/framework/src/Illuminate/Cache/CacheManager.php(69): Illuminate/Cache/CacheManager->resolve('database')
#8 C:/laragon/www/16Hanynur/vendor/laravel/framework/src/Illuminate/Cache/CacheManager.php(80): Illuminate/Cache/CacheManager->store('database')
#9 C:/laragon/www/16Hanynur/vendor/laravel/framework/src/Illuminate/Cache/CacheServiceProvider.php(23): Illuminate/Cache/CacheManager->driver()
#10 C:/laragon/www/16Hanynur/vendor/laravel/framework/src/Illuminate/Container/Container.php(1140): Illuminate/Cache/CacheServiceProvider->{closure:Illuminate/Cache/CacheServiceProvider::register():22}(Object(Illuminate/Foundation/Application), Array)
#11 C:/laragon/www/16Hanynur/vendor/laravel/framework/src/Illuminate/Container/Container.php(939): Illuminate/Container/Container->build(Object(Closure))
#12 C:/laragon/www/16Hanynur/vendor/laravel/framework/src/Illuminate/Foundation/Application.php(1085): Illuminate/Container/Container->resolve('cache.store', Array, true)
#13 C:/laragon/www/16Hanynur/vendor/laravel/framework/src/Illuminate/Container/Container.php(867): Illuminate/Foundation/Application->resolve('cache.store', Array)
#14 C:/laragon/www/16Hanynur/vendor/laravel/framework/src/Illuminate/Foundation/Application.php(1065): Illuminate/Container/Container->make('cache.store', Array)
#15 C:/laragon/www/16Hanynur/vendor/laravel/framework/src/Illuminate/Container/Container.php(1846): Illuminate/Foundation/Application->make('cache.store')
#16 C:/laragon/www/16Hanynur/vendor/laravel/framework/src/Illuminate/Foundation/Providers/ArtisanServiceProvider.php(735): Illuminate/Container/Container->offsetGet('cache.store')
#17 C:/laragon/www/16Hanynur/vendor/laravel/framework/src/Illuminate/Container/Container.php(1140): Illuminate/Foundation/Providers/ArtisanServiceProvider->{closure:Illuminate/Foundation/Providers/ArtisanServiceProvider::registerQueueRestartCommand():734}(Object(Illuminate/Foundation/Application), Array)
#18 C:/laragon/www/16Hanynur/vendor/laravel/framework/src/Illuminate/Container/Container.php(939): Illuminate/Container/Container->build(Object(Closure))
#19 C:/laragon/www/16Hanynur/vendor/laravel/framework/src/Illuminate/Foundation/Application.php(1085): Illuminate/Container/Container->resolve('Illuminate//Queu...', Array, true)
#20 C:/laragon/www/16Hanynur/vendor/laravel/framework/src/Illuminate/Container/Container.php(884): Illuminate/Foundation/Application->resolve('Illuminate//Queu...')
#21 C:/laragon/www/16Hanynur/vendor/laravel/framework/src/Illuminate/Console/ContainerCommandLoader.php(52): Illuminate/Container/Container->get('Illuminate//Queu...')
#22 C:/laragon/www/16Hanynur/vendor/symfony/console/Application.php(664): Illuminate/Console/ContainerCommandLoader->get('queue:restart')
#23 C:/laragon/www/16Hanynur/vendor/symfony/console/Application.php(873): Symfony/Component/Console/Application->has('queue:restart')
#24 C:/laragon/www/16Hanynur/vendor/symfony/console/Descriptor/ApplicationDescription.php(84): Symfony/Component/Console/Application->all(NULL)
#25 C:/laragon/www/16Hanynur/vendor/symfony/console/Descriptor/ApplicationDescription.php(61): Symfony/Component/Console/Descriptor/ApplicationDescription->inspectApplication()
#26 C:/laragon/www/16Hanynur/vendor/symfony/console/Descriptor/TextDescriptor.php(185): Symfony/Component/Console/Descriptor/ApplicationDescription->getCommands()
#27 C:/laragon/www/16Hanynur/vendor/symfony/console/Descriptor/Descriptor.php(40): Symfony/Component/Console/Descriptor/TextDescriptor->describeApplication(Object(Illuminate/Console/Application), Array)
#28 C:/laragon/www/16Hanynur/vendor/symfony/console/Helper/DescriptorHelper.php(67): Symfony/Component/Console/Descriptor/Descriptor->describe(Object(Symfony/Component/Console/Output/ConsoleOutput), Object(Illuminate/Console/Application), Array)
#29 C:/laragon/www/16Hanynur/vendor/symfony/console/Command/ListCommand.php(63): Symfony/Component/Console/Helper/DescriptorHelper->describe(Object(Symfony/Component/Console/Output/ConsoleOutput), Object(Illuminate/Console/Application), Array)
#30 C:/laragon/www/16Hanynur/vendor/symfony/console/Command/Command.php(285): Symfony/Component/Console/Command/ListCommand->execute(Object(Symfony/Component/Console/Input/ArgvInput), Object(Symfony/Component/Console/Output/ConsoleOutput))
#31 C:/laragon/www/16Hanynur/vendor/symfony/console/Application.php(1144): Symfony/Component/Console/Command/Command->run(Object(Symfony/Component/Console/Input/ArgvInput), Object(Symfony/Component/Console/Output/ConsoleOutput))
#32 C:/laragon/www/16Hanynur/vendor/symfony/console/Application.php(379): Symfony/Component/Console/Application->doRunCommand(Object(Symfony/Component/Console/Command/ListCommand), Object(Symfony/Component/Console/Input/ArgvInput), Object(Symfony/Component/Console/Output/ConsoleOutput))
#33 C:/laragon/www/16Hanynur/vendor/symfony/console/Application.php(218): Symfony/Component/Console/Application->doRun(Object(Symfony/Component/Console/Input/ArgvInput), Object(Symfony/Component/Console/Output/ConsoleOutput))
#34 C:/laragon/www/16Hanynur/vendor/laravel/framework/src/Illuminate/Foundation/Console/Kernel.php(198): Symfony/Component/Console/Application->run(Object(Symfony/Component/Console/Input/ArgvInput), Object(Symfony/Component/Console/Output/ConsoleOutput))
#35 Command line code(1): Illuminate/Foundation/Console/Kernel->handle(Object(Symfony/Component/Console/Input/ArgvInput), Object(Symfony/Component/Console/Output/ConsoleOutput))
#36 {main}
"} 
[2026-09-24 02:36:56] local.ERROR: The database configuration URL is malformed. {"exception":"[object] (InvalidArgumentException(code: 0): The database configuration URL is malformed. at C:/laragon/www/16Hanynur/vendor/laravel/framework/src/Illuminate/Support/ConfigurationUrlParser.php:148)
[stacktrace]
#0 C:/laragon/www/16Hanynur/vendor/laravel/framework/src/Illuminate/Support/ConfigurationUrlParser.php(51): Illuminate/Support/ConfigurationUrlParser->parseUrl('postgresql://po...')
#1 C:/laragon/www/16Hanynur/vendor/laravel/framework/src/Illuminate/Database/DatabaseManager.php(230): Illuminate/Support/ConfigurationUrlParser->parseConfiguration(Array)
#2 C:/laragon/www/16Hanynur/vendor/laravel/framework/src/Illuminate/Database/DatabaseManager.php(192): Illuminate/Database/DatabaseManager->configuration('pgsql')
#3 C:/laragon/www/16Hanynur/vendor/laravel/framework/src/Illuminate/Database/DatabaseManager.php(103): Illuminate/Database/DatabaseManager->makeConnection('pgsql')
#4 C:/laragon/www/16Hanynur/vendor/laravel/framework/src/Illuminate/Cache/CacheManager.php(200): Illuminate/Database/DatabaseManager->connection('pgsql')
#5 C:/laragon/www/16Hanynur/vendor/laravel/framework/src/Illuminate/Cache/CacheManager.php(148): Illuminate/Cache/CacheManager->createDatabaseDriver(Array)
#6 C:/laragon/www/16Hanynur/vendor/laravel/framework/src/Illuminate/Cache/CacheManager.php(126): Illuminate/Cache/CacheManager->build(Array)
#7 C:/laragon/www/16Hanynur/vendor/laravel/framework/src/Illuminate/Cache/CacheManager.php(69): Illuminate/Cache/CacheManager->resolve('database')
#8 C:/laragon/www/16Hanynur/vendor/laravel/framework/src/Illuminate/Cache/CacheManager.php(80): Illuminate/Cache/CacheManager->store('database')
#9 C:/laragon/www/16Hanynur/vendor/laravel/framework/src/Illuminate/Cache/CacheServiceProvider.php(23): Illuminate/Cache/CacheManager->driver()
#10 C:/laragon/www/16Hanynur/vendor/laravel/framework/src/Illuminate/Container/Container.php(1140): Illuminate/Cache/CacheServiceProvider->{closure:Illuminate/Cache/CacheServiceProvider::register():22}(Object(Illuminate/Foundation/Application), Array)
#11 C:/laragon/www/16Hanynur/vendor/laravel/framework/src/Illuminate/Container/Container.php(939): Illuminate/Container/Container->build(Object(Closure))
#12 C:/laragon/www/16Hanynur/vendor/laravel/framework/src/Illuminate/Foundation/Application.php(1085): Illuminate/Container/Container->resolve('cache.store', Array, true)
#13 C:/laragon/www/16Hanynur/vendor/laravel/framework/src/Illuminate/Container/Container.php(867): Illuminate/Foundation/Application->resolve('cache.store', Array)
#14 C:/laragon/www/16Hanynur/vendor/laravel/framework/src/Illuminate/Foundation/Application.php(1065): Illuminate/Container/Container->make('cache.store', Array)
#15 C:/laragon/www/16Hanynur/vendor/laravel/framework/src/Illuminate/Container/Container.php(1846): Illuminate/Foundation/Application->make('cache.store')
#16 C:/laragon/www/16Hanynur/vendor/laravel/framework/src/Illuminate/Foundation/Providers/ArtisanServiceProvider.php(735): Illuminate/Container/Container->offsetGet('cache.store')
#17 C:/laragon/www/16Hanynur/vendor/laravel/framework/src/Illuminate/Container/Container.php(1140): Illuminate/Foundation/Providers/ArtisanServiceProvider->{closure:Illuminate/Foundation/Providers/ArtisanServiceProvider::registerQueueRestartCommand():734}(Object(Illuminate/Foundation/Application), Array)
#18 C:/laragon/www/16Hanynur/vendor/laravel/framework/src/Illuminate/Container/Container.php(939): Illuminate/Container/Container->build(Object(Closure))
#19 C:/laragon/www/16Hanynur/vendor/laravel/framework/src/Illuminate/Foundation/Application.php(1085): Illuminate/Container/Container->resolve('Illuminate//Queu...', Array, true)
#20 C:/laragon/www/16Hanynur/vendor/laravel/framework/src/Illuminate/Container/Container.php(884): Illuminate/Foundation/Application->resolve('Illuminate//Queu...')
#21 C:/laragon/www/16Hanynur/vendor/laravel/framework/src/Illuminate/Console/ContainerCommandLoader.php(52): Illuminate/Container/Container->get('Illuminate//Queu...')
#22 C:/laragon/www/16Hanynur/vendor/symfony/console/Application.php(664): Illuminate/Console/ContainerCommandLoader->get('queue:restart')
#23 C:/laragon/www/16Hanynur/vendor/symfony/console/Application.php(873): Symfony/Component/Console/Application->has('queue:restart')
#24 C:/laragon/www/16Hanynur/vendor/symfony/console/Descriptor/ApplicationDescription.php(84): Symfony/Component/Console/Application->all(NULL)
#25 C:/laragon/www/16Hanynur/vendor/symfony/console/Descriptor/ApplicationDescription.php(61): Symfony/Component/Console/Descriptor/ApplicationDescription->inspectApplication()
#26 C:/laragon/www/16Hanynur/vendor/symfony/console/Descriptor/TextDescriptor.php(185): Symfony/Component/Console/Descriptor/ApplicationDescription->getCommands()
#27 C:/laragon/www/16Hanynur/vendor/symfony/console/Descriptor/Descriptor.php(40): Symfony/Component/Console/Descriptor/TextDescriptor->describeApplication(Object(Illuminate/Console/Application), Array)
#28 C:/laragon/www/16Hanynur/vendor/symfony/console/Helper/DescriptorHelper.php(67): Symfony/Component/Console/Descriptor/Descriptor->describe(Object(Symfony/Component/Console/Output/ConsoleOutput), Object(Illuminate/Console/Application), Array)
#29 C:/laragon/www/16Hanynur/vendor/symfony/console/Command/ListCommand.php(63): Symfony/Component/Console/Helper/DescriptorHelper->describe(Object(Symfony/Component/Console/Output/ConsoleOutput), Object(Illuminate/Console/Application), Array)
#30 C:/laragon/www/16Hanynur/vendor/symfony/console/Command/Command.php(285): Symfony/Component/Console/Command/ListCommand->execute(Object(Symfony/Component/Console/Input/ArgvInput), Object(Symfony/Component/Console/Output/ConsoleOutput))
#31 C:/laragon/www/16Hanynur/vendor/symfony/console/Application.php(1144): Symfony/Component/Console/Command/Command->run(Object(Symfony/Component/Console/Input/ArgvInput), Object(Symfony/Component/Console/Output/ConsoleOutput))
#32 C:/laragon/www/16Hanynur/vendor/symfony/console/Application.php(379): Symfony/Component/Console/Application->doRunCommand(Object(Symfony/Component/Console/Command/ListCommand), Object(Symfony/Component/Console/Input/ArgvInput), Object(Symfony/Component/Console/Output/ConsoleOutput))
#33 C:/laragon/www/16Hanynur/vendor/symfony/console/Application.php(218): Symfony/Component/Console/Application->doRun(Object(Symfony/Component/Console/Input/ArgvInput), Object(Symfony/Component/Console/Output/ConsoleOutput))
#34 C:/laragon/www/16Hanynur/vendor/laravel/framework/src/Illuminate/Foundation/Console/Kernel.php(198): Symfony/Component/Console/Application->run(Object(Symfony/Component/Console/Input/ArgvInput), Object(Symfony/Component/Console/Output/ConsoleOutput))
#35 Command line code(1): Illuminate/Foundation/Console/Kernel->handle(Object(Symfony/Component/Console/Input/ArgvInput), Object(Symfony/Component/Console/Output/ConsoleOutput))
#36 {main}
"} 
[2026-09-24 02:37:20] local.ERROR: The database configuration URL is malformed. {"exception":"[object] (InvalidArgumentException(code: 0): The database configuration URL is malformed. at C:/laragon/www/16Hanynur/vendor/laravel/framework/src/Illuminate/Support/ConfigurationUrlParser.php:148)
[stacktrace]
#0 C:/laragon/www/16Hanynur/vendor/laravel/framework/src/Illuminate/Support/ConfigurationUrlParser.php(51): Illuminate/Support/ConfigurationUrlParser->parseUrl('postgresql://po...')
#1 C:/laragon/www/16Hanynur/vendor/laravel/framework/src/Illuminate/Database/DatabaseManager.php(230): Illuminate/Support/ConfigurationUrlParser->parseConfiguration(Array)
#2 C:/laragon/www/16Hanynur/vendor/laravel/framework/src/Illuminate/Database/DatabaseManager.php(192): Illuminate/Database/DatabaseManager->configuration('pgsql')
#3 C:/laragon/www/16Hanynur/vendor/laravel/framework/src/Illuminate/Database/DatabaseManager.php(103): Illuminate/Database/DatabaseManager->makeConnection('pgsql')
#4 C:/laragon/www/16Hanynur/vendor/laravel/framework/src/Illuminate/Database/Migrations/Migrator.php(747): Illuminate/Database/DatabaseManager->connection('pgsql')
#5 C:/laragon/www/16Hanynur/vendor/laravel/framework/src/Illuminate/Database/Migrations/Migrator.php(691): Illuminate/Database/Migrations/Migrator->directConnectionName('pgsql')
#6 C:/laragon/www/16Hanynur/vendor/laravel/framework/src/Illuminate/Database/Migrations/Migrator.php(669): Illuminate/Database/Migrations/Migrator->setConnection(NULL)
#7 C:/laragon/www/16Hanynur/vendor/laravel/framework/src/Illuminate/Database/Console/Migrations/FreshCommand.php(75): Illuminate/Database/Migrations/Migrator->usingConnection(NULL, Object(Closure))
#8 C:/laragon/www/16Hanynur/vendor/laravel/framework/src/Illuminate/Container/BoundMethod.php(36): Illuminate/Database/Console/Migrations/FreshCommand->handle()
#9 C:/laragon/www/16Hanynur/vendor/laravel/framework/src/Illuminate/Container/Util.php(43): Illuminate/Container/BoundMethod::{closure:Illuminate/Container/BoundMethod::call():35}()
#10 C:/laragon/www/16Hanynur/vendor/laravel/framework/src/Illuminate/Container/BoundMethod.php(96): Illuminate/Container/Util::unwrapIfClosure(Object(Closure))
#11 C:/laragon/www/16Hanynur/vendor/laravel/framework/src/Illuminate/Container/BoundMethod.php(35): Illuminate/Container/BoundMethod::callBoundMethod(Object(Illuminate/Foundation/Application), Array, Object(Closure))
#12 C:/laragon/www/16Hanynur/vendor/laravel/framework/src/Illuminate/Container/Container.php(803): Illuminate/Container/BoundMethod::call(Object(Illuminate/Foundation/Application), Array, Array, NULL)
#13 C:/laragon/www/16Hanynur/vendor/laravel/framework/src/Illuminate/Console/Command.php(292): Illuminate/Container/Container->call(Array)
#14 C:/laragon/www/16Hanynur/vendor/symfony/console/Command/Command.php(285): Illuminate/Console/Command->execute(Object(Symfony/Component/Console/Input/ArgvInput), Object(Illuminate/Console/OutputStyle))
#15 C:/laragon/www/16Hanynur/vendor/laravel/framework/src/Illuminate/Console/Command.php(261): Symfony/Component/Console/Command/Command->run(Object(Symfony/Component/Console/Input/ArgvInput), Object(Illuminate/Console/OutputStyle))
#16 C:/laragon/www/16Hanynur/vendor/symfony/console/Application.php(1144): Illuminate/Console/Command->run(Object(Symfony/Component/Console/Input/ArgvInput), Object(Symfony/Component/Console/Output/ConsoleOutput))
#17 C:/laragon/www/16Hanynur/vendor/symfony/console/Application.php(379): Symfony/Component/Console/Application->doRunCommand(Object(Illuminate/Database/Console/Migrations/FreshCommand), Object(Symfony/Component/Console/Input/ArgvInput), Object(Symfony/Component/Console/Output/ConsoleOutput))
#18 C:/laragon/www/16Hanynur/vendor/symfony/console/Application.php(218): Symfony/Component/Console/Application->doRun(Object(Symfony/Component/Console/Input/ArgvInput), Object(Symfony/Component/Console/Output/ConsoleOutput))
#19 C:/laragon/www/16Hanynur/vendor/laravel/framework/src/Illuminate/Foundation/Console/Kernel.php(198): Symfony/Component/Console/Application->run(Object(Symfony/Component/Console/Input/ArgvInput), Object(Symfony/Component/Console/Output/ConsoleOutput))
#20 C:/laragon/www/16Hanynur/vendor/laravel/framework/src/Illuminate/Foundation/Application.php(1242): Illuminate/Foundation/Console/Kernel->handle(Object(Symfony/Component/Console/Input/ArgvInput), Object(Symfony/Component/Console/Output/ConsoleOutput))
#21 C:/laragon/www/16Hanynur/artisan(16): Illuminate/Foundation/Application->handleCommand(Object(Symfony/Component/Console/Input/ArgvInput))
#22 {main}
"} 
[2026-09-24 02:37:56] local.ERROR: The database configuration URL is malformed. {"exception":"[object] (InvalidArgumentException(code: 0): The database configuration URL is malformed. at C:/laragon/www/16Hanynur/vendor/laravel/framework/src/Illuminate/Support/ConfigurationUrlParser.php:148)
[stacktrace]
#0 C:/laragon/www/16Hanynur/vendor/laravel/framework/src/Illuminate/Support/ConfigurationUrlParser.php(51): Illuminate/Support/ConfigurationUrlParser->parseUrl('postgresql://po...')
#1 C:/laragon/www/16Hanynur/vendor/laravel/framework/src/Illuminate/Database/DatabaseManager.php(230): Illuminate/Support/ConfigurationUrlParser->parseConfiguration(Array)
#2 C:/laragon/www/16Hanynur/vendor/laravel/framework/src/Illuminate/Database/DatabaseManager.php(192): Illuminate/Database/DatabaseManager->configuration('pgsql')
#3 C:/laragon/www/16Hanynur/vendor/laravel/framework/src/Illuminate/Database/DatabaseManager.php(103): Illuminate/Database/DatabaseManager->makeConnection('pgsql')
#4 C:/laragon/www/16Hanynur/vendor/laravel/framework/src/Illuminate/Cache/CacheManager.php(200): Illuminate/Database/DatabaseManager->connection('pgsql')
#5 C:/laragon/www/16Hanynur/vendor/laravel/framework/src/Illuminate/Cache/CacheManager.php(148): Illuminate/Cache/CacheManager->createDatabaseDriver(Array)
#6 C:/laragon/www/16Hanynur/vendor/laravel/framework/src/Illuminate/Cache/CacheManager.php(126): Illuminate/Cache/CacheManager->build(Array)
#7 C:/laragon/www/16Hanynur/vendor/laravel/framework/src/Illuminate/Cache/CacheManager.php(69): Illuminate/Cache/CacheManager->resolve('database')
#8 C:/laragon/www/16Hanynur/vendor/laravel/framework/src/Illuminate/Cache/CacheManager.php(80): Illuminate/Cache/CacheManager->store('database')
#9 C:/laragon/www/16Hanynur/vendor/laravel/framework/src/Illuminate/Cache/CacheServiceProvider.php(23): Illuminate/Cache/CacheManager->driver()
#10 C:/laragon/www/16Hanynur/vendor/laravel/framework/src/Illuminate/Container/Container.php(1140): Illuminate/Cache/CacheServiceProvider->{closure:Illuminate/Cache/CacheServiceProvider::register():22}(Object(Illuminate/Foundation/Application), Array)
#11 C:/laragon/www/16Hanynur/vendor/laravel/framework/src/Illuminate/Container/Container.php(939): Illuminate/Container/Container->build(Object(Closure))
#12 C:/laragon/www/16Hanynur/vendor/laravel/framework/src/Illuminate/Foundation/Application.php(1085): Illuminate/Container/Container->resolve('cache.store', Array, true)
#13 C:/laragon/www/16Hanynur/vendor/laravel/framework/src/Illuminate/Container/Container.php(867): Illuminate/Foundation/Application->resolve('cache.store', Array)
#14 C:/laragon/www/16Hanynur/vendor/laravel/framework/src/Illuminate/Foundation/Application.php(1065): Illuminate/Container/Container->make('cache.store', Array)
#15 C:/laragon/www/16Hanynur/vendor/laravel/framework/src/Illuminate/Container/Container.php(1846): Illuminate/Foundation/Application->make('cache.store')
#16 C:/laragon/www/16Hanynur/vendor/laravel/framework/src/Illuminate/Foundation/Providers/ArtisanServiceProvider.php(735): Illuminate/Container/Container->offsetGet('cache.store')
#17 C:/laragon/www/16Hanynur/vendor/laravel/framework/src/Illuminate/Container/Container.php(1140): Illuminate/Foundation/Providers/ArtisanServiceProvider->{closure:Illuminate/Foundation/Providers/ArtisanServiceProvider::registerQueueRestartCommand():734}(Object(Illuminate/Foundation/Application), Array)
#18 C:/laragon/www/16Hanynur/vendor/laravel/framework/src/Illuminate/Container/Container.php(939): Illuminate/Container/Container->build(Object(Closure))
#19 C:/laragon/www/16Hanynur/vendor/laravel/framework/src/Illuminate/Foundation/Application.php(1085): Illuminate/Container/Container->resolve('Illuminate//Queu...', Array, true)
#20 C:/laragon/www/16Hanynur/vendor/laravel/framework/src/Illuminate/Container/Container.php(884): Illuminate/Foundation/Application->resolve('Illuminate//Queu...')
#21 C:/laragon/www/16Hanynur/vendor/laravel/framework/src/Illuminate/Console/ContainerCommandLoader.php(52): Illuminate/Container/Container->get('Illuminate//Queu...')
#22 C:/laragon/www/16Hanynur/vendor/symfony/console/Application.php(664): Illuminate/Console/ContainerCommandLoader->get('queue:restart')
#23 C:/laragon/www/16Hanynur/vendor/symfony/console/Application.php(873): Symfony/Component/Console/Application->has('queue:restart')
#24 C:/laragon/www/16Hanynur/vendor/symfony/console/Descriptor/ApplicationDescription.php(84): Symfony/Component/Console/Application->all(NULL)
#25 C:/laragon/www/16Hanynur/vendor/symfony/console/Descriptor/ApplicationDescription.php(61): Symfony/Component/Console/Descriptor/ApplicationDescription->inspectApplication()
#26 C:/laragon/www/16Hanynur/vendor/symfony/console/Descriptor/TextDescriptor.php(185): Symfony/Component/Console/Descriptor/ApplicationDescription->getCommands()
#27 C:/laragon/www/16Hanynur/vendor/symfony/console/Descriptor/Descriptor.php(40): Symfony/Component/Console/Descriptor/TextDescriptor->describeApplication(Object(Illuminate/Console/Application), Array)
#28 C:/laragon/www/16Hanynur/vendor/symfony/console/Helper/DescriptorHelper.php(67): Symfony/Component/Console/Descriptor/Descriptor->describe(Object(Symfony/Component/Console/Output/ConsoleOutput), Object(Illuminate/Console/Application), Array)
#29 C:/laragon/www/16Hanynur/vendor/symfony/console/Command/ListCommand.php(63): Symfony/Component/Console/Helper/DescriptorHelper->describe(Object(Symfony/Component/Console/Output/ConsoleOutput), Object(Illuminate/Console/Application), Array)
#30 C:/laragon/www/16Hanynur/vendor/symfony/console/Command/Command.php(285): Symfony/Component/Console/Command/ListCommand->execute(Object(Symfony/Component/Console/Input/ArgvInput), Object(Symfony/Component/Console/Output/ConsoleOutput))
#31 C:/laragon/www/16Hanynur/vendor/symfony/console/Application.php(1144): Symfony/Component/Console/Command/Command->run(Object(Symfony/Component/Console/Input/ArgvInput), Object(Symfony/Component/Console/Output/ConsoleOutput))
#32 C:/laragon/www/16Hanynur/vendor/symfony/console/Application.php(379): Symfony/Component/Console/Application->doRunCommand(Object(Symfony/Component/Console/Command/ListCommand), Object(Symfony/Component/Console/Input/ArgvInput), Object(Symfony/Component/Console/Output/ConsoleOutput))
#33 C:/laragon/www/16Hanynur/vendor/symfony/console/Application.php(218): Symfony/Component/Console/Application->doRun(Object(Symfony/Component/Console/Input/ArgvInput), Object(Symfony/Component/Console/Output/ConsoleOutput))
#34 C:/laragon/www/16Hanynur/vendor/laravel/framework/src/Illuminate/Foundation/Console/Kernel.php(198): Symfony/Component/Console/Application->run(Object(Symfony/Component/Console/Input/ArgvInput), Object(Symfony/Component/Console/Output/ConsoleOutput))
#35 Command line code(1): Illuminate/Foundation/Console/Kernel->handle(Object(Symfony/Component/Console/Input/ArgvInput), Object(Symfony/Component/Console/Output/ConsoleOutput))
#36 {main}
"} 
[2026-09-24 02:37:56] local.ERROR: The database configuration URL is malformed. {"exception":"[object] (InvalidArgumentException(code: 0): The database configuration URL is malformed. at C:/laragon/www/16Hanynur/vendor/laravel/framework/src/Illuminate/Support/ConfigurationUrlParser.php:148)
[stacktrace]
#0 C:/laragon/www/16Hanynur/vendor/laravel/framework/src/Illuminate/Support/ConfigurationUrlParser.php(51): Illuminate/Support/ConfigurationUrlParser->parseUrl('postgresql://po...')
#1 C:/laragon/www/16Hanynur/vendor/laravel/framework/src/Illuminate/Database/DatabaseManager.php(230): Illuminate/Support/ConfigurationUrlParser->parseConfiguration(Array)
#2 C:/laragon/www/16Hanynur/vendor/laravel/framework/src/Illuminate/Database/DatabaseManager.php(192): Illuminate/Database/DatabaseManager->configuration('pgsql')
#3 C:/laragon/www/16Hanynur/vendor/laravel/framework/src/Illuminate/Database/DatabaseManager.php(103): Illuminate/Database/DatabaseManager->makeConnection('pgsql')
#4 C:/laragon/www/16Hanynur/vendor/laravel/framework/src/Illuminate/Cache/CacheManager.php(200): Illuminate/Database/DatabaseManager->connection('pgsql')
#5 C:/laragon/www/16Hanynur/vendor/laravel/framework/src/Illuminate/Cache/CacheManager.php(148): Illuminate/Cache/CacheManager->createDatabaseDriver(Array)
#6 C:/laragon/www/16Hanynur/vendor/laravel/framework/src/Illuminate/Cache/CacheManager.php(126): Illuminate/Cache/CacheManager->build(Array)
#7 C:/laragon/www/16Hanynur/vendor/laravel/framework/src/Illuminate/Cache/CacheManager.php(69): Illuminate/Cache/CacheManager->resolve('database')
#8 C:/laragon/www/16Hanynur/vendor/laravel/framework/src/Illuminate/Cache/CacheManager.php(80): Illuminate/Cache/CacheManager->store('database')
#9 C:/laragon/www/16Hanynur/vendor/laravel/framework/src/Illuminate/Cache/CacheServiceProvider.php(23): Illuminate/Cache/CacheManager->driver()
#10 C:/laragon/www/16Hanynur/vendor/laravel/framework/src/Illuminate/Container/Container.php(1140): Illuminate/Cache/CacheServiceProvider->{closure:Illuminate/Cache/CacheServiceProvider::register():22}(Object(Illuminate/Foundation/Application), Array)
#11 C:/laragon/www/16Hanynur/vendor/laravel/framework/src/Illuminate/Container/Container.php(939): Illuminate/Container/Container->build(Object(Closure))
#12 C:/laragon/www/16Hanynur/vendor/laravel/framework/src/Illuminate/Foundation/Application.php(1085): Illuminate/Container/Container->resolve('cache.store', Array, true)
#13 C:/laragon/www/16Hanynur/vendor/laravel/framework/src/Illuminate/Container/Container.php(867): Illuminate/Foundation/Application->resolve('cache.store', Array)
#14 C:/laragon/www/16Hanynur/vendor/laravel/framework/src/Illuminate/Foundation/Application.php(1065): Illuminate/Container/Container->make('cache.store', Array)
#15 C:/laragon/www/16Hanynur/vendor/laravel/framework/src/Illuminate/Container/Container.php(1846): Illuminate/Foundation/Application->make('cache.store')
#16 C:/laragon/www/16Hanynur/vendor/laravel/framework/src/Illuminate/Foundation/Providers/ArtisanServiceProvider.php(735): Illuminate/Container/Container->offsetGet('cache.store')
#17 C:/laragon/www/16Hanynur/vendor/laravel/framework/src/Illuminate/Container/Container.php(1140): Illuminate/Foundation/Providers/ArtisanServiceProvider->{closure:Illuminate/Foundation/Providers/ArtisanServiceProvider::registerQueueRestartCommand():734}(Object(Illuminate/Foundation/Application), Array)
#18 C:/laragon/www/16Hanynur/vendor/laravel/framework/src/Illuminate/Container/Container.php(939): Illuminate/Container/Container->build(Object(Closure))
#19 C:/laragon/www/16Hanynur/vendor/laravel/framework/src/Illuminate/Foundation/Application.php(1085): Illuminate/Container/Container->resolve('Illuminate//Queu...', Array, true)
#20 C:/laragon/www/16Hanynur/vendor/laravel/framework/src/Illuminate/Container/Container.php(884): Illuminate/Foundation/Application->resolve('Illuminate//Queu...')
#21 C:/laragon/www/16Hanynur/vendor/laravel/framework/src/Illuminate/Console/ContainerCommandLoader.php(52): Illuminate/Container/Container->get('Illuminate//Queu...')
#22 C:/laragon/www/16Hanynur/vendor/symfony/console/Application.php(664): Illuminate/Console/ContainerCommandLoader->get('queue:restart')
#23 C:/laragon/www/16Hanynur/vendor/symfony/console/Application.php(873): Symfony/Component/Console/Application->has('queue:restart')
#24 C:/laragon/www/16Hanynur/vendor/symfony/console/Descriptor/ApplicationDescription.php(84): Symfony/Component/Console/Application->all(NULL)
#25 C:/laragon/www/16Hanynur/vendor/symfony/console/Descriptor/ApplicationDescription.php(61): Symfony/Component/Console/Descriptor/ApplicationDescription->inspectApplication()
#26 C:/laragon/www/16Hanynur/vendor/symfony/console/Descriptor/TextDescriptor.php(185): Symfony/Component/Console/Descriptor/ApplicationDescription->getCommands()
#27 C:/laragon/www/16Hanynur/vendor/symfony/console/Descriptor/Descriptor.php(40): Symfony/Component/Console/Descriptor/TextDescriptor->describeApplication(Object(Illuminate/Console/Application), Array)
#28 C:/laragon/www/16Hanynur/vendor/symfony/console/Helper/DescriptorHelper.php(67): Symfony/Component/Console/Descriptor/Descriptor->describe(Object(Symfony/Component/Console/Output/ConsoleOutput), Object(Illuminate/Console/Application), Array)
#29 C:/laragon/www/16Hanynur/vendor/symfony/console/Command/ListCommand.php(63): Symfony/Component/Console/Helper/DescriptorHelper->describe(Object(Symfony/Component/Console/Output/ConsoleOutput), Object(Illuminate/Console/Application), Array)
#30 C:/laragon/www/16Hanynur/vendor/symfony/console/Command/Command.php(285): Symfony/Component/Console/Command/ListCommand->execute(Object(Symfony/Component/Console/Input/ArgvInput), Object(Symfony/Component/Console/Output/ConsoleOutput))
#31 C:/laragon/www/16Hanynur/vendor/symfony/console/Application.php(1144): Symfony/Component/Console/Command/Command->run(Object(Symfony/Component/Console/Input/ArgvInput), Object(Symfony/Component/Console/Output/ConsoleOutput))
#32 C:/laragon/www/16Hanynur/vendor/symfony/console/Application.php(379): Symfony/Component/Console/Application->doRunCommand(Object(Symfony/Component/Console/Command/ListCommand), Object(Symfony/Component/Console/Input/ArgvInput), Object(Symfony/Component/Console/Output/ConsoleOutput))
#33 C:/laragon/www/16Hanynur/vendor/symfony/console/Application.php(218): Symfony/Component/Console/Application->doRun(Object(Symfony/Component/Console/Input/ArgvInput), Object(Symfony/Component/Console/Output/ConsoleOutput))
#34 C:/laragon/www/16Hanynur/vendor/laravel/framework/src/Illuminate/Foundation/Console/Kernel.php(198): Symfony/Component/Console/Application->run(Object(Symfony/Component/Console/Input/ArgvInput), Object(Symfony/Component/Console/Output/ConsoleOutput))
#35 Command line code(1): Illuminate/Foundation/Console/Kernel->handle(Object(Symfony/Component/Console/Input/ArgvInput), Object(Symfony/Component/Console/Output/ConsoleOutput))
#36 {main}
"} 
[2026-09-24 02:38:56] local.ERROR: The database configuration URL is malformed. {"exception":"[object] (InvalidArgumentException(code: 0): The database configuration URL is malformed. at C:/laragon/www/16Hanynur/vendor/laravel/framework/src/Illuminate/Support/ConfigurationUrlParser.php:148)
[stacktrace]
#0 C:/laragon/www/16Hanynur/vendor/laravel/framework/src/Illuminate/Support/ConfigurationUrlParser.php(51): Illuminate/Support/ConfigurationUrlParser->parseUrl('postgresql://po...')
#1 C:/laragon/www/16Hanynur/vendor/laravel/framework/src/Illuminate/Database/DatabaseManager.php(230): Illuminate/Support/ConfigurationUrlParser->parseConfiguration(Array)
#2 C:/laragon/www/16Hanynur/vendor/laravel/framework/src/Illuminate/Database/DatabaseManager.php(192): Illuminate/Database/DatabaseManager->configuration('pgsql')
#3 C:/laragon/www/16Hanynur/vendor/laravel/framework/src/Illuminate/Database/DatabaseManager.php(103): Illuminate/Database/DatabaseManager->makeConnection('pgsql')
#4 C:/laragon/www/16Hanynur/vendor/laravel/framework/src/Illuminate/Cache/CacheManager.php(200): Illuminate/Database/DatabaseManager->connection('pgsql')
#5 C:/laragon/www/16Hanynur/vendor/laravel/framework/src/Illuminate/Cache/CacheManager.php(148): Illuminate/Cache/CacheManager->createDatabaseDriver(Array)
#6 C:/laragon/www/16Hanynur/vendor/laravel/framework/src/Illuminate/Cache/CacheManager.php(126): Illuminate/Cache/CacheManager->build(Array)
#7 C:/laragon/www/16Hanynur/vendor/laravel/framework/src/Illuminate/Cache/CacheManager.php(69): Illuminate/Cache/CacheManager->resolve('database')
#8 C:/laragon/www/16Hanynur/vendor/laravel/framework/src/Illuminate/Cache/CacheManager.php(80): Illuminate/Cache/CacheManager->store('database')
#9 C:/laragon/www/16Hanynur/vendor/laravel/framework/src/Illuminate/Cache/CacheServiceProvider.php(23): Illuminate/Cache/CacheManager->driver()
#10 C:/laragon/www/16Hanynur/vendor/laravel/framework/src/Illuminate/Container/Container.php(1140): Illuminate/Cache/CacheServiceProvider->{closure:Illuminate/Cache/CacheServiceProvider::register():22}(Object(Illuminate/Foundation/Application), Array)
#11 C:/laragon/www/16Hanynur/vendor/laravel/framework/src/Illuminate/Container/Container.php(939): Illuminate/Container/Container->build(Object(Closure))
#12 C:/laragon/www/16Hanynur/vendor/laravel/framework/src/Illuminate/Foundation/Application.php(1085): Illuminate/Container/Container->resolve('cache.store', Array, true)
#13 C:/laragon/www/16Hanynur/vendor/laravel/framework/src/Illuminate/Container/Container.php(867): Illuminate/Foundation/Application->resolve('cache.store', Array)
#14 C:/laragon/www/16Hanynur/vendor/laravel/framework/src/Illuminate/Foundation/Application.php(1065): Illuminate/Container/Container->make('cache.store', Array)
#15 C:/laragon/www/16Hanynur/vendor/laravel/framework/src/Illuminate/Container/Container.php(1846): Illuminate/Foundation/Application->make('cache.store')
#16 C:/laragon/www/16Hanynur/vendor/laravel/framework/src/Illuminate/Foundation/Providers/ArtisanServiceProvider.php(735): Illuminate/Container/Container->offsetGet('cache.store')
#17 C:/laragon/www/16Hanynur/vendor/laravel/framework/src/Illuminate/Container/Container.php(1140): Illuminate/Foundation/Providers/ArtisanServiceProvider->{closure:Illuminate/Foundation/Providers/ArtisanServiceProvider::registerQueueRestartCommand():734}(Object(Illuminate/Foundation/Application), Array)
#18 C:/laragon/www/16Hanynur/vendor/laravel/framework/src/Illuminate/Container/Container.php(939): Illuminate/Container/Container->build(Object(Closure))
#19 C:/laragon/www/16Hanynur/vendor/laravel/framework/src/Illuminate/Foundation/Application.php(1085): Illuminate/Container/Container->resolve('Illuminate//Queu...', Array, true)
#20 C:/laragon/www/16Hanynur/vendor/laravel/framework/src/Illuminate/Container/Container.php(884): Illuminate/Foundation/Application->resolve('Illuminate//Queu...')
#21 C:/laragon/www/16Hanynur/vendor/laravel/framework/src/Illuminate/Console/ContainerCommandLoader.php(52): Illuminate/Container/Container->get('Illuminate//Queu...')
#22 C:/laragon/www/16Hanynur/vendor/symfony/console/Application.php(664): Illuminate/Console/ContainerCommandLoader->get('queue:restart')
#23 C:/laragon/www/16Hanynur/vendor/symfony/console/Application.php(873): Symfony/Component/Console/Application->has('queue:restart')
#24 C:/laragon/www/16Hanynur/vendor/symfony/console/Descriptor/ApplicationDescription.php(84): Symfony/Component/Console/Application->all(NULL)
#25 C:/laragon/www/16Hanynur/vendor/symfony/console/Descriptor/ApplicationDescription.php(61): Symfony/Component/Console/Descriptor/ApplicationDescription->inspectApplication()
#26 C:/laragon/www/16Hanynur/vendor/symfony/console/Descriptor/TextDescriptor.php(185): Symfony/Component/Console/Descriptor/ApplicationDescription->getCommands()
#27 C:/laragon/www/16Hanynur/vendor/symfony/console/Descriptor/Descriptor.php(40): Symfony/Component/Console/Descriptor/TextDescriptor->describeApplication(Object(Illuminate/Console/Application), Array)
#28 C:/laragon/www/16Hanynur/vendor/symfony/console/Helper/DescriptorHelper.php(67): Symfony/Component/Console/Descriptor/Descriptor->describe(Object(Symfony/Component/Console/Output/ConsoleOutput), Object(Illuminate/Console/Application), Array)
#29 C:/laragon/www/16Hanynur/vendor/symfony/console/Command/ListCommand.php(63): Symfony/Component/Console/Helper/DescriptorHelper->describe(Object(Symfony/Component/Console/Output/ConsoleOutput), Object(Illuminate/Console/Application), Array)
#30 C:/laragon/www/16Hanynur/vendor/symfony/console/Command/Command.php(285): Symfony/Component/Console/Command/ListCommand->execute(Object(Symfony/Component/Console/Input/ArgvInput), Object(Symfony/Component/Console/Output/ConsoleOutput))
#31 C:/laragon/www/16Hanynur/vendor/symfony/console/Application.php(1144): Symfony/Component/Console/Command/Command->run(Object(Symfony/Component/Console/Input/ArgvInput), Object(Symfony/Component/Console/Output/ConsoleOutput))
#32 C:/laragon/www/16Hanynur/vendor/symfony/console/Application.php(379): Symfony/Component/Console/Application->doRunCommand(Object(Symfony/Component/Console/Command/ListCommand), Object(Symfony/Component/Console/Input/ArgvInput), Object(Symfony/Component/Console/Output/ConsoleOutput))
#33 C:/laragon/www/16Hanynur/vendor/symfony/console/Application.php(218): Symfony/Component/Console/Application->doRun(Object(Symfony/Component/Console/Input/ArgvInput), Object(Symfony/Component/Console/Output/ConsoleOutput))
#34 C:/laragon/www/16Hanynur/vendor/laravel/framework/src/Illuminate/Foundation/Console/Kernel.php(198): Symfony/Component/Console/Application->run(Object(Symfony/Component/Console/Input/ArgvInput), Object(Symfony/Component/Console/Output/ConsoleOutput))
#35 Command line code(1): Illuminate/Foundation/Console/Kernel->handle(Object(Symfony/Component/Console/Input/ArgvInput), Object(Symfony/Component/Console/Output/ConsoleOutput))
#36 {main}
"} 
[2026-09-24 02:38:56] local.ERROR: The database configuration URL is malformed. {"exception":"[object] (InvalidArgumentException(code: 0): The database configuration URL is malformed. at C:/laragon/www/16Hanynur/vendor/laravel/framework/src/Illuminate/Support/ConfigurationUrlParser.php:148)
[stacktrace]
#0 C:/laragon/www/16Hanynur/vendor/laravel/framework/src/Illuminate/Support/ConfigurationUrlParser.php(51): Illuminate/Support/ConfigurationUrlParser->parseUrl('postgresql://po...')
#1 C:/laragon/www/16Hanynur/vendor/laravel/framework/src/Illuminate/Database/DatabaseManager.php(230): Illuminate/Support/ConfigurationUrlParser->parseConfiguration(Array)
#2 C:/laragon/www/16Hanynur/vendor/laravel/framework/src/Illuminate/Database/DatabaseManager.php(192): Illuminate/Database/DatabaseManager->configuration('pgsql')
#3 C:/laragon/www/16Hanynur/vendor/laravel/framework/src/Illuminate/Database/DatabaseManager.php(103): Illuminate/Database/DatabaseManager->makeConnection('pgsql')
#4 C:/laragon/www/16Hanynur/vendor/laravel/framework/src/Illuminate/Cache/CacheManager.php(200): Illuminate/Database/DatabaseManager->connection('pgsql')
#5 C:/laragon/www/16Hanynur/vendor/laravel/framework/src/Illuminate/Cache/CacheManager.php(148): Illuminate/Cache/CacheManager->createDatabaseDriver(Array)
#6 C:/laragon/www/16Hanynur/vendor/laravel/framework/src/Illuminate/Cache/CacheManager.php(126): Illuminate/Cache/CacheManager->build(Array)
#7 C:/laragon/www/16Hanynur/vendor/laravel/framework/src/Illuminate/Cache/CacheManager.php(69): Illuminate/Cache/CacheManager->resolve('database')
#8 C:/laragon/www/16Hanynur/vendor/laravel/framework/src/Illuminate/Cache/CacheManager.php(80): Illuminate/Cache/CacheManager->store('database')
#9 C:/laragon/www/16Hanynur/vendor/laravel/framework/src/Illuminate/Cache/CacheServiceProvider.php(23): Illuminate/Cache/CacheManager->driver()
#10 C:/laragon/www/16Hanynur/vendor/laravel/framework/src/Illuminate/Container/Container.php(1140): Illuminate/Cache/CacheServiceProvider->{closure:Illuminate/Cache/CacheServiceProvider::register():22}(Object(Illuminate/Foundation/Application), Array)
#11 C:/laragon/www/16Hanynur/vendor/laravel/framework/src/Illuminate/Container/Container.php(939): Illuminate/Container/Container->build(Object(Closure))
#12 C:/laragon/www/16Hanynur/vendor/laravel/framework/src/Illuminate/Foundation/Application.php(1085): Illuminate/Container/Container->resolve('cache.store', Array, true)
#13 C:/laragon/www/16Hanynur/vendor/laravel/framework/src/Illuminate/Container/Container.php(867): Illuminate/Foundation/Application->resolve('cache.store', Array)
#14 C:/laragon/www/16Hanynur/vendor/laravel/framework/src/Illuminate/Foundation/Application.php(1065): Illuminate/Container/Container->make('cache.store', Array)
#15 C:/laragon/www/16Hanynur/vendor/laravel/framework/src/Illuminate/Container/Container.php(1846): Illuminate/Foundation/Application->make('cache.store')
#16 C:/laragon/www/16Hanynur/vendor/laravel/framework/src/Illuminate/Foundation/Providers/ArtisanServiceProvider.php(735): Illuminate/Container/Container->offsetGet('cache.store')
#17 C:/laragon/www/16Hanynur/vendor/laravel/framework/src/Illuminate/Container/Container.php(1140): Illuminate/Foundation/Providers/ArtisanServiceProvider->{closure:Illuminate/Foundation/Providers/ArtisanServiceProvider::registerQueueRestartCommand():734}(Object(Illuminate/Foundation/Application), Array)
#18 C:/laragon/www/16Hanynur/vendor/laravel/framework/src/Illuminate/Container/Container.php(939): Illuminate/Container/Container->build(Object(Closure))
#19 C:/laragon/www/16Hanynur/vendor/laravel/framework/src/Illuminate/Foundation/Application.php(1085): Illuminate/Container/Container->resolve('Illuminate//Queu...', Array, true)
#20 C:/laragon/www/16Hanynur/vendor/laravel/framework/src/Illuminate/Container/Container.php(884): Illuminate/Foundation/Application->resolve('Illuminate//Queu...')
#21 C:/laragon/www/16Hanynur/vendor/laravel/framework/src/Illuminate/Console/ContainerCommandLoader.php(52): Illuminate/Container/Container->get('Illuminate//Queu...')
#22 C:/laragon/www/16Hanynur/vendor/symfony/console/Application.php(664): Illuminate/Console/ContainerCommandLoader->get('queue:restart')
#23 C:/laragon/www/16Hanynur/vendor/symfony/console/Application.php(873): Symfony/Component/Console/Application->has('queue:restart')
#24 C:/laragon/www/16Hanynur/vendor/symfony/console/Descriptor/ApplicationDescription.php(84): Symfony/Component/Console/Application->all(NULL)
#25 C:/laragon/www/16Hanynur/vendor/symfony/console/Descriptor/ApplicationDescription.php(61): Symfony/Component/Console/Descriptor/ApplicationDescription->inspectApplication()
#26 C:/laragon/www/16Hanynur/vendor/symfony/console/Descriptor/TextDescriptor.php(185): Symfony/Component/Console/Descriptor/ApplicationDescription->getCommands()
#27 C:/laragon/www/16Hanynur/vendor/symfony/console/Descriptor/Descriptor.php(40): Symfony/Component/Console/Descriptor/TextDescriptor->describeApplication(Object(Illuminate/Console/Application), Array)
#28 C:/laragon/www/16Hanynur/vendor/symfony/console/Helper/DescriptorHelper.php(67): Symfony/Component/Console/Descriptor/Descriptor->describe(Object(Symfony/Component/Console/Output/ConsoleOutput), Object(Illuminate/Console/Application), Array)
#29 C:/laragon/www/16Hanynur/vendor/symfony/console/Command/ListCommand.php(63): Symfony/Component/Console/Helper/DescriptorHelper->describe(Object(Symfony/Component/Console/Output/ConsoleOutput), Object(Illuminate/Console/Application), Array)
#30 C:/laragon/www/16Hanynur/vendor/symfony/console/Command/Command.php(285): Symfony/Component/Console/Command/ListCommand->execute(Object(Symfony/Component/Console/Input/ArgvInput), Object(Symfony/Component/Console/Output/ConsoleOutput))
#31 C:/laragon/www/16Hanynur/vendor/symfony/console/Application.php(1144): Symfony/Component/Console/Command/Command->run(Object(Symfony/Component/Console/Input/ArgvInput), Object(Symfony/Component/Console/Output/ConsoleOutput))
#32 C:/laragon/www/16Hanynur/vendor/symfony/console/Application.php(379): Symfony/Component/Console/Application->doRunCommand(Object(Symfony/Component/Console/Command/ListCommand), Object(Symfony/Component/Console/Input/ArgvInput), Object(Symfony/Component/Console/Output/ConsoleOutput))
#33 C:/laragon/www/16Hanynur/vendor/symfony/console/Application.php(218): Symfony/Component/Console/Application->doRun(Object(Symfony/Component/Console/Input/ArgvInput), Object(Symfony/Component/Console/Output/ConsoleOutput))
#34 C:/laragon/www/16Hanynur/vendor/laravel/framework/src/Illuminate/Foundation/Console/Kernel.php(198): Symfony/Component/Console/Application->run(Object(Symfony/Component/Console/Input/ArgvInput), Object(Symfony/Component/Console/Output/ConsoleOutput))
#35 Command line code(1): Illuminate/Foundation/Console/Kernel->handle(Object(Symfony/Component/Console/Input/ArgvInput), Object(Symfony/Component/Console/Output/ConsoleOutput))
#36 {main}
"} 
[2026-09-24 02:38:57] local.ERROR: The database configuration URL is malformed. {"exception":"[object] (InvalidArgumentException(code: 0): The database configuration URL is malformed. at C:/laragon/www/16Hanynur/vendor/laravel/framework/src/Illuminate/Support/ConfigurationUrlParser.php:148)
[stacktrace]
#0 C:/laragon/www/16Hanynur/vendor/laravel/framework/src/Illuminate/Support/ConfigurationUrlParser.php(51): Illuminate/Support/ConfigurationUrlParser->parseUrl('postgresql://po...')
#1 C:/laragon/www/16Hanynur/vendor/laravel/framework/src/Illuminate/Database/DatabaseManager.php(230): Illuminate/Support/ConfigurationUrlParser->parseConfiguration(Array)
#2 C:/laragon/www/16Hanynur/vendor/laravel/framework/src/Illuminate/Database/DatabaseManager.php(192): Illuminate/Database/DatabaseManager->configuration('pgsql')
#3 C:/laragon/www/16Hanynur/vendor/laravel/framework/src/Illuminate/Database/DatabaseManager.php(103): Illuminate/Database/DatabaseManager->makeConnection('pgsql')
#4 C:/laragon/www/16Hanynur/vendor/laravel/framework/src/Illuminate/Cache/CacheManager.php(200): Illuminate/Database/DatabaseManager->connection('pgsql')
#5 C:/laragon/www/16Hanynur/vendor/laravel/framework/src/Illuminate/Cache/CacheManager.php(148): Illuminate/Cache/CacheManager->createDatabaseDriver(Array)
#6 C:/laragon/www/16Hanynur/vendor/laravel/framework/src/Illuminate/Cache/CacheManager.php(126): Illuminate/Cache/CacheManager->build(Array)
#7 C:/laragon/www/16Hanynur/vendor/laravel/framework/src/Illuminate/Cache/CacheManager.php(69): Illuminate/Cache/CacheManager->resolve('database')
#8 C:/laragon/www/16Hanynur/vendor/laravel/framework/src/Illuminate/Cache/CacheManager.php(80): Illuminate/Cache/CacheManager->store('database')
#9 C:/laragon/www/16Hanynur/vendor/laravel/framework/src/Illuminate/Cache/CacheServiceProvider.php(23): Illuminate/Cache/CacheManager->driver()
#10 C:/laragon/www/16Hanynur/vendor/laravel/framework/src/Illuminate/Container/Container.php(1140): Illuminate/Cache/CacheServiceProvider->{closure:Illuminate/Cache/CacheServiceProvider::register():22}(Object(Illuminate/Foundation/Application), Array)
#11 C:/laragon/www/16Hanynur/vendor/laravel/framework/src/Illuminate/Container/Container.php(939): Illuminate/Container/Container->build(Object(Closure))
#12 C:/laragon/www/16Hanynur/vendor/laravel/framework/src/Illuminate/Foundation/Application.php(1085): Illuminate/Container/Container->resolve('cache.store', Array, true)
#13 C:/laragon/www/16Hanynur/vendor/laravel/framework/src/Illuminate/Container/Container.php(867): Illuminate/Foundation/Application->resolve('cache.store', Array)
#14 C:/laragon/www/16Hanynur/vendor/laravel/framework/src/Illuminate/Foundation/Application.php(1065): Illuminate/Container/Container->make('cache.store', Array)
#15 C:/laragon/www/16Hanynur/vendor/laravel/framework/src/Illuminate/Container/Container.php(1846): Illuminate/Foundation/Application->make('cache.store')
#16 C:/laragon/www/16Hanynur/vendor/laravel/framework/src/Illuminate/Foundation/Providers/ArtisanServiceProvider.php(735): Illuminate/Container/Container->offsetGet('cache.store')
#17 C:/laragon/www/16Hanynur/vendor/laravel/framework/src/Illuminate/Container/Container.php(1140): Illuminate/Foundation/Providers/ArtisanServiceProvider->{closure:Illuminate/Foundation/Providers/ArtisanServiceProvider::registerQueueRestartCommand():734}(Object(Illuminate/Foundation/Application), Array)
#18 C:/laragon/www/16Hanynur/vendor/laravel/framework/src/Illuminate/Container/Container.php(939): Illuminate/Container/Container->build(Object(Closure))
#19 C:/laragon/www/16Hanynur/vendor/laravel/framework/src/Illuminate/Foundation/Application.php(1085): Illuminate/Container/Container->resolve('Illuminate//Queu...', Array, true)
#20 C:/laragon/www/16Hanynur/vendor/laravel/framework/src/Illuminate/Container/Container.php(884): Illuminate/Foundation/Application->resolve('Illuminate//Queu...')
#21 C:/laragon/www/16Hanynur/vendor/laravel/framework/src/Illuminate/Console/ContainerCommandLoader.php(52): Illuminate/Container/Container->get('Illuminate//Queu...')
#22 C:/laragon/www/16Hanynur/vendor/symfony/console/Application.php(664): Illuminate/Console/ContainerCommandLoader->get('queue:restart')
#23 C:/laragon/www/16Hanynur/vendor/symfony/console/Application.php(873): Symfony/Component/Console/Application->has('queue:restart')
#24 C:/laragon/www/16Hanynur/vendor/symfony/console/Descriptor/ApplicationDescription.php(84): Symfony/Component/Console/Application->all(NULL)
#25 C:/laragon/www/16Hanynur/vendor/symfony/console/Descriptor/ApplicationDescription.php(61): Symfony/Component/Console/Descriptor/ApplicationDescription->inspectApplication()
#26 C:/laragon/www/16Hanynur/vendor/symfony/console/Descriptor/TextDescriptor.php(185): Symfony/Component/Console/Descriptor/ApplicationDescription->getCommands()
#27 C:/laragon/www/16Hanynur/vendor/symfony/console/Descriptor/Descriptor.php(40): Symfony/Component/Console/Descriptor/TextDescriptor->describeApplication(Object(Illuminate/Console/Application), Array)
#28 C:/laragon/www/16Hanynur/vendor/symfony/console/Helper/DescriptorHelper.php(67): Symfony/Component/Console/Descriptor/Descriptor->describe(Object(Symfony/Component/Console/Output/ConsoleOutput), Object(Illuminate/Console/Application), Array)
#29 C:/laragon/www/16Hanynur/vendor/symfony/console/Command/ListCommand.php(63): Symfony/Component/Console/Helper/DescriptorHelper->describe(Object(Symfony/Component/Console/Output/ConsoleOutput), Object(Illuminate/Console/Application), Array)
#30 C:/laragon/www/16Hanynur/vendor/symfony/console/Command/Command.php(285): Symfony/Component/Console/Command/ListCommand->execute(Object(Symfony/Component/Console/Input/ArgvInput), Object(Symfony/Component/Console/Output/ConsoleOutput))
#31 C:/laragon/www/16Hanynur/vendor/symfony/console/Application.php(1144): Symfony/Component/Console/Command/Command->run(Object(Symfony/Component/Console/Input/ArgvInput), Object(Symfony/Component/Console/Output/ConsoleOutput))
#32 C:/laragon/www/16Hanynur/vendor/symfony/console/Application.php(379): Symfony/Component/Console/Application->doRunCommand(Object(Symfony/Component/Console/Command/ListCommand), Object(Symfony/Component/Console/Input/ArgvInput), Object(Symfony/Component/Console/Output/ConsoleOutput))
#33 C:/laragon/www/16Hanynur/vendor/symfony/console/Application.php(218): Symfony/Component/Console/Application->doRun(Object(Symfony/Component/Console/Input/ArgvInput), Object(Symfony/Component/Console/Output/ConsoleOutput))
#34 C:/laragon/www/16Hanynur/vendor/laravel/framework/src/Illuminate/Foundation/Console/Kernel.php(198): Symfony/Component/Console/Application->run(Object(Symfony/Component/Console/Input/ArgvInput), Object(Symfony/Component/Console/Output/ConsoleOutput))
#35 Command line code(1): Illuminate/Foundation/Console/Kernel->handle(Object(Symfony/Component/Console/Input/ArgvInput), Object(Symfony/Component/Console/Output/ConsoleOutput))
#36 {main}
"} 
[2026-09-24 03:03:18] local.ERROR: Command "server" is not defined.

Did you mean one of these?
    make:observer
    serve {"exception":"[object] (Symfony\\Component\\Console\\Exception\\CommandNotFoundException(code: 0): Command \"server\" is not defined.

Did you mean one of these?
    make:observer
    serve at C:/laragon/www/16Hanynur/vendor/symfony/console/Application.php:785)
[stacktrace]
#0 C:/laragon/www/16Hanynur/vendor/symfony/console/Application.php(321): Symfony/Component/Console/Application->find('server')
#1 C:/laragon/www/16Hanynur/vendor/symfony/console/Application.php(218): Symfony/Component/Console/Application->doRun(Object(Symfony/Component/Console/Input/ArgvInput), Object(Symfony/Component/Console/Output/ConsoleOutput))
#2 C:/laragon/www/16Hanynur/vendor/laravel/framework/src/Illuminate/Foundation/Console/Kernel.php(198): Symfony/Component/Console/Application->run(Object(Symfony/Component/Console/Input/ArgvInput), Object(Symfony/Component/Console/Output/ConsoleOutput))
#3 C:/laragon/www/16Hanynur/vendor/laravel/framework/src/Illuminate/Foundation/Application.php(1242): Illuminate/Foundation/Console/Kernel->handle(Object(Symfony/Component/Console/Input/ArgvInput), Object(Symfony/Component/Console/Output/ConsoleOutput))
#4 C:/laragon/www/16Hanynur/artisan(16): Illuminate/Foundation/Application->handleCommand(Object(Symfony/Component/Console/Input/ArgvInput))
#5 {main}
"} 
[2026-09-24 03:32:59] local.ERROR: Target class [App\Http\Controllers\API\V1\UserController] does not exist. {"exception":"[object] (Illuminate\\Contracts\\Container\\BindingResolutionException(code: 0): Target class [App\\Http\\Controllers\\API\\V1\\UserController] does not exist. at C:/laragon/www/16Hanynur/vendor/laravel/framework/src/Illuminate/Container/Container.php:1149)
[stacktrace]
#0 C:/laragon/www/16Hanynur/vendor/laravel/framework/src/Illuminate/Container/Container.php(939): Illuminate/Container/Container->build('App//Http//Contro...')
#1 C:/laragon/www/16Hanynur/vendor/laravel/framework/src/Illuminate/Foundation/Application.php(1085): Illuminate/Container/Container->resolve('App//Http//Contro...', Array, true)
#2 C:/laragon/www/16Hanynur/vendor/laravel/framework/src/Illuminate/Container/Container.php(867): Illuminate/Foundation/Application->resolve('App//Http//Contro...', Array)
#3 C:/laragon/www/16Hanynur/vendor/laravel/framework/src/Illuminate/Foundation/Application.php(1065): Illuminate/Container/Container->make('App//Http//Contro...', Array)
#4 C:/laragon/www/16Hanynur/vendor/laravel/framework/src/Illuminate/Routing/Route.php(297): Illuminate/Foundation/Application->make('App//Http//Contro...')
#5 C:/laragon/www/16Hanynur/vendor/laravel/framework/src/Illuminate/Routing/Route.php(277): Illuminate/Routing/Route->getController()
#6 C:/laragon/www/16Hanynur/vendor/laravel/framework/src/Illuminate/Routing/Route.php(216): Illuminate/Routing/Route->runController()
#7 C:/laragon/www/16Hanynur/vendor/laravel/framework/src/Illuminate/Routing/Router.php(822): Illuminate/Routing/Route->run()
#8 C:/laragon/www/16Hanynur/vendor/laravel/framework/src/Illuminate/Pipeline/Pipeline.php(180): Illuminate/Routing/Router->{closure:Illuminate/Routing/Router::runRouteWithinStack():821}(Object(Illuminate/Http/Request))
#9 C:/laragon/www/16Hanynur/vendor/laravel/framework/src/Illuminate/Routing/Middleware/SubstituteBindings.php(52): Illuminate/Pipeline/Pipeline->{closure:Illuminate/Pipeline/Pipeline::prepareDestination():178}(Object(Illuminate/Http/Request))
#10 C:/laragon/www/16Hanynur/vendor/laravel/framework/src/Illuminate/Pipeline/Pipeline.php(219): Illuminate/Routing/Middleware/SubstituteBindings->handle(Object(Illuminate/Http/Request), Object(Closure))
#11 C:/laragon/www/16Hanynur/vendor/laravel/framework/src/Illuminate/Pipeline/Pipeline.php(137): Illuminate/Pipeline/Pipeline->{closure:{closure:Illuminate/Pipeline/Pipeline::carry():194}:195}(Object(Illuminate/Http/Request))
#12 C:/laragon/www/16Hanynur/vendor/laravel/framework/src/Illuminate/Routing/Router.php(821): Illuminate/Pipeline/Pipeline->then(Object(Closure))
#13 C:/laragon/www/16Hanynur/vendor/laravel/framework/src/Illuminate/Routing/Router.php(800): Illuminate/Routing/Router->runRouteWithinStack(Object(Illuminate/Routing/Route), Object(Illuminate/Http/Request))
#14 C:/laragon/www/16Hanynur/vendor/laravel/framework/src/Illuminate/Routing/Router.php(764): Illuminate/Routing/Router->runRoute(Object(Illuminate/Http/Request), Object(Illuminate/Routing/Route))
#15 C:/laragon/www/16Hanynur/vendor/laravel/framework/src/Illuminate/Routing/Router.php(753): Illuminate/Routing/Router->dispatchToRoute(Object(Illuminate/Http/Request))
#16 C:/laragon/www/16Hanynur/vendor/laravel/framework/src/Illuminate/Foundation/Http/Kernel.php(200): Illuminate/Routing/Router->dispatch(Object(Illuminate/Http/Request))
#17 C:/laragon/www/16Hanynur/vendor/laravel/framework/src/Illuminate/Pipeline/Pipeline.php(180): Illuminate/Foundation/Http/Kernel->{closure:Illuminate/Foundation/Http/Kernel::dispatchToRouter():197}(Object(Illuminate/Http/Request))
#18 C:/laragon/www/16Hanynur/vendor/laravel/framework/src/Illuminate/Foundation/Http/Middleware/TransformsRequest.php(21): Illuminate/Pipeline/Pipeline->{closure:Illuminate/Pipeline/Pipeline::prepareDestination():178}(Object(Illuminate/Http/Request))
#19 C:/laragon/www/16Hanynur/vendor/laravel/framework/src/Illuminate/Foundation/Http/Middleware/ConvertEmptyStringsToNull.php(31): Illuminate/Foundation/Http/Middleware/TransformsRequest->handle(Object(Illuminate/Http/Request), Object(Closure))
#20 C:/laragon/www/16Hanynur/vendor/laravel/framework/src/Illuminate/Pipeline/Pipeline.php(219): Illuminate/Foundation/Http/Middleware/ConvertEmptyStringsToNull->handle(Object(Illuminate/Http/Request), Object(Closure))
#21 C:/laragon/www/16Hanynur/vendor/laravel/framework/src/Illuminate/Foundation/Http/Middleware/TransformsRequest.php(21): Illuminate/Pipeline/Pipeline->{closure:{closure:Illuminate/Pipeline/Pipeline::carry():194}:195}(Object(Illuminate/Http/Request))
#22 C:/laragon/www/16Hanynur/vendor/laravel/framework/src/Illuminate/Foundation/Http/Middleware/TrimStrings.php(51): Illuminate/Foundation/Http/Middleware/TransformsRequest->handle(Object(Illuminate/Http/Request), Object(Closure))
#23 C:/laragon/www/16Hanynur/vendor/laravel/framework/src/Illuminate/Pipeline/Pipeline.php(219): Illuminate/Foundation/Http/Middleware/TrimStrings->handle(Object(Illuminate/Http/Request), Object(Closure))
#24 C:/laragon/www/16Hanynur/vendor/laravel/framework/src/Illuminate/Http/Middleware/ValidatePostSize.php(27): Illuminate/Pipeline/Pipeline->{closure:{closure:Illuminate/Pipeline/Pipeline::carry():194}:195}(Object(Illuminate/Http/Request))
#25 C:/laragon/www/16Hanynur/vendor/laravel/framework/src/Illuminate/Pipeline/Pipeline.php(219): Illuminate/Http/Middleware/ValidatePostSize->handle(Object(Illuminate/Http/Request), Object(Closure))
#26 C:/laragon/www/16Hanynur/vendor/laravel/framework/src/Illuminate/Foundation/Http/Middleware/PreventRequestsDuringMaintenance.php(110): Illuminate/Pipeline/Pipeline->{closure:{closure:Illuminate/Pipeline/Pipeline::carry():194}:195}(Object(Illuminate/Http/Request))
#27 C:/laragon/www/16Hanynur/vendor/laravel/framework/src/Illuminate/Pipeline/Pipeline.php(219): Illuminate/Foundation/Http/Middleware/PreventRequestsDuringMaintenance->handle(Object(Illuminate/Http/Request), Object(Closure))
#28 C:/laragon/www/16Hanynur/vendor/laravel/framework/src/Illuminate/Http/Middleware/HandleCors.php(74): Illuminate/Pipeline/Pipeline->{closure:{closure:Illuminate/Pipeline/Pipeline::carry():194}:195}(Object(Illuminate/Http/Request))
#29 C:/laragon/www/16Hanynur/vendor/laravel/framework/src/Illuminate/Pipeline/Pipeline.php(219): Illuminate/Http/Middleware/HandleCors->handle(Object(Illuminate/Http/Request), Object(Closure))
#30 C:/laragon/www/16Hanynur/vendor/laravel/framework/src/Illuminate/Http/Middleware/TrustProxies.php(58): Illuminate/Pipeline/Pipeline->{closure:{closure:Illuminate/Pipeline/Pipeline::carry():194}:195}(Object(Illuminate/Http/Request))
#31 C:/laragon/www/16Hanynur/vendor/laravel/framework/src/Illuminate/Pipeline/Pipeline.php(219): Illuminate/Http/Middleware/TrustProxies->handle(Object(Illuminate/Http/Request), Object(Closure))
#32 C:/laragon/www/16Hanynur/vendor/laravel/framework/src/Illuminate/Foundation/Http/Middleware/InvokeDeferredCallbacks.php(22): Illuminate/Pipeline/Pipeline->{closure:{closure:Illuminate/Pipeline/Pipeline::carry():194}:195}(Object(Illuminate/Http/Request))
#33 C:/laragon/www/16Hanynur/vendor/laravel/framework/src/Illuminate/Pipeline/Pipeline.php(219): Illuminate/Foundation/Http/Middleware/InvokeDeferredCallbacks->handle(Object(Illuminate/Http/Request), Object(Closure))
#34 C:/laragon/www/16Hanynur/vendor/laravel/framework/src/Illuminate/Http/Middleware/ValidatePathEncoding.php(28): Illuminate/Pipeline/Pipeline->{closure:{closure:Illuminate/Pipeline/Pipeline::carry():194}:195}(Object(Illuminate/Http/Request))
#35 C:/laragon/www/16Hanynur/vendor/laravel/framework/src/Illuminate/Pipeline/Pipeline.php(219): Illuminate/Http/Middleware/ValidatePathEncoding->handle(Object(Illuminate/Http/Request), Object(Closure))
#36 C:/laragon/www/16Hanynur/vendor/laravel/framework/src/Illuminate/Pipeline/Pipeline.php(137): Illuminate/Pipeline/Pipeline->{closure:{closure:Illuminate/Pipeline/Pipeline::carry():194}:195}(Object(Illuminate/Http/Request))
#37 C:/laragon/www/16Hanynur/vendor/laravel/framework/src/Illuminate/Foundation/Http/Kernel.php(175): Illuminate/Pipeline/Pipeline->then(Object(Closure))
#38 C:/laragon/www/16Hanynur/vendor/laravel/framework/src/Illuminate/Foundation/Http/Kernel.php(144): Illuminate/Foundation/Http/Kernel->sendRequestThroughRouter(Object(Illuminate/Http/Request))
#39 C:/laragon/www/16Hanynur/vendor/laravel/framework/src/Illuminate/Foundation/Application.php(1227): Illuminate/Foundation/Http/Kernel->handle(Object(Illuminate/Http/Request))
#40 C:/laragon/www/16Hanynur/public/index.php(20): Illuminate/Foundation/Application->handleRequest(Object(Illuminate/Http/Request))
#41 C:/laragon/www/16Hanynur/vendor/laravel/framework/src/Illuminate/Foundation/resources/server.php(23): require_once('C://laragon//www//...')
#42 {main}

[previous exception] [object] (ReflectionException(code: -1): Class \"App\\Http\\Controllers\\API\\V1\\UserController\" does not exist at C:/laragon/www/16Hanynur/vendor/laravel/framework/src/Illuminate/Container/Container.php:1147)
[stacktrace]
#0 C:/laragon/www/16Hanynur/vendor/laravel/framework/src/Illuminate/Container/Container.php(1147): ReflectionClass->__construct('App//Http//Contro...')
#1 C:/laragon/www/16Hanynur/vendor/laravel/framework/src/Illuminate/Container/Container.php(939): Illuminate/Container/Container->build('App//Http//Contro...')
#2 C:/laragon/www/16Hanynur/vendor/laravel/framework/src/Illuminate/Foundation/Application.php(1085): Illuminate/Container/Container->resolve('App//Http//Contro...', Array, true)
#3 C:/laragon/www/16Hanynur/vendor/laravel/framework/src/Illuminate/Container/Container.php(867): Illuminate/Foundation/Application->resolve('App//Http//Contro...', Array)
#4 C:/laragon/www/16Hanynur/vendor/laravel/framework/src/Illuminate/Foundation/Application.php(1065): Illuminate/Container/Container->make('App//Http//Contro...', Array)
#5 C:/laragon/www/16Hanynur/vendor/laravel/framework/src/Illuminate/Routing/Route.php(297): Illuminate/Foundation/Application->make('App//Http//Contro...')
#6 C:/laragon/www/16Hanynur/vendor/laravel/framework/src/Illuminate/Routing/Route.php(277): Illuminate/Routing/Route->getController()
#7 C:/laragon/www/16Hanynur/vendor/laravel/framework/src/Illuminate/Routing/Route.php(216): Illuminate/Routing/Route->runController()
#8 C:/laragon/www/16Hanynur/vendor/laravel/framework/src/Illuminate/Routing/Router.php(822): Illuminate/Routing/Route->run()
#9 C:/laragon/www/16Hanynur/vendor/laravel/framework/src/Illuminate/Pipeline/Pipeline.php(180): Illuminate/Routing/Router->{closure:Illuminate/Routing/Router::runRouteWithinStack():821}(Object(Illuminate/Http/Request))
#10 C:/laragon/www/16Hanynur/vendor/laravel/framework/src/Illuminate/Routing/Middleware/SubstituteBindings.php(52): Illuminate/Pipeline/Pipeline->{closure:Illuminate/Pipeline/Pipeline::prepareDestination():178}(Object(Illuminate/Http/Request))
#11 C:/laragon/www/16Hanynur/vendor/laravel/framework/src/Illuminate/Pipeline/Pipeline.php(219): Illuminate/Routing/Middleware/SubstituteBindings->handle(Object(Illuminate/Http/Request), Object(Closure))
#12 C:/laragon/www/16Hanynur/vendor/laravel/framework/src/Illuminate/Pipeline/Pipeline.php(137): Illuminate/Pipeline/Pipeline->{closure:{closure:Illuminate/Pipeline/Pipeline::carry():194}:195}(Object(Illuminate/Http/Request))
#13 C:/laragon/www/16Hanynur/vendor/laravel/framework/src/Illuminate/Routing/Router.php(821): Illuminate/Pipeline/Pipeline->then(Object(Closure))
#14 C:/laragon/www/16Hanynur/vendor/laravel/framework/src/Illuminate/Routing/Router.php(800): Illuminate/Routing/Router->runRouteWithinStack(Object(Illuminate/Routing/Route), Object(Illuminate/Http/Request))
#15 C:/laragon/www/16Hanynur/vendor/laravel/framework/src/Illuminate/Routing/Router.php(764): Illuminate/Routing/Router->runRoute(Object(Illuminate/Http/Request), Object(Illuminate/Routing/Route))
#16 C:/laragon/www/16Hanynur/vendor/laravel/framework/src/Illuminate/Routing/Router.php(753): Illuminate/Routing/Router->dispatchToRoute(Object(Illuminate/Http/Request))
#17 C:/laragon/www/16Hanynur/vendor/laravel/framework/src/Illuminate/Foundation/Http/Kernel.php(200): Illuminate/Routing/Router->dispatch(Object(Illuminate/Http/Request))
#18 C:/laragon/www/16Hanynur/vendor/laravel/framework/src/Illuminate/Pipeline/Pipeline.php(180): Illuminate/Foundation/Http/Kernel->{closure:Illuminate/Foundation/Http/Kernel::dispatchToRouter():197}(Object(Illuminate/Http/Request))
#19 C:/laragon/www/16Hanynur/vendor/laravel/framework/src/Illuminate/Foundation/Http/Middleware/TransformsRequest.php(21): Illuminate/Pipeline/Pipeline->{closure:Illuminate/Pipeline/Pipeline::prepareDestination():178}(Object(Illuminate/Http/Request))
#20 C:/laragon/www/16Hanynur/vendor/laravel/framework/src/Illuminate/Foundation/Http/Middleware/ConvertEmptyStringsToNull.php(31): Illuminate/Foundation/Http/Middleware/TransformsRequest->handle(Object(Illuminate/Http/Request), Object(Closure))
#21 C:/laragon/www/16Hanynur/vendor/laravel/framework/src/Illuminate/Pipeline/Pipeline.php(219): Illuminate/Foundation/Http/Middleware/ConvertEmptyStringsToNull->handle(Object(Illuminate/Http/Request), Object(Closure))
#22 C:/laragon/www/16Hanynur/vendor/laravel/framework/src/Illuminate/Foundation/Http/Middleware/TransformsRequest.php(21): Illuminate/Pipeline/Pipeline->{closure:{closure:Illuminate/Pipeline/Pipeline::carry():194}:195}(Object(Illuminate/Http/Request))
#23 C:/laragon/www/16Hanynur/vendor/laravel/framework/src/Illuminate/Foundation/Http/Middleware/TrimStrings.php(51): Illuminate/Foundation/Http/Middleware/TransformsRequest->handle(Object(Illuminate/Http/Request), Object(Closure))
#24 C:/laragon/www/16Hanynur/vendor/laravel/framework/src/Illuminate/Pipeline/Pipeline.php(219): Illuminate/Foundation/Http/Middleware/TrimStrings->handle(Object(Illuminate/Http/Request), Object(Closure))
#25 C:/laragon/www/16Hanynur/vendor/laravel/framework/src/Illuminate/Http/Middleware/ValidatePostSize.php(27): Illuminate/Pipeline/Pipeline->{closure:{closure:Illuminate/Pipeline/Pipeline::carry():194}:195}(Object(Illuminate/Http/Request))
#26 C:/laragon/www/16Hanynur/vendor/laravel/framework/src/Illuminate/Pipeline/Pipeline.php(219): Illuminate/Http/Middleware/ValidatePostSize->handle(Object(Illuminate/Http/Request), Object(Closure))
#27 C:/laragon/www/16Hanynur/vendor/laravel/framework/src/Illuminate/Foundation/Http/Middleware/PreventRequestsDuringMaintenance.php(110): Illuminate/Pipeline/Pipeline->{closure:{closure:Illuminate/Pipeline/Pipeline::carry():194}:195}(Object(Illuminate/Http/Request))
#28 C:/laragon/www/16Hanynur/vendor/laravel/framework/src/Illuminate/Pipeline/Pipeline.php(219): Illuminate/Foundation/Http/Middleware/PreventRequestsDuringMaintenance->handle(Object(Illuminate/Http/Request), Object(Closure))
#29 C:/laragon/www/16Hanynur/vendor/laravel/framework/src/Illuminate/Http/Middleware/HandleCors.php(74): Illuminate/Pipeline/Pipeline->{closure:{closure:Illuminate/Pipeline/Pipeline::carry():194}:195}(Object(Illuminate/Http/Request))
#30 C:/laragon/www/16Hanynur/vendor/laravel/framework/src/Illuminate/Pipeline/Pipeline.php(219): Illuminate/Http/Middleware/HandleCors->handle(Object(Illuminate/Http/Request), Object(Closure))
#31 C:/laragon/www/16Hanynur/vendor/laravel/framework/src/Illuminate/Http/Middleware/TrustProxies.php(58): Illuminate/Pipeline/Pipeline->{closure:{closure:Illuminate/Pipeline/Pipeline::carry():194}:195}(Object(Illuminate/Http/Request))
#32 C:/laragon/www/16Hanynur/vendor/laravel/framework/src/Illuminate/Pipeline/Pipeline.php(219): Illuminate/Http/Middleware/TrustProxies->handle(Object(Illuminate/Http/Request), Object(Closure))
#33 C:/laragon/www/16Hanynur/vendor/laravel/framework/src/Illuminate/Foundation/Http/Middleware/InvokeDeferredCallbacks.php(22): Illuminate/Pipeline/Pipeline->{closure:{closure:Illuminate/Pipeline/Pipeline::carry():194}:195}(Object(Illuminate/Http/Request))
#34 C:/laragon/www/16Hanynur/vendor/laravel/framework/src/Illuminate/Pipeline/Pipeline.php(219): Illuminate/Foundation/Http/Middleware/InvokeDeferredCallbacks->handle(Object(Illuminate/Http/Request), Object(Closure))
#35 C:/laragon/www/16Hanynur/vendor/laravel/framework/src/Illuminate/Http/Middleware/ValidatePathEncoding.php(28): Illuminate/Pipeline/Pipeline->{closure:{closure:Illuminate/Pipeline/Pipeline::carry():194}:195}(Object(Illuminate/Http/Request))
#36 C:/laragon/www/16Hanynur/vendor/laravel/framework/src/Illuminate/Pipeline/Pipeline.php(219): Illuminate/Http/Middleware/ValidatePathEncoding->handle(Object(Illuminate/Http/Request), Object(Closure))
#37 C:/laragon/www/16Hanynur/vendor/laravel/framework/src/Illuminate/Pipeline/Pipeline.php(137): Illuminate/Pipeline/Pipeline->{closure:{closure:Illuminate/Pipeline/Pipeline::carry():194}:195}(Object(Illuminate/Http/Request))
#38 C:/laragon/www/16Hanynur/vendor/laravel/framework/src/Illuminate/Foundation/Http/Kernel.php(175): Illuminate/Pipeline/Pipeline->then(Object(Closure))
#39 C:/laragon/www/16Hanynur/vendor/laravel/framework/src/Illuminate/Foundation/Http/Kernel.php(144): Illuminate/Foundation/Http/Kernel->sendRequestThroughRouter(Object(Illuminate/Http/Request))
#40 C:/laragon/www/16Hanynur/vendor/laravel/framework/src/Illuminate/Foundation/Application.php(1227): Illuminate/Foundation/Http/Kernel->handle(Object(Illuminate/Http/Request))
#41 C:/laragon/www/16Hanynur/public/index.php(20): Illuminate/Foundation/Application->handleRequest(Object(Illuminate/Http/Request))
#42 C:/laragon/www/16Hanynur/vendor/laravel/framework/src/Illuminate/Foundation/resources/server.php(23): require_once('C://laragon//www//...')
#43 {main}
"} 
[2026-09-24 03:33:28] local.ERROR: Route [login] not defined. {"exception":"[object] (Symfony\\Component\\Routing\\Exception\\RouteNotFoundException(code: 0): Route [login] not defined. at C:/laragon/www/16Hanynur/vendor/laravel/framework/src/Illuminate/Routing/UrlGenerator.php:542)
[stacktrace]
#0 C:/laragon/www/16Hanynur/vendor/laravel/framework/src/Illuminate/Foundation/helpers.php(870): Illuminate/Routing/UrlGenerator->route('login', Array, true)
#1 C:/laragon/www/16Hanynur/vendor/laravel/framework/src/Illuminate/Foundation/Configuration/ApplicationBuilder.php(291): route('login')
#2 [internal function]: Illuminate/Foundation/Configuration/ApplicationBuilder->{closure:{closure:Illuminate/Foundation/Configuration/ApplicationBuilder::withMiddleware():289}:291}(Object(Illuminate/Http/Request))
#3 C:/laragon/www/16Hanynur/vendor/laravel/framework/src/Illuminate/Auth/Middleware/Authenticate.php(117): call_user_func(Object(Closure), Object(Illuminate/Http/Request))
#4 C:/laragon/www/16Hanynur/vendor/laravel/framework/src/Illuminate/Auth/Middleware/Authenticate.php(104): Illuminate/Auth/Middleware/Authenticate->redirectTo(Object(Illuminate/Http/Request))
#5 C:/laragon/www/16Hanynur/vendor/laravel/framework/src/Illuminate/Auth/Middleware/Authenticate.php(87): Illuminate/Auth/Middleware/Authenticate->unauthenticated(Object(Illuminate/Http/Request), Array)
#6 C:/laragon/www/16Hanynur/vendor/laravel/framework/src/Illuminate/Auth/Middleware/Authenticate.php(61): Illuminate/Auth/Middleware/Authenticate->authenticate(Object(Illuminate/Http/Request), Array)
#7 C:/laragon/www/16Hanynur/vendor/laravel/framework/src/Illuminate/Pipeline/Pipeline.php(219): Illuminate/Auth/Middleware/Authenticate->handle(Object(Illuminate/Http/Request), Object(Closure), 'sanctum')
#8 C:/laragon/www/16Hanynur/vendor/laravel/framework/src/Illuminate/Pipeline/Pipeline.php(137): Illuminate/Pipeline/Pipeline->{closure:{closure:Illuminate/Pipeline/Pipeline::carry():194}:195}(Object(Illuminate/Http/Request))
#9 C:/laragon/www/16Hanynur/vendor/laravel/framework/src/Illuminate/Routing/Router.php(821): Illuminate/Pipeline/Pipeline->then(Object(Closure))
#10 C:/laragon/www/16Hanynur/vendor/laravel/framework/src/Illuminate/Routing/Router.php(800): Illuminate/Routing/Router->runRouteWithinStack(Object(Illuminate/Routing/Route), Object(Illuminate/Http/Request))
#11 C:/laragon/www/16Hanynur/vendor/laravel/framework/src/Illuminate/Routing/Router.php(764): Illuminate/Routing/Router->runRoute(Object(Illuminate/Http/Request), Object(Illuminate/Routing/Route))
#12 C:/laragon/www/16Hanynur/vendor/laravel/framework/src/Illuminate/Routing/Router.php(753): Illuminate/Routing/Router->dispatchToRoute(Object(Illuminate/Http/Request))
#13 C:/laragon/www/16Hanynur/vendor/laravel/framework/src/Illuminate/Foundation/Http/Kernel.php(200): Illuminate/Routing/Router->dispatch(Object(Illuminate/Http/Request))
#14 C:/laragon/www/16Hanynur/vendor/laravel/framework/src/Illuminate/Pipeline/Pipeline.php(180): Illuminate/Foundation/Http/Kernel->{closure:Illuminate/Foundation/Http/Kernel::dispatchToRouter():197}(Object(Illuminate/Http/Request))
#15 C:/laragon/www/16Hanynur/vendor/laravel/framework/src/Illuminate/Foundation/Http/Middleware/TransformsRequest.php(21): Illuminate/Pipeline/Pipeline->{closure:Illuminate/Pipeline/Pipeline::prepareDestination():178}(Object(Illuminate/Http/Request))
#16 C:/laragon/www/16Hanynur/vendor/laravel/framework/src/Illuminate/Foundation/Http/Middleware/ConvertEmptyStringsToNull.php(31): Illuminate/Foundation/Http/Middleware/TransformsRequest->handle(Object(Illuminate/Http/Request), Object(Closure))
#17 C:/laragon/www/16Hanynur/vendor/laravel/framework/src/Illuminate/Pipeline/Pipeline.php(219): Illuminate/Foundation/Http/Middleware/ConvertEmptyStringsToNull->handle(Object(Illuminate/Http/Request), Object(Closure))
#18 C:/laragon/www/16Hanynur/vendor/laravel/framework/src/Illuminate/Foundation/Http/Middleware/TransformsRequest.php(21): Illuminate/Pipeline/Pipeline->{closure:{closure:Illuminate/Pipeline/Pipeline::carry():194}:195}(Object(Illuminate/Http/Request))
#19 C:/laragon/www/16Hanynur/vendor/laravel/framework/src/Illuminate/Foundation/Http/Middleware/TrimStrings.php(51): Illuminate/Foundation/Http/Middleware/TransformsRequest->handle(Object(Illuminate/Http/Request), Object(Closure))
#20 C:/laragon/www/16Hanynur/vendor/laravel/framework/src/Illuminate/Pipeline/Pipeline.php(219): Illuminate/Foundation/Http/Middleware/TrimStrings->handle(Object(Illuminate/Http/Request), Object(Closure))
#21 C:/laragon/www/16Hanynur/vendor/laravel/framework/src/Illuminate/Http/Middleware/ValidatePostSize.php(27): Illuminate/Pipeline/Pipeline->{closure:{closure:Illuminate/Pipeline/Pipeline::carry():194}:195}(Object(Illuminate/Http/Request))
#22 C:/laragon/www/16Hanynur/vendor/laravel/framework/src/Illuminate/Pipeline/Pipeline.php(219): Illuminate/Http/Middleware/ValidatePostSize->handle(Object(Illuminate/Http/Request), Object(Closure))
#23 C:/laragon/www/16Hanynur/vendor/laravel/framework/src/Illuminate/Foundation/Http/Middleware/PreventRequestsDuringMaintenance.php(110): Illuminate/Pipeline/Pipeline->{closure:{closure:Illuminate/Pipeline/Pipeline::carry():194}:195}(Object(Illuminate/Http/Request))
#24 C:/laragon/www/16Hanynur/vendor/laravel/framework/src/Illuminate/Pipeline/Pipeline.php(219): Illuminate/Foundation/Http/Middleware/PreventRequestsDuringMaintenance->handle(Object(Illuminate/Http/Request), Object(Closure))
#25 C:/laragon/www/16Hanynur/vendor/laravel/framework/src/Illuminate/Http/Middleware/HandleCors.php(74): Illuminate/Pipeline/Pipeline->{closure:{closure:Illuminate/Pipeline/Pipeline::carry():194}:195}(Object(Illuminate/Http/Request))
#26 C:/laragon/www/16Hanynur/vendor/laravel/framework/src/Illuminate/Pipeline/Pipeline.php(219): Illuminate/Http/Middleware/HandleCors->handle(Object(Illuminate/Http/Request), Object(Closure))
#27 C:/laragon/www/16Hanynur/vendor/laravel/framework/src/Illuminate/Http/Middleware/TrustProxies.php(58): Illuminate/Pipeline/Pipeline->{closure:{closure:Illuminate/Pipeline/Pipeline::carry():194}:195}(Object(Illuminate/Http/Request))
#28 C:/laragon/www/16Hanynur/vendor/laravel/framework/src/Illuminate/Pipeline/Pipeline.php(219): Illuminate/Http/Middleware/TrustProxies->handle(Object(Illuminate/Http/Request), Object(Closure))
#29 C:/laragon/www/16Hanynur/vendor/laravel/framework/src/Illuminate/Foundation/Http/Middleware/InvokeDeferredCallbacks.php(22): Illuminate/Pipeline/Pipeline->{closure:{closure:Illuminate/Pipeline/Pipeline::carry():194}:195}(Object(Illuminate/Http/Request))
#30 C:/laragon/www/16Hanynur/vendor/laravel/framework/src/Illuminate/Pipeline/Pipeline.php(219): Illuminate/Foundation/Http/Middleware/InvokeDeferredCallbacks->handle(Object(Illuminate/Http/Request), Object(Closure))
#31 C:/laragon/www/16Hanynur/vendor/laravel/framework/src/Illuminate/Http/Middleware/ValidatePathEncoding.php(28): Illuminate/Pipeline/Pipeline->{closure:{closure:Illuminate/Pipeline/Pipeline::carry():194}:195}(Object(Illuminate/Http/Request))
#32 C:/laragon/www/16Hanynur/vendor/laravel/framework/src/Illuminate/Pipeline/Pipeline.php(219): Illuminate/Http/Middleware/ValidatePathEncoding->handle(Object(Illuminate/Http/Request), Object(Closure))
#33 C:/laragon/www/16Hanynur/vendor/laravel/framework/src/Illuminate/Pipeline/Pipeline.php(137): Illuminate/Pipeline/Pipeline->{closure:{closure:Illuminate/Pipeline/Pipeline::carry():194}:195}(Object(Illuminate/Http/Request))
#34 C:/laragon/www/16Hanynur/vendor/laravel/framework/src/Illuminate/Foundation/Http/Kernel.php(175): Illuminate/Pipeline/Pipeline->then(Object(Closure))
#35 C:/laragon/www/16Hanynur/vendor/laravel/framework/src/Illuminate/Foundation/Http/Kernel.php(144): Illuminate/Foundation/Http/Kernel->sendRequestThroughRouter(Object(Illuminate/Http/Request))
#36 C:/laragon/www/16Hanynur/vendor/laravel/framework/src/Illuminate/Foundation/Application.php(1227): Illuminate/Foundation/Http/Kernel->handle(Object(Illuminate/Http/Request))
#37 C:/laragon/www/16Hanynur/public/index.php(20): Illuminate/Foundation/Application->handleRequest(Object(Illuminate/Http/Request))
#38 C:/laragon/www/16Hanynur/vendor/laravel/framework/src/Illuminate/Foundation/resources/server.php(23): require_once('C://laragon//www//...')
#39 {main}
"} 
[2026-09-24 03:35:03] local.ERROR: Target class [App\Http\Controllers\API\V1\UserController] does not exist. {"exception":"[object] (Illuminate\\Contracts\\Container\\BindingResolutionException(code: 0): Target class [App\\Http\\Controllers\\API\\V1\\UserController] does not exist. at C:/laragon/www/16Hanynur/vendor/laravel/framework/src/Illuminate/Container/Container.php:1149)
[stacktrace]
#0 C:/laragon/www/16Hanynur/vendor/laravel/framework/src/Illuminate/Container/Container.php(939): Illuminate/Container/Container->build('App//Http//Contro...')
#1 C:/laragon/www/16Hanynur/vendor/laravel/framework/src/Illuminate/Foundation/Application.php(1085): Illuminate/Container/Container->resolve('App//Http//Contro...', Array, true)
#2 C:/laragon/www/16Hanynur/vendor/laravel/framework/src/Illuminate/Container/Container.php(867): Illuminate/Foundation/Application->resolve('App//Http//Contro...', Array)
#3 C:/laragon/www/16Hanynur/vendor/laravel/framework/src/Illuminate/Foundation/Application.php(1065): Illuminate/Container/Container->make('App//Http//Contro...', Array)
#4 C:/laragon/www/16Hanynur/vendor/laravel/framework/src/Illuminate/Routing/Route.php(297): Illuminate/Foundation/Application->make('App//Http//Contro...')
#5 C:/laragon/www/16Hanynur/vendor/laravel/framework/src/Illuminate/Routing/Route.php(277): Illuminate/Routing/Route->getController()
#6 C:/laragon/www/16Hanynur/vendor/laravel/framework/src/Illuminate/Routing/Route.php(216): Illuminate/Routing/Route->runController()
#7 C:/laragon/www/16Hanynur/vendor/laravel/framework/src/Illuminate/Routing/Router.php(822): Illuminate/Routing/Route->run()
#8 C:/laragon/www/16Hanynur/vendor/laravel/framework/src/Illuminate/Pipeline/Pipeline.php(180): Illuminate/Routing/Router->{closure:Illuminate/Routing/Router::runRouteWithinStack():821}(Object(Illuminate/Http/Request))
#9 C:/laragon/www/16Hanynur/vendor/laravel/framework/src/Illuminate/Routing/Middleware/SubstituteBindings.php(52): Illuminate/Pipeline/Pipeline->{closure:Illuminate/Pipeline/Pipeline::prepareDestination():178}(Object(Illuminate/Http/Request))
#10 C:/laragon/www/16Hanynur/vendor/laravel/framework/src/Illuminate/Pipeline/Pipeline.php(219): Illuminate/Routing/Middleware/SubstituteBindings->handle(Object(Illuminate/Http/Request), Object(Closure))
#11 C:/laragon/www/16Hanynur/vendor/laravel/framework/src/Illuminate/Pipeline/Pipeline.php(137): Illuminate/Pipeline/Pipeline->{closure:{closure:Illuminate/Pipeline/Pipeline::carry():194}:195}(Object(Illuminate/Http/Request))
#12 C:/laragon/www/16Hanynur/vendor/laravel/framework/src/Illuminate/Routing/Router.php(821): Illuminate/Pipeline/Pipeline->then(Object(Closure))
#13 C:/laragon/www/16Hanynur/vendor/laravel/framework/src/Illuminate/Routing/Router.php(800): Illuminate/Routing/Router->runRouteWithinStack(Object(Illuminate/Routing/Route), Object(Illuminate/Http/Request))
#14 C:/laragon/www/16Hanynur/vendor/laravel/framework/src/Illuminate/Routing/Router.php(764): Illuminate/Routing/Router->runRoute(Object(Illuminate/Http/Request), Object(Illuminate/Routing/Route))
#15 C:/laragon/www/16Hanynur/vendor/laravel/framework/src/Illuminate/Routing/Router.php(753): Illuminate/Routing/Router->dispatchToRoute(Object(Illuminate/Http/Request))
#16 C:/laragon/www/16Hanynur/vendor/laravel/framework/src/Illuminate/Foundation/Http/Kernel.php(200): Illuminate/Routing/Router->dispatch(Object(Illuminate/Http/Request))
#17 C:/laragon/www/16Hanynur/vendor/laravel/framework/src/Illuminate/Pipeline/Pipeline.php(180): Illuminate/Foundation/Http/Kernel->{closure:Illuminate/Foundation/Http/Kernel::dispatchToRouter():197}(Object(Illuminate/Http/Request))
#18 C:/laragon/www/16Hanynur/vendor/laravel/framework/src/Illuminate/Foundation/Http/Middleware/TransformsRequest.php(21): Illuminate/Pipeline/Pipeline->{closure:Illuminate/Pipeline/Pipeline::prepareDestination():178}(Object(Illuminate/Http/Request))
#19 C:/laragon/www/16Hanynur/vendor/laravel/framework/src/Illuminate/Foundation/Http/Middleware/ConvertEmptyStringsToNull.php(31): Illuminate/Foundation/Http/Middleware/TransformsRequest->handle(Object(Illuminate/Http/Request), Object(Closure))
#20 C:/laragon/www/16Hanynur/vendor/laravel/framework/src/Illuminate/Pipeline/Pipeline.php(219): Illuminate/Foundation/Http/Middleware/ConvertEmptyStringsToNull->handle(Object(Illuminate/Http/Request), Object(Closure))
#21 C:/laragon/www/16Hanynur/vendor/laravel/framework/src/Illuminate/Foundation/Http/Middleware/TransformsRequest.php(21): Illuminate/Pipeline/Pipeline->{closure:{closure:Illuminate/Pipeline/Pipeline::carry():194}:195}(Object(Illuminate/Http/Request))
#22 C:/laragon/www/16Hanynur/vendor/laravel/framework/src/Illuminate/Foundation/Http/Middleware/TrimStrings.php(51): Illuminate/Foundation/Http/Middleware/TransformsRequest->handle(Object(Illuminate/Http/Request), Object(Closure))
#23 C:/laragon/www/16Hanynur/vendor/laravel/framework/src/Illuminate/Pipeline/Pipeline.php(219): Illuminate/Foundation/Http/Middleware/TrimStrings->handle(Object(Illuminate/Http/Request), Object(Closure))
#24 C:/laragon/www/16Hanynur/vendor/laravel/framework/src/Illuminate/Http/Middleware/ValidatePostSize.php(27): Illuminate/Pipeline/Pipeline->{closure:{closure:Illuminate/Pipeline/Pipeline::carry():194}:195}(Object(Illuminate/Http/Request))
#25 C:/laragon/www/16Hanynur/vendor/laravel/framework/src/Illuminate/Pipeline/Pipeline.php(219): Illuminate/Http/Middleware/ValidatePostSize->handle(Object(Illuminate/Http/Request), Object(Closure))
#26 C:/laragon/www/16Hanynur/vendor/laravel/framework/src/Illuminate/Foundation/Http/Middleware/PreventRequestsDuringMaintenance.php(110): Illuminate/Pipeline/Pipeline->{closure:{closure:Illuminate/Pipeline/Pipeline::carry():194}:195}(Object(Illuminate/Http/Request))
#27 C:/laragon/www/16Hanynur/vendor/laravel/framework/src/Illuminate/Pipeline/Pipeline.php(219): Illuminate/Foundation/Http/Middleware/PreventRequestsDuringMaintenance->handle(Object(Illuminate/Http/Request), Object(Closure))
#28 C:/laragon/www/16Hanynur/vendor/laravel/framework/src/Illuminate/Http/Middleware/HandleCors.php(74): Illuminate/Pipeline/Pipeline->{closure:{closure:Illuminate/Pipeline/Pipeline::carry():194}:195}(Object(Illuminate/Http/Request))
#29 C:/laragon/www/16Hanynur/vendor/laravel/framework/src/Illuminate/Pipeline/Pipeline.php(219): Illuminate/Http/Middleware/HandleCors->handle(Object(Illuminate/Http/Request), Object(Closure))
#30 C:/laragon/www/16Hanynur/vendor/laravel/framework/src/Illuminate/Http/Middleware/TrustProxies.php(58): Illuminate/Pipeline/Pipeline->{closure:{closure:Illuminate/Pipeline/Pipeline::carry():194}:195}(Object(Illuminate/Http/Request))
#31 C:/laragon/www/16Hanynur/vendor/laravel/framework/src/Illuminate/Pipeline/Pipeline.php(219): Illuminate/Http/Middleware/TrustProxies->handle(Object(Illuminate/Http/Request), Object(Closure))
#32 C:/laragon/www/16Hanynur/vendor/laravel/framework/src/Illuminate/Foundation/Http/Middleware/InvokeDeferredCallbacks.php(22): Illuminate/Pipeline/Pipeline->{closure:{closure:Illuminate/Pipeline/Pipeline::carry():194}:195}(Object(Illuminate/Http/Request))
#33 C:/laragon/www/16Hanynur/vendor/laravel/framework/src/Illuminate/Pipeline/Pipeline.php(219): Illuminate/Foundation/Http/Middleware/InvokeDeferredCallbacks->handle(Object(Illuminate/Http/Request), Object(Closure))
#34 C:/laragon/www/16Hanynur/vendor/laravel/framework/src/Illuminate/Http/Middleware/ValidatePathEncoding.php(28): Illuminate/Pipeline/Pipeline->{closure:{closure:Illuminate/Pipeline/Pipeline::carry():194}:195}(Object(Illuminate/Http/Request))
#35 C:/laragon/www/16Hanynur/vendor/laravel/framework/src/Illuminate/Pipeline/Pipeline.php(219): Illuminate/Http/Middleware/ValidatePathEncoding->handle(Object(Illuminate/Http/Request), Object(Closure))
#36 C:/laragon/www/16Hanynur/vendor/laravel/framework/src/Illuminate/Pipeline/Pipeline.php(137): Illuminate/Pipeline/Pipeline->{closure:{closure:Illuminate/Pipeline/Pipeline::carry():194}:195}(Object(Illuminate/Http/Request))
#37 C:/laragon/www/16Hanynur/vendor/laravel/framework/src/Illuminate/Foundation/Http/Kernel.php(175): Illuminate/Pipeline/Pipeline->then(Object(Closure))
#38 C:/laragon/www/16Hanynur/vendor/laravel/framework/src/Illuminate/Foundation/Http/Kernel.php(144): Illuminate/Foundation/Http/Kernel->sendRequestThroughRouter(Object(Illuminate/Http/Request))
#39 C:/laragon/www/16Hanynur/vendor/laravel/framework/src/Illuminate/Foundation/Application.php(1227): Illuminate/Foundation/Http/Kernel->handle(Object(Illuminate/Http/Request))
#40 C:/laragon/www/16Hanynur/public/index.php(20): Illuminate/Foundation/Application->handleRequest(Object(Illuminate/Http/Request))
#41 C:/laragon/www/16Hanynur/vendor/laravel/framework/src/Illuminate/Foundation/resources/server.php(23): require_once('C://laragon//www//...')
#42 {main}

[previous exception] [object] (ReflectionException(code: -1): Class \"App\\Http\\Controllers\\API\\V1\\UserController\" does not exist at C:/laragon/www/16Hanynur/vendor/laravel/framework/src/Illuminate/Container/Container.php:1147)
[stacktrace]
#0 C:/laragon/www/16Hanynur/vendor/laravel/framework/src/Illuminate/Container/Container.php(1147): ReflectionClass->__construct('App//Http//Contro...')
#1 C:/laragon/www/16Hanynur/vendor/laravel/framework/src/Illuminate/Container/Container.php(939): Illuminate/Container/Container->build('App//Http//Contro...')
#2 C:/laragon/www/16Hanynur/vendor/laravel/framework/src/Illuminate/Foundation/Application.php(1085): Illuminate/Container/Container->resolve('App//Http//Contro...', Array, true)
#3 C:/laragon/www/16Hanynur/vendor/laravel/framework/src/Illuminate/Container/Container.php(867): Illuminate/Foundation/Application->resolve('App//Http//Contro...', Array)
#4 C:/laragon/www/16Hanynur/vendor/laravel/framework/src/Illuminate/Foundation/Application.php(1065): Illuminate/Container/Container->make('App//Http//Contro...', Array)
#5 C:/laragon/www/16Hanynur/vendor/laravel/framework/src/Illuminate/Routing/Route.php(297): Illuminate/Foundation/Application->make('App//Http//Contro...')
#6 C:/laragon/www/16Hanynur/vendor/laravel/framework/src/Illuminate/Routing/Route.php(277): Illuminate/Routing/Route->getController()
#7 C:/laragon/www/16Hanynur/vendor/laravel/framework/src/Illuminate/Routing/Route.php(216): Illuminate/Routing/Route->runController()
#8 C:/laragon/www/16Hanynur/vendor/laravel/framework/src/Illuminate/Routing/Router.php(822): Illuminate/Routing/Route->run()
#9 C:/laragon/www/16Hanynur/vendor/laravel/framework/src/Illuminate/Pipeline/Pipeline.php(180): Illuminate/Routing/Router->{closure:Illuminate/Routing/Router::runRouteWithinStack():821}(Object(Illuminate/Http/Request))
#10 C:/laragon/www/16Hanynur/vendor/laravel/framework/src/Illuminate/Routing/Middleware/SubstituteBindings.php(52): Illuminate/Pipeline/Pipeline->{closure:Illuminate/Pipeline/Pipeline::prepareDestination():178}(Object(Illuminate/Http/Request))
#11 C:/laragon/www/16Hanynur/vendor/laravel/framework/src/Illuminate/Pipeline/Pipeline.php(219): Illuminate/Routing/Middleware/SubstituteBindings->handle(Object(Illuminate/Http/Request), Object(Closure))
#12 C:/laragon/www/16Hanynur/vendor/laravel/framework/src/Illuminate/Pipeline/Pipeline.php(137): Illuminate/Pipeline/Pipeline->{closure:{closure:Illuminate/Pipeline/Pipeline::carry():194}:195}(Object(Illuminate/Http/Request))
#13 C:/laragon/www/16Hanynur/vendor/laravel/framework/src/Illuminate/Routing/Router.php(821): Illuminate/Pipeline/Pipeline->then(Object(Closure))
#14 C:/laragon/www/16Hanynur/vendor/laravel/framework/src/Illuminate/Routing/Router.php(800): Illuminate/Routing/Router->runRouteWithinStack(Object(Illuminate/Routing/Route), Object(Illuminate/Http/Request))
#15 C:/laragon/www/16Hanynur/vendor/laravel/framework/src/Illuminate/Routing/Router.php(764): Illuminate/Routing/Router->runRoute(Object(Illuminate/Http/Request), Object(Illuminate/Routing/Route))
#16 C:/laragon/www/16Hanynur/vendor/laravel/framework/src/Illuminate/Routing/Router.php(753): Illuminate/Routing/Router->dispatchToRoute(Object(Illuminate/Http/Request))
#17 C:/laragon/www/16Hanynur/vendor/laravel/framework/src/Illuminate/Foundation/Http/Kernel.php(200): Illuminate/Routing/Router->dispatch(Object(Illuminate/Http/Request))
#18 C:/laragon/www/16Hanynur/vendor/laravel/framework/src/Illuminate/Pipeline/Pipeline.php(180): Illuminate/Foundation/Http/Kernel->{closure:Illuminate/Foundation/Http/Kernel::dispatchToRouter():197}(Object(Illuminate/Http/Request))
#19 C:/laragon/www/16Hanynur/vendor/laravel/framework/src/Illuminate/Foundation/Http/Middleware/TransformsRequest.php(21): Illuminate/Pipeline/Pipeline->{closure:Illuminate/Pipeline/Pipeline::prepareDestination():178}(Object(Illuminate/Http/Request))
#20 C:/laragon/www/16Hanynur/vendor/laravel/framework/src/Illuminate/Foundation/Http/Middleware/ConvertEmptyStringsToNull.php(31): Illuminate/Foundation/Http/Middleware/TransformsRequest->handle(Object(Illuminate/Http/Request), Object(Closure))
#21 C:/laragon/www/16Hanynur/vendor/laravel/framework/src/Illuminate/Pipeline/Pipeline.php(219): Illuminate/Foundation/Http/Middleware/ConvertEmptyStringsToNull->handle(Object(Illuminate/Http/Request), Object(Closure))
#22 C:/laragon/www/16Hanynur/vendor/laravel/framework/src/Illuminate/Foundation/Http/Middleware/TransformsRequest.php(21): Illuminate/Pipeline/Pipeline->{closure:{closure:Illuminate/Pipeline/Pipeline::carry():194}:195}(Object(Illuminate/Http/Request))
#23 C:/laragon/www/16Hanynur/vendor/laravel/framework/src/Illuminate/Foundation/Http/Middleware/TrimStrings.php(51): Illuminate/Foundation/Http/Middleware/TransformsRequest->handle(Object(Illuminate/Http/Request), Object(Closure))
#24 C:/laragon/www/16Hanynur/vendor/laravel/framework/src/Illuminate/Pipeline/Pipeline.php(219): Illuminate/Foundation/Http/Middleware/TrimStrings->handle(Object(Illuminate/Http/Request), Object(Closure))
#25 C:/laragon/www/16Hanynur/vendor/laravel/framework/src/Illuminate/Http/Middleware/ValidatePostSize.php(27): Illuminate/Pipeline/Pipeline->{closure:{closure:Illuminate/Pipeline/Pipeline::carry():194}:195}(Object(Illuminate/Http/Request))
#26 C:/laragon/www/16Hanynur/vendor/laravel/framework/src/Illuminate/Pipeline/Pipeline.php(219): Illuminate/Http/Middleware/ValidatePostSize->handle(Object(Illuminate/Http/Request), Object(Closure))
#27 C:/laragon/www/16Hanynur/vendor/laravel/framework/src/Illuminate/Foundation/Http/Middleware/PreventRequestsDuringMaintenance.php(110): Illuminate/Pipeline/Pipeline->{closure:{closure:Illuminate/Pipeline/Pipeline::carry():194}:195}(Object(Illuminate/Http/Request))
#28 C:/laragon/www/16Hanynur/vendor/laravel/framework/src/Illuminate/Pipeline/Pipeline.php(219): Illuminate/Foundation/Http/Middleware/PreventRequestsDuringMaintenance->handle(Object(Illuminate/Http/Request), Object(Closure))
#29 C:/laragon/www/16Hanynur/vendor/laravel/framework/src/Illuminate/Http/Middleware/HandleCors.php(74): Illuminate/Pipeline/Pipeline->{closure:{closure:Illuminate/Pipeline/Pipeline::carry():194}:195}(Object(Illuminate/Http/Request))
#30 C:/laragon/www/16Hanynur/vendor/laravel/framework/src/Illuminate/Pipeline/Pipeline.php(219): Illuminate/Http/Middleware/HandleCors->handle(Object(Illuminate/Http/Request), Object(Closure))
#31 C:/laragon/www/16Hanynur/vendor/laravel/framework/src/Illuminate/Http/Middleware/TrustProxies.php(58): Illuminate/Pipeline/Pipeline->{closure:{closure:Illuminate/Pipeline/Pipeline::carry():194}:195}(Object(Illuminate/Http/Request))
#32 C:/laragon/www/16Hanynur/vendor/laravel/framework/src/Illuminate/Pipeline/Pipeline.php(219): Illuminate/Http/Middleware/TrustProxies->handle(Object(Illuminate/Http/Request), Object(Closure))
#33 C:/laragon/www/16Hanynur/vendor/laravel/framework/src/Illuminate/Foundation/Http/Middleware/InvokeDeferredCallbacks.php(22): Illuminate/Pipeline/Pipeline->{closure:{closure:Illuminate/Pipeline/Pipeline::carry():194}:195}(Object(Illuminate/Http/Request))
#34 C:/laragon/www/16Hanynur/vendor/laravel/framework/src/Illuminate/Pipeline/Pipeline.php(219): Illuminate/Foundation/Http/Middleware/InvokeDeferredCallbacks->handle(Object(Illuminate/Http/Request), Object(Closure))
#35 C:/laragon/www/16Hanynur/vendor/laravel/framework/src/Illuminate/Http/Middleware/ValidatePathEncoding.php(28): Illuminate/Pipeline/Pipeline->{closure:{closure:Illuminate/Pipeline/Pipeline::carry():194}:195}(Object(Illuminate/Http/Request))
#36 C:/laragon/www/16Hanynur/vendor/laravel/framework/src/Illuminate/Pipeline/Pipeline.php(219): Illuminate/Http/Middleware/ValidatePathEncoding->handle(Object(Illuminate/Http/Request), Object(Closure))
#37 C:/laragon/www/16Hanynur/vendor/laravel/framework/src/Illuminate/Pipeline/Pipeline.php(137): Illuminate/Pipeline/Pipeline->{closure:{closure:Illuminate/Pipeline/Pipeline::carry():194}:195}(Object(Illuminate/Http/Request))
#38 C:/laragon/www/16Hanynur/vendor/laravel/framework/src/Illuminate/Foundation/Http/Kernel.php(175): Illuminate/Pipeline/Pipeline->then(Object(Closure))
#39 C:/laragon/www/16Hanynur/vendor/laravel/framework/src/Illuminate/Foundation/Http/Kernel.php(144): Illuminate/Foundation/Http/Kernel->sendRequestThroughRouter(Object(Illuminate/Http/Request))
#40 C:/laragon/www/16Hanynur/vendor/laravel/framework/src/Illuminate/Foundation/Application.php(1227): Illuminate/Foundation/Http/Kernel->handle(Object(Illuminate/Http/Request))
#41 C:/laragon/www/16Hanynur/public/index.php(20): Illuminate/Foundation/Application->handleRequest(Object(Illuminate/Http/Request))
#42 C:/laragon/www/16Hanynur/vendor/laravel/framework/src/Illuminate/Foundation/resources/server.php(23): require_once('C://laragon//www//...')
#43 {main}
"} 
